0,3.72,0.56,-0.24
1,3.72,0.54,-0.6566666666666666
2,3.7,0.5,-0.86
3,3.71,0.47,-0.88
4,3.71,0.47,-0.8833333333333333
5,3.71,0.46,-0.8366666666666667
6,3.7,0.45,-0.9133333333333332
7,3.69,0.45,-0.9033333333333332
8,3.69,0.45,-0.9366666666666666
9,3.69,0.44,-1.01
10,3.69,0.44,-0.9833333333333332
11,3.68,0.43,-1.0166666666666666
12,3.69,0.43,-1.0
13,3.69,0.44,-1.01
14,3.69,0.44,-1.0166666666666666
15,3.69,0.44,-1.0366666666666666
16,3.68,0.44,-1.02
17,3.68,0.45,-1.01
18,3.67,0.45,-1.0166666666666666
19,3.67,0.45,-1.01
20,3.66,0.45,-1.0066666666666666
21,3.66,0.45,-1.0033333333333334
22,3.66,0.45,-0.9966666666666668
23,3.66,0.45,-0.9966666666666668
24,3.65,0.45,-0.97
25,3.65,0.45,-0.9566666666666668
26,3.65,0.45,-0.9366666666666666
27,3.65,0.45,-0.92
28,3.65,0.45,-0.8666666666666667
29,3.65,0.45,-0.86
30,3.65,0.45,-0.8733333333333333
31,3.65,0.45,-0.88
32,3.65,0.45,-0.8733333333333333
33,3.65,0.45,-0.8666666666666667
34,3.65,0.45,-0.88
35,3.65,0.46,-0.8833333333333333
36,3.65,0.46,-0.9166666666666666
37,3.65,0.46,-1.0033333333333334
38,3.64,0.46,-1.1
39,3.64,0.46,-1.1333333333333333
40,3.64,0.46,-1.1566666666666667
41,3.64,0.46,-1.1266666666666667
42,3.64,0.46,-1.106666666666667
43,3.64,0.46,-1.1033333333333333
44,3.64,0.45,-1.1266666666666667
45,3.64,0.45,-1.1366666666666667
46,3.64,0.45,-1.1166666666666667
47,3.64,0.44,-1.0766666666666669
48,3.64,0.44,-1.09
49,3.64,0.44,-1.0066666666666666
50,3.64,0.44,-1.0166666666666666
51,3.64,0.43,-1.0233333333333334
52,3.64,0.43,-1.0033333333333334
53,3.64,0.43,-0.9533333333333334
54,3.63,0.43,-0.83
55,3.63,0.43,-0.8
56,3.62,0.44,-0.8133333333333334
57,3.62,0.45,-0.8133333333333334
58,3.62,0.45,-0.8666666666666667
59,3.62,0.45,-0.9333333333333332
60,3.63,0.46,-0.9333333333333332
61,3.63,0.46,-0.98
62,3.63,0.45,-0.9566666666666668
63,3.63,0.46,-0.8933333333333333
64,3.63,0.46,-0.8966666666666666
65,3.64,0.47,-0.8233333333333334
66,3.64,0.47,-0.7733333333333333
67,3.64,0.48,-0.7833333333333333
68,3.64,0.48,-0.8066666666666666
69,3.64,0.49,-0.8033333333333333
70,3.64,0.49,-0.79
71,3.64,0.49,-0.7633333333333333
72,3.64,0.49,-0.7266666666666667
73,3.64,0.49,-0.67
74,3.64,0.49,-0.6233333333333333
75,3.64,0.49,-0.64
76,3.64,0.49,-0.6633333333333333
77,3.64,0.49,-0.6733333333333333
78,3.64,0.49,-0.6766666666666666
79,3.64,0.49,-0.68
80,3.64,0.48,-0.67
81,3.64,0.48,-0.64
82,3.64,0.48,-0.6
83,3.64,0.48,-0.5566666666666666
84,3.64,0.48,-0.5266666666666666
85,3.64,0.48,-0.5566666666666666
86,3.64,0.48,-0.5433333333333333
87,3.64,0.48,-0.45
88,3.64,0.48,-0.3333333333333333
89,3.64,0.48,-0.1666666666666666
90,3.64,0.48,-0.11
91,3.64,0.48,-0.09
92,3.64,0.48,-0.07
93,3.64,0.48,-0.05
94,3.64,0.48,0.02
95,3.64,0.48,0.0566666666666666
96,3.63,0.48,0.1866666666666666
97,3.63,0.48,0.27
98,3.63,0.48,0.1633333333333333
99,3.63,0.47,0.15
100,3.63,0.47,-0.0366666666666666
101,3.63,0.46,-0.0066666666666666
102,3.63,0.46,0.05
103,3.63,0.46,-0.0666666666666666
104,3.63,0.46,-0.1233333333333333
105,3.63,0.46,-0.1933333333333333
106,3.63,0.45,-0.2066666666666666
107,3.62,0.45,-0.2233333333333333
108,3.62,0.45,-0.36
109,3.62,0.45,-0.4033333333333333
110,3.62,0.45,-0.58
111,3.62,0.45,-0.5866666666666667
112,3.62,0.45,-0.58
113,3.62,0.45,-0.59
114,3.62,0.45,-0.57
115,3.61,0.45,-0.5366666666666666
116,3.61,0.45,-0.5066666666666667
117,3.61,0.44,-0.5
118,3.61,0.44,-0.5866666666666667
119,3.61,0.44,-0.5566666666666666
120,3.61,0.44,-0.66
121,3.61,0.44,-0.7433333333333333
122,3.61,0.44,-0.7533333333333333
123,3.61,0.44,-0.75
124,3.61,0.44,-0.74
125,3.61,0.44,-0.76
126,3.61,0.45,-0.7466666666666667
127,3.61,0.45,-0.7333333333333333
128,3.6,0.44,-0.8466666666666667
129,3.6,0.43,-0.8866666666666667
130,3.58,0.43,-0.93
131,3.57,0.43,-1.02
132,3.56,0.44,-1.0333333333333334
133,3.55,0.44,-0.9933333333333332
134,3.53,0.46,-1.01
135,3.52,0.49,-0.98
136,3.51,0.49,-0.9833333333333332
137,3.5,0.5,-0.9733333333333334
138,3.5,0.5,-0.9666666666666668
139,3.5,0.51,-0.9666666666666668
140,3.5,0.52,-0.96
141,3.5,0.53,-0.96
142,3.5,0.53,-0.9566666666666668
143,3.5,0.53,-0.9366666666666666
144,3.5,0.52,-0.92
145,3.5,0.51,-0.8866666666666667
146,3.5,0.5,-0.8866666666666667
147,3.5,0.49,-0.9033333333333332
148,3.5,0.48,-0.9133333333333332
149,3.5,0.48,-0.8566666666666667
150,3.51,0.47,-0.7733333333333333
151,3.52,0.46,-0.6333333333333333
152,3.52,0.45,-0.64
153,3.53,0.44,-0.6433333333333333
154,3.54,0.43,-0.5733333333333334
155,3.54,0.43,-0.5066666666666667
156,3.54,0.43,-0.2933333333333333
157,3.55,0.43,-0.1766666666666666
158,3.57,0.43,-0.1966666666666666
159,3.58,0.43,-0.14
160,3.58,0.43,-0.1866666666666666
161,3.58,0.43,-0.1633333333333333
162,3.59,0.43,-0.1233333333333333
163,3.59,0.43,-0.2
164,3.58,0.43,-0.2433333333333333
165,3.58,0.43,-0.2233333333333333
166,3.58,0.43,-0.3233333333333333
167,3.59,0.43,-0.35
168,3.6,0.43,-0.3466666666666667
169,3.6,0.43,-0.3566666666666667
170,3.6,0.43,-0.3533333333333333
171,3.6,0.43,-0.3733333333333333
172,3.6,0.43,-0.3933333333333333
173,3.59,0.43,-0.3833333333333333
174,3.59,0.43,-0.2866666666666667
175,3.59,0.43,-0.28
176,3.58,0.44,-0.2566666666666666
177,3.58,0.45,-0.2733333333333333
178,3.58,0.46,-0.2733333333333333
179,3.58,0.47,-0.2366666666666666
180,3.58,0.47,-0.13
181,3.58,0.47,-0.1766666666666666
182,3.58,0.47,-0.1766666666666666
183,3.58,0.47,-0.1966666666666666
184,3.57,0.47,-0.2366666666666666
185,3.57,0.47,-0.38
186,3.57,0.47,-0.4433333333333333
187,3.57,0.48,-0.4633333333333333
188,3.56,0.48,-0.5166666666666667
189,3.56,0.48,-0.4766666666666667
190,3.56,0.48,-0.46
191,3.56,0.48,-0.4866666666666667
192,3.55,0.48,-0.5433333333333333
193,3.55,0.48,-0.55
194,3.55,0.48,-0.5566666666666666
195,3.54,0.48,-0.5333333333333333
196,3.54,0.48,-0.55
197,3.53,0.48,-0.54
198,3.53,0.48,-0.56
199,3.53,0.48,-0.42
200,3.53,0.48,-0.3266666666666666
201,3.53,0.48,-0.36
202,3.53,0.47,-0.3766666666666666
203,3.53,0.47,-0.3866666666666666
204,3.53,0.47,-0.4033333333333333
205,3.53,0.47,-0.43
206,3.53,0.47,-0.4333333333333333
207,3.53,0.47,-0.4333333333333333
208,3.53,0.47,-0.4433333333333333
209,3.53,0.47,-0.4466666666666666
210,3.53,0.47,-0.4433333333333333
211,3.53,0.47,-0.49
212,3.53,0.47,-0.49
213,3.52,0.47,-0.53
214,3.52,0.47,-0.5166666666666667
215,3.52,0.47,-0.5133333333333333
216,3.51,0.47,-0.52
217,3.51,0.47,-0.5266666666666666
218,3.51,0.47,-0.59
219,3.51,0.47,-0.64
220,3.51,0.47,-0.62
221,3.51,0.47,-0.6166666666666667
222,3.51,0.48,-0.4666666666666667
223,3.51,0.48,-0.6966666666666667
224,3.51,0.49,-0.79
225,3.51,0.49,-0.8066666666666666
226,3.52,0.5,-0.84
227,3.53,0.5,-0.8333333333333334
228,3.53,0.49,-0.8066666666666666
229,3.55,0.5,-0.79
230,3.56,0.49,-0.8833333333333333
231,3.56,0.49,-0.9366666666666666
232,3.56,0.49,-0.93
233,3.57,0.49,-1.0166666666666666
234,3.58,0.49,-0.9833333333333332
235,3.58,0.49,-1.0633333333333332
236,3.61,0.51,-1.1033333333333333
237,3.64,0.53,-1.106666666666667
238,3.65,0.56,-1.1466666666666667
239,3.65,0.58,-1.1966666666666668
240,3.66,0.6,-1.2233333333333334
241,3.66,0.6,-1.1733333333333331
242,3.67,0.6,-1.1466666666666667
243,3.7,0.59,-1.096666666666667
244,3.74,0.6,-0.9266666666666666
245,3.77,0.6,-0.9066666666666666
246,3.78,0.61,-0.8166666666666667
247,3.77,0.61,-0.8833333333333333
248,3.77,0.61,-0.8733333333333333
249,3.77,0.61,-0.8933333333333333
250,3.76,0.6,-0.9433333333333334
251,3.76,0.59,-1.01
252,3.76,0.58,-1.04
253,3.76,0.57,-1.07
254,3.76,0.57,-1.0533333333333332
255,3.76,0.58,-1.0266666666666666
256,3.76,0.58,-1.0166666666666666
257,3.75,0.58,-1.04
258,3.75,0.58,-1.0333333333333334
259,3.75,0.58,-1.02
260,3.75,0.58,-1.02
261,3.74,0.59,-1.02
262,3.74,0.59,-1.0233333333333334
263,3.74,0.59,-1.06
264,3.74,0.59,-1.07
265,3.74,0.6,-1.0166666666666666
266,3.73,0.6,-1.0566666666666666
267,3.73,0.6,-1.06
268,3.73,0.6,-1.0566666666666666
269,3.73,0.61,-0.96
270,3.72,0.61,-0.91
271,3.73,0.61,-0.8566666666666667
272,3.73,0.61,-0.89
273,3.71,0.59,-0.88
274,3.7,0.58,-1.0166666666666666
275,3.7,0.58,-0.73
276,3.7,0.58,-0.58
277,3.69,0.58,-0.3833333333333333
278,3.69,0.58,-0.1766666666666666
279,3.69,0.57,-0.1233333333333333
280,3.68,0.57,-0.19
281,3.66,0.55,-0.3433333333333333
282,3.65,0.54,-0.2233333333333333
283,3.64,0.54,-0.1733333333333333
284,3.64,0.54,-0.2533333333333333
285,3.64,0.54,-0.3266666666666666
286,3.63,0.54,-0.4833333333333333
287,3.63,0.54,-0.51
288,3.62,0.54,-0.6366666666666667
289,3.61,0.53,-0.7166666666666667
290,3.6,0.53,-0.73
291,3.6,0.52,-0.6566666666666666
292,3.6,0.52,-0.7133333333333334
293,3.6,0.53,-0.5733333333333334
294,3.6,0.52,-0.53
295,3.59,0.52,-0.4833333333333333
296,3.58,0.52,-0.5
297,3.58,0.52,-0.5
298,3.57,0.52,-0.5033333333333333
299,3.57,0.52,-0.53
300,3.57,0.52,-0.5833333333333334
301,3.57,0.52,-0.5766666666666667
302,3.57,0.52,-0.5433333333333333
303,3.57,0.52,-0.4733333333333333
304,3.57,0.52,-0.4833333333333333
305,3.57,0.52,-0.5
306,3.57,0.52,-0.4933333333333333
307,3.57,0.52,-0.5233333333333333
308,3.57,0.51,-0.5766666666666667
309,3.57,0.51,-0.5933333333333334
310,3.57,0.51,-0.6066666666666667
311,3.57,0.51,-0.5966666666666667
312,3.57,0.51,-0.5933333333333334
313,3.57,0.51,-0.5833333333333334
314,3.57,0.51,-0.5833333333333334
315,3.57,0.51,-0.6166666666666667
316,3.57,0.51,-0.62
317,3.57,0.51,-0.6166666666666667
318,3.57,0.5,-0.6033333333333334
319,3.57,0.5,-0.6033333333333334
320,3.57,0.5,-0.6033333333333334
321,3.57,0.5,-0.6
322,3.57,0.5,-0.5966666666666667
323,3.57,0.5,-0.6133333333333333
324,3.57,0.5,-0.61
325,3.57,0.5,-0.61
326,3.56,0.49,-0.61
327,3.56,0.49,-0.5533333333333333
328,3.56,0.49,-0.5566666666666666
329,3.56,0.49,-0.56
330,3.56,0.49,-0.5566666666666666
331,3.56,0.49,-0.56
332,3.56,0.49,-0.5433333333333333
333,3.56,0.49,-0.5466666666666666
334,3.56,0.49,-0.54
335,3.56,0.49,-0.5833333333333334
336,3.56,0.49,-0.62
337,3.56,0.49,-0.6133333333333333
338,3.56,0.49,-0.8266666666666667
339,3.56,0.49,-0.8033333333333333
340,3.56,0.49,-0.82
341,3.56,0.49,-0.8033333333333333
342,3.56,0.49,-0.8033333333333333
343,3.56,0.48,-0.8266666666666667
344,3.56,0.48,-0.9133333333333332
345,3.57,0.48,-0.99
346,3.58,0.48,-0.9433333333333334
347,3.58,0.48,-1.0233333333333334
348,3.59,0.48,-1.1466666666666667
349,3.6,0.48,-1.163333333333333
350,3.6,0.48,-1.1966666666666668
351,3.6,0.48,-1.1733333333333331
352,3.6,0.48,-1.1733333333333331
353,3.6,0.49,-1.24
354,3.6,0.49,-1.3266666666666669
355,3.6,0.5,-1.2666666666666666
356,3.6,0.51,-1.1933333333333334
357,3.6,0.52,-1.1733333333333331
358,3.61,0.52,-1.1666666666666667
359,3.61,0.52,-1.18
360,3.62,0.52,-1.2066666666666668
361,3.62,0.53,-1.2533333333333334
362,3.62,0.53,-1.2333333333333334
363,3.63,0.54,-1.1833333333333331
364,3.64,0.54,-1.163333333333333
365,3.65,0.55,-1.1333333333333333
366,3.65,0.56,-1.1333333333333333
367,3.65,0.56,-1.0733333333333333
368,3.65,0.56,-0.99
369,3.65,0.57,-0.7333333333333333
370,3.65,0.57,-0.6166666666666667
371,3.65,0.57,-0.63
372,3.65,0.57,-0.39
373,3.64,0.57,-0.5266666666666666
374,3.64,0.57,-0.61
375,3.63,0.57,-0.54
376,3.62,0.56,-0.5
377,3.62,0.56,-0.5033333333333333
378,3.62,0.54,-0.5366666666666666
379,3.62,0.53,-0.4733333333333333
380,3.62,0.52,-0.4733333333333333
381,3.62,0.49,-0.5766666666666667
382,3.62,0.47,-0.5966666666666667
383,3.62,0.46,-0.5766666666666667
384,3.62,0.45,-0.57
385,3.62,0.45,-0.44
386,3.62,0.45,-0.4266666666666667
387,3.62,0.45,-0.4333333333333333
388,3.61,0.45,-0.3666666666666666
389,3.61,0.45,-0.3033333333333333
390,3.61,0.45,-0.3233333333333333
391,3.61,0.45,-0.2466666666666666
392,3.61,0.45,-0.2533333333333333
393,3.61,0.44,-0.29
394,3.61,0.44,-0.3766666666666666
395,3.61,0.44,-0.4433333333333333
396,3.61,0.44,-0.4666666666666667
397,3.61,0.44,-0.5566666666666666
398,3.61,0.44,-0.6
399,3.61,0.44,-0.6233333333333333
400,3.61,0.44,-0.6166666666666667
401,3.61,0.44,-0.6366666666666667
402,3.61,0.44,-0.6233333333333333
403,3.61,0.44,-0.63
404,3.61,0.44,-0.6366666666666667
405,3.61,0.44,-0.63
406,3.61,0.44,-0.63
407,3.61,0.44,-0.6166666666666667
408,3.61,0.44,-0.6133333333333333
409,3.61,0.44,-0.61
410,3.61,0.44,-0.5733333333333334
411,3.61,0.44,-0.5533333333333333
412,3.61,0.45,-0.5366666666666666
413,3.61,0.45,-0.5333333333333333
414,3.61,0.45,-0.5333333333333333
415,3.61,0.45,-0.5133333333333333
416,3.61,0.46,-0.4933333333333333
417,3.61,0.46,-0.3733333333333333
418,3.61,0.47,-0.4
419,3.61,0.49,-0.4466666666666666
420,3.61,0.5,-0.7866666666666666
421,3.61,0.5,-0.8333333333333334
422,3.61,0.5,-0.94
423,3.61,0.5,-0.9033333333333332
424,3.62,0.5,-0.9233333333333332
425,3.63,0.5,-1.0233333333333334
426,3.64,0.51,-1.05
427,3.65,0.52,-1.0366666666666666
428,3.65,0.53,-0.97
429,3.65,0.57,-0.9866666666666668
430,3.63,0.61,-0.9633333333333334
431,3.63,0.64,-1.1266666666666667
432,3.62,0.68,-1.2033333333333334
433,3.6,0.74,-1.3133333333333332
434,3.59,0.77,-1.31
435,3.58,0.8,-1.32
436,3.58,0.84,-1.4366666666666668
437,3.58,0.9,-1.33
438,3.59,0.96,-1.336666666666667
439,3.6,1.02,-1.3066666666666666
440,3.63,1.07,-1.29
441,3.67,1.11,-1.29
442,3.7,1.12,-1.2833333333333334
443,3.72,1.12,-1.29
444,3.73,1.15,-1.2133333333333334
445,3.74,1.15,-0.9266666666666666
446,3.75,1.15,-0.7866666666666666
447,3.76,1.14,-0.8666666666666667
448,3.77,1.14,-0.92
449,3.77,1.18,-0.9733333333333334
450,3.78,1.2,-0.91
451,3.8,1.19,-0.78
452,3.82,1.19,-0.66
453,3.82,1.18,-0.63
454,3.82,1.16,-0.7133333333333334
455,3.82,1.16,-0.7766666666666666
456,3.83,1.17,-0.9266666666666666
457,3.85,1.18,-1.01
458,3.86,1.18,-1.07
459,3.87,1.18,-1.08
460,3.87,1.18,-1.1033333333333333
461,3.87,1.18,-1.0633333333333332
462,3.87,1.13,-1.02
463,3.86,1.11,-0.9566666666666668
464,3.86,1.11,-0.9366666666666666
465,3.85,1.11,-0.9233333333333332
466,3.85,1.12,-0.9233333333333332
467,3.84,1.13,-0.9266666666666666
468,3.81,1.14,-0.93
469,3.8,1.14,-0.9466666666666668
470,3.8,1.15,-0.98
471,3.79,1.15,-0.98
472,3.79,1.15,-0.97
473,3.79,1.15,-0.97
474,3.77,1.15,-0.9966666666666668
475,3.76,1.15,-1.0233333333333334
476,3.74,1.15,-1.0233333333333334
477,3.7,1.13,-1.02
478,3.67,1.12,-0.9533333333333334
479,3.65,1.11,-0.96
480,3.62,1.09,-1.0233333333333334
481,3.6,1.09,-1.0933333333333333
482,3.56,1.06,-1.0766666666666669
483,3.52,1.03,-1.1133333333333333
484,3.51,0.98,-1.1166666666666667
485,3.49,0.95,-1.1266666666666667
486,3.47,0.92,-1.1333333333333333
487,3.47,0.89,-1.4
488,3.46,0.85,-1.39
489,3.45,0.83,-1.3166666666666669
490,3.44,0.81,-1.2233333333333334
491,3.44,0.78,-1.0233333333333334
492,3.44,0.76,-0.8033333333333333
493,3.44,0.74,-0.5633333333333334
494,3.45,0.72,-0.6366666666666667
495,3.45,0.69,-0.6766666666666666
496,3.45,0.66,-0.7433333333333333
497,3.46,0.65,-0.77
498,3.46,0.62,-0.6733333333333333
499,3.46,0.62,-0.7366666666666667
500,3.47,0.62,-0.7366666666666667
501,3.48,0.61,-0.53
502,3.48,0.58,-0.5333333333333333
503,3.48,0.58,-0.38
504,3.48,0.57,-0.1766666666666666
505,3.48,0.54,-0.1666666666666666
506,3.48,0.51,-0.2166666666666666
507,3.48,0.5,-0.38
508,3.46,0.47,-0.68
509,3.45,0.46,-0.7066666666666667
510,3.45,0.46,-0.64
511,3.45,0.46,-0.6333333333333333
512,3.45,0.47,-0.6266666666666667
513,3.45,0.47,-0.6533333333333333
514,3.44,0.47,-0.77
515,3.44,0.46,-0.79
516,3.44,0.45,-0.77
517,3.44,0.45,-0.74
518,3.43,0.44,-0.7266666666666667
519,3.43,0.44,-0.73
520,3.43,0.43,-0.7333333333333333
521,3.43,0.43,-0.7266666666666667
522,3.43,0.43,-0.7133333333333334
523,3.43,0.43,-0.71
524,3.43,0.43,-0.6766666666666666
525,3.43,0.43,-0.5933333333333334
526,3.43,0.43,-0.61
527,3.43,0.43,-0.66
528,3.42,0.43,-0.7033333333333334
529,3.42,0.43,-0.7633333333333333
530,3.41,0.42,-0.6766666666666666
531,3.41,0.42,-0.6066666666666667
532,3.41,0.42,-0.5866666666666667
533,3.41,0.42,-0.5966666666666667
534,3.41,0.42,-0.62
535,3.41,0.42,-0.64
536,3.41,0.42,-0.7033333333333334
537,3.41,0.42,-0.6966666666666667
538,3.41,0.42,-0.7
539,3.41,0.41,-0.7033333333333334
540,3.42,0.42,-0.7166666666666667
541,3.42,0.42,-0.7466666666666667
542,3.42,0.42,-0.7433333333333333
543,3.42,0.42,-0.7366666666666667
544,3.43,0.42,-0.7266666666666667
545,3.43,0.42,-0.6766666666666666
546,3.44,0.43,-0.5866666666666667
547,3.44,0.43,-0.4666666666666667
548,3.45,0.44,-0.3766666666666666
549,3.45,0.44,-0.41
550,3.45,0.44,-0.46
551,3.45,0.45,-0.4
552,3.45,0.45,-0.31
553,3.45,0.45,-0.2666666666666666
554,3.45,0.45,-0.1633333333333333
555,3.45,0.45,-0.1633333333333333
556,3.45,0.45,-0.17
557,3.45,0.45,-0.1833333333333333
558,3.44,0.45,-0.3666666666666666
559,3.42,0.45,-0.3933333333333333
560,3.4,0.45,-0.54
561,3.39,0.46,-0.6633333333333333
562,3.37,0.48,-0.56
563,3.35,0.5,-0.4633333333333333
564,3.33,0.53,-0.4766666666666667
565,3.33,0.59,-0.4733333333333333
566,3.33,0.62,-0.5333333333333333
567,3.31,0.64,-0.5533333333333333
568,3.3,0.67,-0.7333333333333333
569,3.29,0.68,-0.7533333333333333
570,3.29,0.7,-0.7366666666666667
571,3.29,0.71,-0.5533333333333333
572,3.29,0.72,-0.4833333333333333
573,3.31,0.74,-0.4833333333333333
574,3.32,0.77,-0.4066666666666667
575,3.34,0.78,-0.5166666666666667
576,3.34,0.79,-0.6633333333333333
577,3.34,0.82,-0.7833333333333333
578,3.34,0.84,-0.8
579,3.35,0.85,-0.81
580,3.35,0.85,-0.8033333333333333
581,3.35,0.84,-0.7533333333333333
582,3.35,0.84,-0.6833333333333333
583,3.35,0.84,-0.6733333333333333
584,3.35,0.84,-0.7
585,3.35,0.84,-0.7
586,3.35,0.83,-0.6966666666666667
587,3.35,0.84,-0.6833333333333333
588,3.36,0.84,-0.71
589,3.36,0.85,-0.6766666666666666
590,3.37,0.85,-0.6133333333333333
591,3.37,0.85,-0.5766666666666667
592,3.37,0.85,-0.52
593,3.37,0.85,-0.5
594,3.37,0.85,-0.5266666666666666
595,3.37,0.86,-0.53
596,3.37,0.86,-0.51
597,3.38,0.86,-0.51
598,3.38,0.86,-0.52
599,3.38,0.86,-0.4833333333333333
600,3.38,0.86,-0.49
601,3.38,0.86,-0.4666666666666667
602,3.38,0.86,-0.5233333333333333
603,3.38,0.87,-0.5233333333333333
604,3.38,0.87,-0.5833333333333334
605,3.38,0.87,-0.5633333333333334
606,3.38,0.87,-0.5166666666666667
607,3.39,0.87,-0.5
608,3.39,0.87,-0.4966666666666666
609,3.39,0.87,-0.61
610,3.39,0.87,-0.6833333333333333
611,3.39,0.87,-0.7166666666666667
612,3.39,0.87,-0.7466666666666667
613,3.39,0.87,-0.71
614,3.4,0.87,-0.64
615,3.4,0.87,-0.5333333333333333
616,3.4,0.87,-0.4866666666666667
617,3.4,0.87,-0.42
618,3.4,0.87,-0.3533333333333333
619,3.4,0.87,-0.4133333333333333
620,3.4,0.87,-0.3833333333333333
621,3.4,0.87,-0.4133333333333333
622,3.4,0.87,-0.4666666666666667
623,3.4,0.87,-0.5233333333333333
624,3.4,0.87,-0.5533333333333333
625,3.4,0.87,-0.6166666666666667
626,3.39,0.86,-0.7433333333333333
627,3.38,0.85,-0.93
628,3.38,0.83,-0.9666666666666668
629,3.38,0.83,-1.0333333333333334
630,3.38,0.83,-1.1
631,3.38,0.82,-1.15
632,3.38,0.81,-1.1466666666666667
633,3.38,0.78,-1.086666666666667
634,3.38,0.77,-1.2366666666666666
635,3.39,0.77,-1.23
636,3.4,0.77,-1.2366666666666666
637,3.4,0.77,-1.2066666666666668
638,3.41,0.76,-1.1666666666666667
639,3.41,0.74,-1.153333333333333
640,3.4,0.72,-0.97
641,3.4,0.7,-0.85
642,3.4,0.66,-0.76
643,3.39,0.64,-0.5666666666666667
644,3.39,0.63,-0.4966666666666666
645,3.39,0.63,-0.3733333333333333
646,3.4,0.62,-0.1733333333333333
647,3.42,0.62,-0.17
648,3.43,0.58,-0.2266666666666666
649,3.43,0.55,-0.2266666666666666
650,3.43,0.53,-0.3
651,3.43,0.49,-0.2666666666666666
652,3.43,0.49,-0.1066666666666666
653,3.43,0.48,-0.1666666666666666
654,3.43,0.49,-0.06
655,3.43,0.48,-0.16
656,3.43,0.48,-0.2233333333333333
657,3.42,0.46,-0.3
658,3.42,0.45,-0.3033333333333333
659,3.42,0.44,-0.3533333333333333
660,3.42,0.42,-0.3633333333333333
661,3.42,0.43,-0.3733333333333333
662,3.42,0.43,-0.59
663,3.42,0.41,-0.6166666666666667
664,3.42,0.41,-0.6233333333333333
665,3.42,0.41,-0.7766666666666666
666,3.42,0.4,-0.83
667,3.42,0.4,-0.8066666666666666
668,3.42,0.41,-0.7433333333333333
669,3.42,0.41,-0.7066666666666667
670,3.43,0.41,-0.53
671,3.43,0.41,-0.5466666666666666
672,3.43,0.4,-0.56
673,3.43,0.4,-0.5
674,3.43,0.39,-0.43
675,3.43,0.39,-0.4533333333333333
676,3.43,0.39,-0.44
677,3.43,0.39,-0.4933333333333333
678,3.42,0.39,-0.4866666666666667
679,3.42,0.39,-0.4666666666666667
680,3.42,0.39,-0.5266666666666666
681,3.42,0.39,-0.53
682,3.42,0.39,-0.5133333333333333
683,3.42,0.39,-0.5066666666666667
684,3.42,0.38,-0.56
685,3.41,0.38,-0.6033333333333334
686,3.41,0.38,-0.59
687,3.41,0.38,-0.5133333333333333
688,3.42,0.38,-0.4966666666666666
689,3.42,0.38,-0.4566666666666666
690,3.42,0.39,-0.3733333333333333
691,3.42,0.4,-0.3733333333333333
692,3.42,0.4,-0.3966666666666666
693,3.42,0.41,-0.3833333333333333
694,3.42,0.41,-0.3566666666666667
695,3.42,0.42,-0.3633333333333333
696,3.42,0.43,-0.34
697,3.42,0.44,-0.3533333333333333
698,3.42,0.45,-0.36
699,3.42,0.45,-0.4233333333333333
700,3.42,0.46,-0.4333333333333333
701,3.42,0.46,-0.5333333333333333
702,3.42,0.46,-0.7433333333333333
703,3.43,0.46,-0.6733333333333333
704,3.44,0.46,-0.6833333333333333
705,3.44,0.46,-0.6366666666666667
706,3.44,0.46,-0.6166666666666667
707,3.44,0.45,-0.87
708,3.44,0.45,-0.8633333333333333
709,3.45,0.44,-0.78
710,3.46,0.44,-0.7533333333333333
711,3.46,0.44,-0.8133333333333334
712,3.46,0.44,-0.8766666666666667
713,3.46,0.44,-0.8633333333333333
714,3.46,0.44,-0.85
715,3.47,0.44,-0.9733333333333334
716,3.47,0.45,-1.0466666666666666
717,3.49,0.45,-1.0
718,3.49,0.45,-0.9933333333333332
719,3.5,0.47,-0.97
720,3.51,0.51,-0.98
721,3.52,0.54,-0.9133333333333332
722,3.52,0.55,-1.0
723,3.53,0.54,-1.01
724,3.53,0.54,-0.97
725,3.53,0.54,-0.89
726,3.55,0.54,-0.8966666666666666
727,3.55,0.54,-0.8833333333333333
728,3.56,0.54,-0.9066666666666666
729,3.56,0.54,-0.99
730,3.54,0.53,-1.04
731,3.54,0.53,-1.05
732,3.53,0.51,-1.0633333333333332
733,3.52,0.5,-1.0566666666666666
734,3.52,0.5,-1.0466666666666666
735,3.52,0.49,-1.0733333333333333
736,3.52,0.49,-1.0733333333333333
737,3.52,0.49,-1.086666666666667
738,3.52,0.49,-1.09
739,3.52,0.49,-1.1166666666666667
740,3.52,0.49,-1.1166666666666667
741,3.53,0.49,-1.11
742,3.53,0.49,-1.1166666666666667
743,3.53,0.49,-1.1233333333333333
744,3.53,0.49,-1.12
745,3.53,0.49,-1.143333333333333
746,3.53,0.49,-1.1366666666666667
747,3.53,0.49,-1.11
748,3.53,0.49,-1.1166666666666667
749,3.53,0.49,-1.1166666666666667
750,3.53,0.49,-1.0666666666666669
751,3.53,0.49,-1.04
752,3.54,0.51,-0.8566666666666667
753,3.54,0.55,-0.8966666666666666
754,3.54,0.57,-0.9366666666666666
755,3.54,0.61,-0.9966666666666668
756,3.54,0.65,-0.9533333333333334
757,3.54,0.72,-0.8366666666666667
758,3.51,0.76,-0.9
759,3.5,0.79,-1.2666666666666666
760,3.48,0.86,-1.32
761,3.48,0.93,-1.27
762,3.48,0.94,-1.02
763,3.49,0.97,-0.9966666666666668
764,3.52,1.01,-1.0066666666666666
765,3.54,1.06,-1.0333333333333334
766,3.58,1.09,-1.13
767,3.59,1.09,-1.1366666666666667
768,3.59,1.08,-1.163333333333333
769,3.6,1.08,-1.1766666666666667
770,3.6,1.07,-0.9766666666666668
771,3.6,1.06,-0.92
772,3.59,1.05,-0.9233333333333332
773,3.58,1.03,-0.8533333333333334
774,3.57,1.03,-0.8266666666666667
775,3.57,1.03,-0.7966666666666666
776,3.56,1.03,-0.7733333333333333
777,3.56,1.03,-0.8133333333333334
778,3.57,1.03,-0.8166666666666667
779,3.6,1.03,-0.9133333333333332
780,3.63,1.05,-1.0466666666666666
781,3.65,1.06,-1.086666666666667
782,3.67,1.07,-1.0566666666666666
783,3.68,1.07,-1.0533333333333332
784,3.68,1.06,-1.0766666666666669
785,3.7,1.06,-1.0766666666666669
786,3.7,1.06,-1.0666666666666669
787,3.69,1.05,-1.0633333333333332
788,3.69,1.04,-1.0433333333333332
789,3.69,1.04,-1.02
790,3.69,1.04,-0.9933333333333332
791,3.69,1.04,-0.99
792,3.69,1.04,-0.9866666666666668
793,3.69,1.04,-0.9866666666666668
794,3.69,1.03,-0.9833333333333332
795,3.69,1.03,-0.9666666666666668
796,3.69,1.02,-0.94
797,3.68,1.01,-0.92
798,3.68,1.0,-0.9066666666666666
799,3.67,0.99,-0.9
800,3.66,0.99,-0.9066666666666666
801,3.66,0.98,-0.8966666666666666
802,3.64,0.99,-0.9033333333333332
803,3.63,0.99,-0.9033333333333332
804,3.62,1.0,-0.9066666666666666
805,3.6,1.02,-0.91
806,3.59,1.02,-0.91
807,3.57,1.03,-0.8866666666666667
808,3.55,1.03,-0.8766666666666667
809,3.52,1.03,-0.9
810,3.5,1.03,-0.9633333333333334
811,3.47,1.02,-0.9566666666666668
812,3.45,1.02,-0.89
813,3.42,1.02,-0.8833333333333333
814,3.42,1.02,-0.9733333333333334
815,3.39,1.01,-0.97
816,3.4,0.98,-0.9666666666666668
817,3.4,0.93,-0.9733333333333334
818,3.4,0.89,-1.0433333333333332
819,3.39,0.87,-1.13
820,3.38,0.84,-1.2533333333333334
821,3.37,0.81,-1.2166666666666666
822,3.35,0.78,-1.1833333333333331
823,3.34,0.76,-0.9166666666666666
824,3.34,0.73,-0.8933333333333333
825,3.32,0.7,-0.7933333333333333
826,3.3,0.68,-0.6066666666666667
827,3.3,0.67,-0.6533333333333333
828,3.3,0.63,-0.46
829,3.3,0.58,-0.3633333333333333
830,3.3,0.54,-0.26
831,3.31,0.51,-0.26
832,3.31,0.49,-0.17
833,3.31,0.47,-0.1633333333333333
834,3.31,0.45,-0.2566666666666666
835,3.31,0.43,-0.1766666666666666
836,3.32,0.43,-0.0933333333333333
837,3.32,0.42,-0.0633333333333333
838,3.32,0.42,-0.1533333333333333
839,3.33,0.41,-0.32
840,3.33,0.4,-0.5566666666666666
841,3.32,0.41,-0.5766666666666667
842,3.32,0.41,-0.65
843,3.32,0.39,-0.6166666666666667
844,3.32,0.36,-0.69
845,3.32,0.36,-0.6133333333333333
846,3.32,0.36,-0.64
847,3.31,0.35,-0.5933333333333334
848,3.31,0.36,-0.48
849,3.31,0.35,-0.45
850,3.31,0.35,-0.3833333333333333
851,3.31,0.36,-0.2533333333333333
852,3.31,0.36,-0.3233333333333333
853,3.3,0.36,-0.3566666666666667
854,3.3,0.36,-0.3666666666666666
855,3.3,0.35,-0.3166666666666666
856,3.3,0.35,-0.3166666666666666
857,3.31,0.36,-0.25
858,3.31,0.36,-0.1833333333333333
859,3.31,0.36,-0.2333333333333333
860,3.31,0.37,-0.43
861,3.3,0.37,-0.4733333333333333
862,3.3,0.37,-0.4533333333333333
863,3.3,0.37,-0.4733333333333333
864,3.3,0.37,-0.4666666666666667
865,3.3,0.37,-0.4766666666666667
866,3.29,0.37,-0.4666666666666667
867,3.29,0.37,-0.4666666666666667
868,3.29,0.37,-0.43
869,3.29,0.36,-0.43
870,3.29,0.36,-0.4266666666666667
871,3.29,0.36,-0.4833333333333333
872,3.29,0.37,-0.55
873,3.29,0.38,-0.5533333333333333
874,3.3,0.38,-0.56
875,3.3,0.39,-0.5533333333333333
876,3.3,0.39,-0.51
877,3.3,0.39,-0.5833333333333334
878,3.3,0.39,-0.66
879,3.3,0.39,-0.64
880,3.31,0.39,-0.6166666666666667
881,3.32,0.41,-0.5733333333333334
882,3.34,0.42,-0.53
883,3.34,0.41,-0.53
884,3.35,0.4,-0.8466666666666667
885,3.37,0.4,-0.8766666666666667
886,3.4,0.4,-0.7933333333333333
887,3.41,0.4,-0.77
888,3.43,0.42,-0.78
889,3.44,0.43,-0.85
890,3.45,0.43,-0.84
891,3.44,0.43,-0.82
892,3.44,0.44,-0.81
893,3.44,0.44,-0.8033333333333333
894,3.44,0.45,-0.93
895,3.45,0.52,-0.8833333333333333
896,3.46,0.6,-0.9266666666666666
897,3.47,0.67,-0.8466666666666667
898,3.48,0.71,-1.1133333333333333
899,3.5,0.78,-1.0533333333333332
900,3.51,0.82,-1.0633333333333332
901,3.53,0.89,-1.0266666666666666
902,3.55,0.96,-1.02
903,3.63,1.01,-0.98
904,3.62,1.05,-0.9666666666666668
905,3.65,1.05,-0.9133333333333332
906,3.67,1.06,-0.63
907,3.67,1.08,-0.6933333333333334
908,3.71,1.1,-0.74
909,3.76,1.15,-0.9933333333333332
910,3.76,1.17,-0.7233333333333334
911,3.76,1.16,-0.5566666666666666
912,3.77,1.2,-0.5733333333333334
913,3.77,1.21,-0.6033333333333334
914,3.78,1.21,-0.6466666666666666
915,3.77,1.2,-0.39
916,3.77,1.2,-0.2633333333333333
917,3.77,1.2,-0.2833333333333333
918,3.77,1.19,-0.2633333333333333
919,3.77,1.21,-0.08
920,3.77,1.2,-0.12
921,3.77,1.2,-0.2266666666666666
922,3.76,1.2,-0.3366666666666666
923,3.78,1.2,-0.37
924,3.78,1.2,-0.3666666666666666
925,3.79,1.2,-0.3566666666666667
926,3.79,1.2,-0.3533333333333333
927,3.79,1.2,-0.3533333333333333
928,3.79,1.2,-0.3833333333333333
929,3.79,1.2,-0.43
930,3.79,1.2,-0.38
931,3.79,1.2,-0.3833333333333333
932,3.79,1.2,-0.4033333333333333
933,3.78,1.2,-0.4766666666666667
934,3.78,1.2,-0.4566666666666666
935,3.78,1.19,-0.5233333333333333
936,3.77,1.17,-0.6
937,3.76,1.17,-0.5533333333333333
938,3.75,1.17,-0.5633333333333334
939,3.74,1.17,-0.5433333333333333
940,3.73,1.18,-0.4733333333333333
941,3.72,1.18,-0.37
942,3.69,1.17,-0.34
943,3.66,1.17,-0.3633333333333333
944,3.63,1.15,-0.3533333333333333
945,3.6,1.13,-0.4766666666666667
946,3.57,1.13,-0.66
947,3.56,1.09,-0.6933333333333334
948,3.55,1.07,-0.6533333333333333
949,3.51,1.05,-0.6966666666666667
950,3.49,1.01,-0.7633333333333333
951,3.5,0.94,-0.8233333333333334
952,3.5,0.89,-0.78
953,3.49,0.88,-0.77
954,3.49,0.86,-0.7633333333333333
955,3.49,0.84,-0.6666666666666666
956,3.5,0.84,-0.3533333333333333
957,3.5,0.82,-0.4166666666666667
958,3.49,0.8,-0.2666666666666666
959,3.49,0.79,-0.1266666666666666
960,3.49,0.76,-0.3
961,3.49,0.74,-0.3133333333333333
962,3.49,0.72,-0.34
963,3.49,0.69,-0.2
964,3.47,0.69,-0.2233333333333333
965,3.46,0.68,-0.2266666666666666
966,3.45,0.67,-0.1533333333333333
967,3.45,0.65,-0.0133333333333333
968,3.45,0.63,0.0633333333333333
969,3.45,0.61,-0.06
970,3.45,0.58,-0.0633333333333333
971,3.47,0.55,0.1733333333333333
972,3.47,0.54,0.04
973,3.47,0.54,-0.0033333333333333
974,3.47,0.51,-0.1333333333333333
975,3.48,0.51,-0.2966666666666667
976,3.49,0.51,-0.3866666666666666
977,3.49,0.5,-0.5
978,3.49,0.5,-0.61
979,3.49,0.5,-0.6533333333333333
980,3.49,0.51,-0.7
981,3.49,0.5,-0.7833333333333333
982,3.49,0.5,-0.7433333333333333
983,3.49,0.5,-0.6666666666666666
984,3.49,0.5,-0.7433333333333333
985,3.5,0.49,-0.7733333333333333
986,3.5,0.49,-0.79
987,3.5,0.49,-0.7466666666666667
988,3.5,0.49,-0.67
989,3.5,0.49,-0.5466666666666666
990,3.5,0.49,-0.5166666666666667
991,3.49,0.48,-0.47
992,3.49,0.48,-0.5
993,3.49,0.47,-0.5
994,3.49,0.47,-0.4566666666666666
995,3.49,0.47,-0.4
996,3.49,0.47,-0.4366666666666666
997,3.49,0.47,-0.4266666666666667
998,3.49,0.47,-0.4366666666666666
999,3.49,0.46,-0.4933333333333333
1000,3.49,0.46,-0.4633333333333333
1001,3.49,0.46,-0.4633333333333333
1002,3.49,0.46,-0.4666666666666667
1003,3.49,0.47,-0.51
1004,3.48,0.46,-0.6066666666666667
1005,3.48,0.46,-0.6133333333333333
1006,3.48,0.46,-0.62
1007,3.48,0.46,-0.6133333333333333
1008,3.48,0.47,-0.5966666666666667
1009,3.48,0.47,-0.4866666666666667
1010,3.48,0.47,-0.47
1011,3.47,0.46,-0.4766666666666667
1012,3.47,0.46,-0.5066666666666667
1013,3.47,0.46,-0.5
1014,3.47,0.46,-0.5066666666666667
1015,3.47,0.46,-0.5166666666666667
1016,3.47,0.46,-0.4566666666666666
1017,3.47,0.46,-0.3433333333333333
1018,3.47,0.45,-0.3066666666666666
1019,3.47,0.45,-0.2733333333333333
1020,3.47,0.46,-0.2866666666666667
1021,3.47,0.46,-0.32
1022,3.47,0.47,-0.23
1023,3.46,0.46,-0.2266666666666666
1024,3.46,0.48,-0.26
1025,3.45,0.48,-0.2366666666666666
1026,3.45,0.48,-0.2466666666666666
1027,3.45,0.51,-0.2
1028,3.45,0.51,-0.2966666666666667
1029,3.45,0.52,-0.4266666666666667
1030,3.44,0.52,-0.4066666666666667
1031,3.45,0.52,-0.4033333333333333
1032,3.45,0.51,-0.4466666666666666
1033,3.45,0.5,-0.4333333333333333
1034,3.45,0.49,-0.3533333333333333
1035,3.45,0.49,-0.18
1036,3.46,0.48,-0.3066666666666666
1037,3.53,0.48,-0.35
1038,3.66,0.48,-0.3566666666666667
1039,3.74,0.49,-0.3666666666666666
1040,3.75,0.49,-0.64
1041,3.81,0.58,-0.54
1042,3.83,0.61,-0.5366666666666666
1043,3.84,0.64,-0.6766666666666666
1044,3.86,0.65,-0.75
1045,3.84,0.64,-0.8466666666666667
1046,3.84,0.64,-0.7933333333333333
1047,3.83,0.65,-0.49
1048,3.83,0.65,-0.57
1049,3.82,0.64,-0.6033333333333334
1050,3.82,0.64,-0.65
1051,3.81,0.63,-0.7566666666666667
1052,3.81,0.66,-0.8066666666666666
1053,3.81,0.7,-0.9233333333333332
1054,3.8,0.69,-1.0766666666666669
1055,3.8,0.78,-0.9366666666666666
1056,3.78,0.76,-0.98
1057,3.75,0.75,-1.07
1058,3.74,0.75,-1.0433333333333332
1059,3.73,0.74,-1.106666666666667
1060,3.7,0.74,-1.1366666666666667
1061,3.67,0.74,-1.1733333333333331
1062,3.64,0.75,-1.1866666666666668
1063,3.63,0.77,-1.22
1064,3.62,0.78,-1.2166666666666666
1065,3.6,0.78,-1.3266666666666669
1066,3.59,0.77,-1.34
1067,3.59,0.77,-1.3433333333333333
1068,3.59,0.75,-1.4766666666666666
1069,3.6,0.74,-1.5466666666666666
1070,3.6,0.73,-1.596666666666667
1071,3.6,0.71,-1.7433333333333334
1072,3.62,0.71,-1.4733333333333334
1073,3.62,0.7,-1.5833333333333333
1074,3.62,0.69,-1.52
1075,3.62,0.69,-1.403333333333333
1076,3.62,0.7,-1.31
1077,3.59,0.7,-1.3333333333333333
1078,3.56,0.71,-1.25
1079,3.53,0.71,-1.15
1080,3.51,0.71,-1.1366666666666667
1081,3.48,0.72,-0.9166666666666666
1082,3.45,0.72,-0.73
1083,3.44,0.72,-0.5533333333333333
1084,3.42,0.71,-0.4566666666666666
1085,3.42,0.7,-0.3466666666666667
1086,3.42,0.68,-0.24
1087,3.42,0.67,-0.1933333333333333
1088,3.42,0.68,-0.0066666666666666
1089,3.43,0.68,0.0466666666666666
1090,3.43,0.66,-0.0866666666666666
1091,3.43,0.66,-0.0233333333333333
1092,3.43,0.66,0.1133333333333333
1093,3.43,0.63,0.1166666666666666
1094,3.43,0.62,0.2633333333333333
1095,3.43,0.59,0.1933333333333333
1096,3.44,0.59,0.3066666666666666
1097,3.45,0.59,0.3166666666666666
1098,3.45,0.57,0.4266666666666667
1099,3.45,0.52,0.31
1100,3.45,0.5,0.3333333333333333
1101,3.46,0.49,0.35
1102,3.47,0.49,0.3733333333333333
1103,3.47,0.48,0.3833333333333333
1104,3.47,0.47,0.4133333333333333
1105,3.48,0.47,0.46
1106,3.47,0.47,0.3833333333333333
1107,3.48,0.49,0.3833333333333333
1108,3.48,0.49,0.3133333333333333
1109,3.48,0.49,0.3066666666666666
1110,3.48,0.49,0.1166666666666666
1111,3.48,0.5,0.1033333333333333
1112,3.47,0.5,-0.0933333333333333
1113,3.47,0.5,-0.2033333333333333
1114,3.45,0.49,-0.2633333333333333
1115,3.45,0.48,-0.1466666666666666
1116,3.45,0.47,-0.16
1117,3.45,0.47,-0.11
1118,3.44,0.46,-0.0833333333333333
1119,3.44,0.45,-0.1
1120,3.43,0.44,-0.1166666666666666
1121,3.43,0.44,-0.0966666666666666
1122,3.42,0.43,-0.1233333333333333
1123,3.41,0.43,-0.17
1124,3.41,0.43,-0.27
1125,3.41,0.43,-0.3066666666666666
1126,3.41,0.43,-0.2466666666666666
1127,3.41,0.43,-0.2233333333333333
1128,3.41,0.43,-0.2233333333333333
1129,3.41,0.43,-0.08
1130,3.4,0.43,0.0133333333333333
1131,3.4,0.43,0.0533333333333333
1132,3.4,0.44,0.0466666666666666
1133,3.39,0.44,0.0266666666666666
1134,3.39,0.44,-0.0666666666666666
1135,3.39,0.43,-0.2233333333333333
1136,3.4,0.45,-0.18
1137,3.4,0.46,-0.33
1138,3.4,0.48,-0.3533333333333333
1139,3.4,0.49,-0.4
1140,3.39,0.49,-0.4633333333333333
1141,3.39,0.49,-0.45
1142,3.38,0.48,-0.4033333333333333
1143,3.38,0.49,-0.3766666666666666
1144,3.36,0.54,-0.3966666666666666
1145,3.35,0.54,-0.4233333333333333
1146,3.35,0.53,-0.3333333333333333
1147,3.36,0.53,-0.3633333333333333
1148,3.39,0.53,-0.4266666666666667
1149,3.42,0.53,-0.45
1150,3.43,0.52,-0.41
1151,3.43,0.52,-0.5166666666666667
1152,3.45,0.52,-0.25
1153,3.44,0.52,-0.2366666666666666
1154,3.44,0.52,-0.2666666666666666
1155,3.46,0.51,-0.2633333333333333
1156,3.47,0.5,-0.3833333333333333
1157,3.48,0.49,-0.5133333333333333
1158,3.51,0.49,-0.4633333333333333
1159,3.61,0.53,-0.32
1160,3.65,0.54,-0.4766666666666667
1161,3.71,0.55,-0.56
1162,3.74,0.58,-0.7733333333333333
1163,3.74,0.59,-0.8433333333333334
1164,3.74,0.61,-0.7766666666666666
1165,3.73,0.61,-0.82
1166,3.74,0.63,-0.8666666666666667
1167,3.74,0.64,-0.84
1168,3.77,0.66,-0.8033333333333333
1169,3.79,0.69,-0.6466666666666666
1170,3.79,0.71,-0.6066666666666667
1171,3.81,0.71,-0.6233333333333333
1172,3.81,0.7,-0.9833333333333332
1173,3.81,0.71,-1.1833333333333331
1174,3.81,0.77,-1.0833333333333333
1175,3.82,0.77,-0.9866666666666668
1176,3.83,0.77,-1.14
1177,3.85,0.77,-1.21
1178,3.85,0.77,-1.4166666666666667
1179,3.85,0.77,-1.4266666666666667
1180,3.85,0.75,-1.4066666666666667
1181,3.85,0.77,-1.5233333333333334
1182,3.84,0.77,-1.596666666666667
1183,3.84,0.77,-1.46
1184,3.82,0.77,-1.413333333333333
1185,3.81,0.77,-1.3633333333333333
1186,3.8,0.77,-1.3266666666666669
1187,3.79,0.77,-1.2766666666666666
1188,3.78,0.77,-1.3166666666666669
1189,3.78,0.77,-1.21
1190,3.78,0.78,-1.2
1191,3.78,0.79,-1.2233333333333334
1192,3.77,0.79,-1.25
1193,3.76,0.79,-1.3133333333333332
1194,3.75,0.78,-1.3133333333333332
1195,3.72,0.76,-1.31
1196,3.7,0.75,-1.336666666666667
1197,3.67,0.75,-1.3733333333333333
1198,3.67,0.75,-1.3666666666666667
1199,3.66,0.75,-1.153333333333333
1200,3.65,0.75,-1.0933333333333333
1201,3.63,0.75,-1.05
1202,3.62,0.75,-0.9233333333333332
1203,3.6,0.75,-0.8566666666666667
1204,3.57,0.75,-0.8433333333333334
1205,3.56,0.75,-0.7833333333333333
1206,3.55,0.75,-0.72
1207,3.55,0.74,-0.6566666666666666
1208,3.55,0.7,-0.6266666666666667
1209,3.55,0.68,-0.6066666666666667
1210,3.55,0.65,-0.54
1211,3.55,0.65,-0.43
1212,3.55,0.62,-0.3666666666666666
1213,3.56,0.61,-0.1733333333333333
1214,3.57,0.61,-0.2633333333333333
1215,3.57,0.6,-0.2233333333333333
1216,3.58,0.59,-0.18
1217,3.58,0.58,-0.2133333333333333
1218,3.58,0.57,-0.1633333333333333
1219,3.58,0.56,-0.1733333333333333
1220,3.56,0.56,0.0566666666666666
1221,3.54,0.55,-0.0433333333333333
1222,3.53,0.54,0.1466666666666666
1223,3.53,0.54,0.0
1224,3.53,0.53,-0.0633333333333333
1225,3.54,0.53,0.03
1226,3.55,0.53,0.16
1227,3.55,0.53,0.1466666666666666
1228,3.56,0.53,0.1066666666666666
1229,3.57,0.53,0.2666666666666666
1230,3.57,0.53,0.23
1231,3.58,0.53,0.25
1232,3.59,0.53,0.3466666666666667
1233,3.63,0.54,0.3233333333333333
1234,3.65,0.53,0.2233333333333333
1235,3.64,0.54,0.11
1236,3.65,0.53,-0.2433333333333333
1237,3.65,0.53,-0.2833333333333333
1238,3.64,0.52,-0.23
1239,3.63,0.49,-0.3666666666666666
1240,3.62,0.46,-0.4666666666666667
1241,3.61,0.44,-0.5
1242,3.61,0.44,-0.5366666666666666
1243,3.61,0.44,-0.4333333333333333
1244,3.6,0.44,-0.4233333333333333
1245,3.6,0.44,-0.4366666666666666
1246,3.6,0.46,-0.41
1247,3.6,0.47,-0.4
1248,3.6,0.48,-0.3966666666666666
1249,3.6,0.49,-0.3133333333333333
1250,3.59,0.49,-0.24
1251,3.58,0.49,-0.2133333333333333
1252,3.57,0.49,-0.24
1253,3.57,0.49,-0.2466666666666666
1254,3.57,0.49,-0.25
1255,3.57,0.49,-0.2533333333333333
1256,3.57,0.49,-0.26
1257,3.57,0.49,-0.2633333333333333
1258,3.57,0.5,-0.24
1259,3.57,0.5,-0.21
1260,3.57,0.5,-0.2166666666666666
1261,3.57,0.5,-0.22
1262,3.57,0.5,-0.2233333333333333
1263,3.57,0.51,-0.2266666666666666
1264,3.57,0.51,-0.2233333333333333
1265,3.57,0.51,-0.19
1266,3.57,0.51,-0.1666666666666666
1267,3.57,0.51,-0.19
1268,3.56,0.51,-0.2933333333333333
1269,3.55,0.5,-0.3433333333333333
1270,3.55,0.49,-0.35
1271,3.55,0.49,-0.3433333333333333
1272,3.54,0.49,-0.3033333333333333
1273,3.54,0.48,-0.2133333333333333
1274,3.54,0.47,-0.27
1275,3.54,0.47,-0.2566666666666666
1276,3.54,0.47,-0.2233333333333333
1277,3.54,0.47,-0.1566666666666666
1278,3.54,0.47,-0.26
1279,3.55,0.47,-0.44
1280,3.57,0.49,-0.6233333333333333
1281,3.6,0.49,-0.64
1282,3.64,0.5,-0.7166666666666667
1283,3.68,0.5,-0.8166666666666667
1284,3.71,0.51,-0.8433333333333334
1285,3.74,0.52,-0.74
1286,3.74,0.53,-0.73
1287,3.73,0.54,-0.84
1288,3.72,0.56,-0.82
1289,3.72,0.56,-0.96
1290,3.72,0.56,-1.1133333333333333
1291,3.72,0.6,-1.08
1292,3.71,0.64,-1.35
1293,3.72,0.73,-1.2233333333333334
1294,3.72,0.8,-1.31
1295,3.71,0.81,-1.35
1296,3.7,0.86,-1.2933333333333332
1297,3.7,0.94,-1.23
1298,3.7,1.01,-1.2066666666666668
1299,3.7,1.06,-1.1933333333333334
1300,3.71,1.11,-0.8566666666666667
1301,3.73,1.13,-0.4966666666666666
1302,3.74,1.13,-0.5733333333333334
1303,3.8,1.18,-0.9533333333333334
1304,3.82,1.19,-1.1233333333333333
1305,3.84,1.17,-1.08
1306,3.86,1.2,-0.7633333333333333
1307,3.88,1.23,-0.6533333333333333
1308,3.9,1.28,-0.61
1309,3.9,1.26,-0.68
1310,3.91,1.26,-0.53
1311,3.91,1.28,-0.28
1312,3.91,1.28,-0.3066666666666666
1313,3.91,1.28,-0.08
1314,3.92,1.29,0.0033333333333333
1315,3.92,1.29,-0.09
1316,3.92,1.3,-0.2066666666666666
1317,3.92,1.3,-0.2533333333333333
1318,3.92,1.3,-0.25
1319,3.92,1.29,-0.3466666666666667
1320,3.92,1.29,-0.3733333333333333
1321,3.92,1.29,-0.36
1322,3.92,1.29,-0.34
1323,3.92,1.29,-0.4366666666666666
1324,3.91,1.24,-0.4533333333333333
1325,3.89,1.24,-0.4766666666666667
1326,3.85,1.24,-0.49
1327,3.82,1.21,-0.5366666666666666
1328,3.8,1.2,-0.5166666666666667
1329,3.77,1.18,-0.58
1330,3.72,1.17,-0.6566666666666666
1331,3.69,1.16,-0.6333333333333333
1332,3.68,1.14,-0.6933333333333334
1333,3.64,1.12,-0.6933333333333334
1334,3.62,1.1,-0.7
1335,3.59,1.05,-0.9533333333333334
1336,3.57,1.01,-0.9266666666666666
1337,3.56,0.97,-0.9566666666666668
1338,3.55,0.91,-1.0066666666666666
1339,3.55,0.86,-0.95
1340,3.53,0.82,-0.8066666666666666
1341,3.53,0.81,-0.2033333333333333
1342,3.5,0.74,-0.3733333333333333
1343,3.49,0.73,-0.4533333333333333
1344,3.48,0.7,-0.41
1345,3.49,0.69,-0.4233333333333333
1346,3.49,0.7,-0.4166666666666667
1347,3.49,0.69,-0.45
1348,3.51,0.66,-0.44
1349,3.52,0.61,-0.5733333333333334
1350,3.54,0.61,-0.3766666666666666
1351,3.55,0.6,-0.4466666666666666
1352,3.56,0.59,-0.62
1353,3.57,0.59,-0.5533333333333333
1354,3.58,0.59,-0.3166666666666666
1355,3.58,0.6,-0.1266666666666666
1356,3.59,0.59,-0.0866666666666666
1357,3.62,0.6,-0.0833333333333333
1358,3.63,0.59,-0.0466666666666666
1359,3.63,0.58,-0.01
1360,3.63,0.54,-0.0933333333333333
1361,3.64,0.51,-0.1866666666666666
1362,3.66,0.51,-0.1366666666666666
1363,3.66,0.5,-0.2333333333333333
1364,3.65,0.47,-0.47
1365,3.65,0.46,-0.6233333333333333
1366,3.65,0.46,-0.8533333333333334
1367,3.64,0.44,-0.9433333333333334
1368,3.64,0.43,-0.85
1369,3.64,0.43,-0.73
1370,3.63,0.42,-0.7666666666666667
1371,3.63,0.43,-0.7133333333333334
1372,3.63,0.42,-0.7
1373,3.62,0.42,-0.7233333333333334
1374,3.6,0.42,-0.6766666666666666
1375,3.6,0.42,-0.6033333333333334
1376,3.59,0.42,-0.4066666666666667
1377,3.59,0.42,-0.4333333333333333
1378,3.58,0.42,-0.4133333333333333
1379,3.58,0.42,-0.3933333333333333
1380,3.58,0.42,-0.4066666666666667
1381,3.58,0.42,-0.5533333333333333
1382,3.58,0.42,-0.5766666666666667
1383,3.57,0.42,-0.58
1384,3.57,0.42,-0.5866666666666667
1385,3.57,0.42,-0.65
1386,3.57,0.42,-0.7
1387,3.57,0.43,-0.7
1388,3.57,0.44,-0.6833333333333333
1389,3.57,0.44,-0.6966666666666667
1390,3.57,0.45,-0.71
1391,3.57,0.45,-0.7066666666666667
1392,3.57,0.44,-0.7
1393,3.57,0.44,-0.7033333333333334
1394,3.57,0.44,-0.7466666666666667
1395,3.57,0.44,-0.6666666666666666
1396,3.57,0.44,-0.6466666666666666
1397,3.57,0.44,-0.5966666666666667
1398,3.57,0.44,-0.5433333333333333
1399,3.57,0.44,-0.5533333333333333
1400,3.57,0.43,-0.34
1401,3.57,0.43,-0.2933333333333333
1402,3.57,0.43,-0.3566666666666667
1403,3.58,0.43,-0.27
1404,3.58,0.43,-0.18
1405,3.59,0.45,-0.1533333333333333
1406,3.6,0.46,-0.06
1407,3.61,0.46,-0.0166666666666666
1408,3.61,0.48,0.0766666666666666
1409,3.61,0.49,0.1
1410,3.61,0.5,0.1266666666666666
1411,3.62,0.51,0.0433333333333333
1412,3.62,0.51,0.0966666666666666
1413,3.63,0.51,0.0766666666666666
1414,3.64,0.52,-0.04
1415,3.65,0.55,-0.0333333333333333
1416,3.67,0.57,-0.0766666666666666
1417,3.67,0.58,-0.0566666666666666
1418,3.67,0.58,-0.18
1419,3.67,0.59,-0.1566666666666666
1420,3.64,0.61,-0.3233333333333333
1421,3.63,0.65,-0.4133333333333333
1422,3.58,0.67,-0.5166666666666667
1423,3.55,0.71,-0.6766666666666666
1424,3.54,0.76,-0.5233333333333333
1425,3.52,0.85,-0.65
1426,3.5,0.9,-0.6166666666666667
1427,3.5,0.99,-0.5033333333333333
1428,3.49,0.99,-0.34
1429,3.5,1.0,-0.31
1430,3.54,1.06,-0.44
1431,3.58,1.08,-0.6366666666666667
1432,3.61,1.08,-0.6266666666666667
1433,3.63,1.12,-0.6966666666666667
1434,3.65,1.11,-0.7266666666666667
1435,3.65,1.09,-0.7
1436,3.64,1.09,-0.7433333333333333
1437,3.64,1.09,-0.7433333333333333
1438,3.63,1.09,-0.86
1439,3.63,1.12,-0.78
1440,3.63,1.12,-0.75
1441,3.63,1.13,-0.7366666666666667
1442,3.64,1.15,-0.73
1443,3.65,1.16,-0.7466666666666667
1444,3.69,1.17,-0.87
1445,3.71,1.17,-0.9166666666666666
1446,3.72,1.16,-1.0366666666666666
1447,3.74,1.16,-1.1866666666666668
1448,3.74,1.16,-1.1133333333333333
1449,3.74,1.16,-1.1366666666666667
1450,3.74,1.16,-1.2433333333333334
1451,3.72,1.16,-1.24
1452,3.68,1.16,-1.17
1453,3.63,1.15,-1.1366666666666667
1454,3.61,1.15,-1.1733333333333331
1455,3.6,1.13,-1.1733333333333331
1456,3.57,1.1,-1.16
1457,3.56,1.04,-1.153333333333333
1458,3.53,0.96,-1.06
1459,3.51,0.94,-0.9066666666666666
1460,3.49,0.89,-0.86
1461,3.47,0.86,-0.8133333333333334
1462,3.46,0.82,-0.71
1463,3.47,0.78,-0.5066666666666667
1464,3.46,0.74,-0.34
1465,3.45,0.71,-0.09
1466,3.45,0.69,-0.06
1467,3.45,0.68,-0.09
1468,3.45,0.65,0.14
1469,3.45,0.62,-0.0133333333333333
1470,3.46,0.61,-0.13
1471,3.46,0.57,-0.0566666666666666
1472,3.47,0.55,-0.12
1473,3.47,0.53,-0.0933333333333333
1474,3.47,0.51,-0.0166666666666666
1475,3.47,0.5,-0.0633333333333333
1476,3.48,0.51,-0.0733333333333333
1477,3.48,0.49,-0.03
1478,3.49,0.49,0.11
1479,3.49,0.49,0.1766666666666666
1480,3.5,0.5,0.15
1481,3.5,0.49,0.1866666666666666
1482,3.5,0.47,0.03
1483,3.49,0.47,-0.1166666666666666
1484,3.49,0.45,-0.3866666666666666
1485,3.48,0.44,-0.44
1486,3.48,0.44,-0.4866666666666667
1487,3.48,0.44,-0.46
1488,3.47,0.44,-0.4133333333333333
1489,3.47,0.44,-0.4333333333333333
1490,3.47,0.44,-0.41
1491,3.46,0.44,-0.51
1492,3.46,0.44,-0.5066666666666667
1493,3.46,0.43,-0.32
1494,3.46,0.43,-0.3
1495,3.45,0.43,-0.24
1496,3.46,0.43,-0.1566666666666666
1497,3.46,0.43,0.0466666666666666
1498,3.46,0.43,0.03
1499,3.46,0.43,-0.01
1500,3.46,0.43,-0.0333333333333333
1501,3.46,0.43,-0.0466666666666666
1502,3.46,0.43,-0.1233333333333333
1503,3.46,0.43,-0.2133333333333333
1504,3.46,0.43,-0.2866666666666667
1505,3.46,0.43,-0.3233333333333333
1506,3.46,0.42,-0.3366666666666666
1507,3.46,0.42,-0.3866666666666666
1508,3.46,0.42,-0.4333333333333333
1509,3.46,0.43,-0.4266666666666667
1510,3.47,0.43,-0.4
1511,3.47,0.43,-0.3666666666666666
1512,3.47,0.44,-0.3566666666666667
1513,3.47,0.44,-0.3466666666666667
1514,3.47,0.44,-0.3533333333333333
1515,3.47,0.44,-0.3266666666666666
1516,3.47,0.44,-0.19
1517,3.47,0.44,-0.1866666666666666
1518,3.47,0.44,-0.2033333333333333
1519,3.47,0.44,-0.1833333333333333
1520,3.47,0.43,0.0
1521,3.47,0.43,0.0833333333333333
1522,3.47,0.43,0.1033333333333333
1523,3.47,0.43,0.02
1524,3.48,0.43,0.0
1525,3.48,0.41,-0.17
1526,3.49,0.41,-0.1933333333333333
1527,3.49,0.41,-0.2466666666666666
1528,3.51,0.41,-0.2933333333333333
1529,3.51,0.41,-0.3233333333333333
1530,3.51,0.42,-0.4433333333333333
1531,3.51,0.43,-0.4866666666666667
1532,3.51,0.45,-0.5033333333333333
1533,3.51,0.47,-0.5633333333333334
1534,3.5,0.53,-0.66
1535,3.48,0.6,-0.6866666666666666
1536,3.45,0.63,-0.78
1537,3.45,0.79,-0.8266666666666667
1538,3.45,0.88,-0.9966666666666668
1539,3.45,0.93,-1.0133333333333334
1540,3.45,0.93,-1.1333333333333333
1541,3.45,0.95,-1.0366666666666666
1542,3.46,1.0,-1.0066666666666666
1543,3.47,1.02,-0.98
1544,3.49,1.05,-1.05
1545,3.53,1.07,-1.1133333333333333
1546,3.53,1.08,-1.07
1547,3.55,1.1,-1.0366666666666666
1548,3.55,1.1,-0.8933333333333333
1549,3.56,1.09,-0.8033333333333333
1550,3.56,1.08,-0.8366666666666667
1551,3.57,1.08,-0.8533333333333334
1552,3.59,1.1,-0.8333333333333334
1553,3.6,1.1,-0.86
1554,3.62,1.11,-0.88
1555,3.63,1.11,-0.88
1556,3.65,1.12,-0.8466666666666667
1557,3.68,1.13,-0.83
1558,3.71,1.15,-0.87
1559,3.73,1.15,-0.8833333333333333
1560,3.74,1.15,-0.8666666666666667
1561,3.75,1.15,-0.8333333333333334
1562,3.74,1.15,-0.83
1563,3.73,1.15,-0.88
1564,3.7,1.15,-0.91
1565,3.66,1.16,-0.9566666666666668
1566,3.64,1.16,-1.0566666666666666
1567,3.63,1.16,-1.0566666666666666
1568,3.6,1.16,-1.0433333333333332
1569,3.58,1.15,-1.0433333333333332
1570,3.55,1.11,-1.2033333333333334
1571,3.54,1.08,-1.2833333333333334
1572,3.53,1.06,-1.23
1573,3.52,0.99,-1.2033333333333334
1574,3.52,0.95,-1.0833333333333333
1575,3.52,0.88,-1.02
1576,3.51,0.83,-0.9766666666666668
1577,3.5,0.8,-0.9633333333333334
1578,3.49,0.76,-0.7866666666666666
1579,3.47,0.73,-0.6233333333333333
1580,3.47,0.72,-0.3566666666666667
1581,3.47,0.68,-0.28
1582,3.47,0.66,-0.1466666666666666
1583,3.48,0.65,-0.1166666666666666
1584,3.49,0.62,-0.2833333333333333
1585,3.5,0.57,0.0233333333333333
1586,3.52,0.55,-0.0633333333333333
1587,3.53,0.54,-0.13
1588,3.54,0.53,-0.1466666666666666
1589,3.55,0.5,-0.2533333333333333
1590,3.55,0.49,-0.2566666666666666
1591,3.56,0.5,-0.3433333333333333
1592,3.55,0.5,-0.3033333333333333
1593,3.55,0.48,-0.2633333333333333
1594,3.55,0.49,-0.0133333333333333
1595,3.55,0.49,0.13
1596,3.54,0.49,0.14
1597,3.53,0.49,0.01
1598,3.53,0.48,0.0233333333333333
1599,3.53,0.47,-0.0966666666666666
1600,3.53,0.47,-0.1033333333333333
1601,3.53,0.45,-0.2966666666666667
1602,3.53,0.45,-0.3366666666666666
1603,3.53,0.45,-0.2933333333333333
1604,3.53,0.44,-0.3966666666666666
1605,3.52,0.43,-0.4166666666666667
1606,3.51,0.42,-0.5233333333333333
1607,3.51,0.41,-0.45
1608,3.52,0.41,-0.4233333333333333
1609,3.52,0.41,-0.4866666666666667
1610,3.52,0.41,-0.5433333333333333
1611,3.52,0.41,-0.56
1612,3.52,0.41,-0.63
1613,3.51,0.4,-0.57
1614,3.52,0.41,-0.38
1615,3.52,0.4,-0.3266666666666666
1616,3.52,0.4,-0.3933333333333333
1617,3.52,0.41,-0.3866666666666666
1618,3.52,0.4,-0.3933333333333333
1619,3.52,0.4,-0.3366666666666666
1620,3.52,0.4,-0.2933333333333333
1621,3.51,0.4,-0.3466666666666667
1622,3.51,0.4,-0.31
1623,3.51,0.4,-0.1866666666666666
1624,3.51,0.41,-0.13
1625,3.51,0.41,-0.1933333333333333
1626,3.51,0.42,-0.19
1627,3.51,0.43,-0.21
1628,3.51,0.43,-0.1733333333333333
1629,3.51,0.44,-0.08
1630,3.51,0.44,-0.0766666666666666
1631,3.51,0.44,-0.0866666666666666
1632,3.51,0.44,-0.1066666666666666
1633,3.51,0.44,-0.1666666666666666
1634,3.51,0.43,-0.1166666666666666
1635,3.52,0.44,-0.0133333333333333
1636,3.52,0.44,-0.0333333333333333
1637,3.53,0.44,-0.1666666666666666
1638,3.55,0.44,-0.2333333333333333
1639,3.55,0.42,-0.3433333333333333
1640,3.55,0.42,-0.4566666666666666
1641,3.57,0.42,-0.4433333333333333
1642,3.59,0.44,-0.5966666666666667
1643,3.65,0.49,-0.48
1644,3.71,0.51,-0.5466666666666666
1645,3.73,0.51,-0.5033333333333333
1646,3.76,0.53,-0.44
1647,3.81,0.57,-0.4766666666666667
1648,3.81,0.59,-0.4633333333333333
1649,3.81,0.6,-0.5066666666666667
1650,3.81,0.61,-0.6066666666666667
1651,3.8,0.61,-0.73
1652,3.8,0.6,-0.81
1653,3.8,0.6,-0.8933333333333333
1654,3.8,0.6,-0.9466666666666668
1655,3.8,0.6,-0.8466666666666667
1656,3.82,0.62,-0.74
1657,3.84,0.64,-0.7033333333333334
1658,3.85,0.68,-0.7266666666666667
1659,3.85,0.68,-0.7566666666666667
1660,3.85,0.69,-0.7633333333333333
1661,3.85,0.71,-0.76
1662,3.85,0.72,-0.8766666666666667
1663,3.86,0.72,-0.9
1664,3.86,0.72,-1.1166666666666667
1665,3.86,0.74,-1.14
1666,3.86,0.75,-1.0433333333333332
1667,3.85,0.75,-1.01
1668,3.83,0.75,-1.0
1669,3.82,0.79,-0.9966666666666668
1670,3.79,0.78,-1.0566666666666666
1671,3.77,0.76,-1.09
1672,3.77,0.76,-0.7433333333333333
1673,3.76,0.76,-0.8233333333333334
1674,3.75,0.75,-0.8266666666666667
1675,3.74,0.75,-0.7066666666666667
1676,3.72,0.75,-0.7233333333333334
1677,3.71,0.72,-0.73
1678,3.71,0.7,-0.74
1679,3.7,0.7,-0.72
1680,3.69,0.69,-0.7666666666666667
1681,3.68,0.68,-0.9333333333333332
1682,3.68,0.68,-0.91
1683,3.68,0.65,-0.8933333333333333
1684,3.68,0.63,-0.87
1685,3.68,0.59,-0.87
1686,3.68,0.56,-0.96
1687,3.68,0.51,-0.9433333333333334
1688,3.68,0.48,-0.9366666666666666
1689,3.68,0.47,-0.9233333333333332
1690,3.67,0.45,-0.83
1691,3.67,0.46,-0.81
1692,3.67,0.47,-0.6433333333333333
1693,3.67,0.48,-0.6066666666666667
1694,3.67,0.5,-0.43
1695,3.67,0.52,-0.3766666666666666
1696,3.67,0.52,-0.4066666666666667
1697,3.67,0.51,-0.4866666666666667
1698,3.66,0.51,-0.31
1699,3.66,0.51,-0.2733333333333333
1700,3.66,0.5,-0.21
1701,3.66,0.53,0.0766666666666666
1702,3.66,0.55,0.1433333333333333
1703,3.66,0.54,0.1033333333333333
1704,3.66,0.52,-0.08
1705,3.66,0.51,-0.1533333333333333
1706,3.66,0.49,-0.34
1707,3.65,0.48,-0.59
1708,3.64,0.44,-0.6666666666666666
1709,3.63,0.44,-0.72
1710,3.63,0.44,-0.7466666666666667
1711,3.62,0.44,-0.8166666666666667
1712,3.62,0.44,-0.6866666666666666
1713,3.62,0.44,-0.6733333333333333
1714,3.62,0.44,-0.6633333333333333
1715,3.63,0.45,-0.7066666666666667
1716,3.63,0.45,-0.68
1717,3.64,0.45,-0.7966666666666666
1718,3.64,0.45,-0.9
1719,3.63,0.44,-0.9466666666666668
1720,3.64,0.44,-0.9033333333333332
1721,3.64,0.44,-0.94
1722,3.62,0.43,-0.96
1723,3.62,0.43,-0.97
1724,3.62,0.43,-0.9333333333333332
1725,3.62,0.43,-0.9166666666666666
1726,3.62,0.43,-0.92
1727,3.61,0.43,-0.89
1728,3.61,0.43,-0.8566666666666667
1729,3.61,0.44,-0.8433333333333334
1730,3.61,0.44,-0.8266666666666667
1731,3.61,0.44,-0.7333333333333333
1732,3.61,0.44,-0.6666666666666666
1733,3.63,0.46,-0.3733333333333333
1734,3.63,0.47,-0.13
1735,3.65,0.5,-0.16
1736,3.65,0.5,-0.1733333333333333
1737,3.65,0.49,-0.3033333333333333
1738,3.65,0.49,-0.5866666666666667
1739,3.7,0.5,-0.5333333333333333
1740,3.74,0.5,-0.54
1741,3.75,0.51,-0.55
1742,3.77,0.55,-0.58
1743,3.78,0.55,-0.63
1744,3.77,0.55,-0.7566666666666667
1745,3.77,0.58,-0.79
1746,3.75,0.59,-0.87
1747,3.74,0.6,-0.85
1748,3.73,0.64,-1.04
1749,3.71,0.65,-1.1766666666666667
1750,3.7,0.74,-1.2233333333333334
1751,3.66,0.82,-1.336666666666667
1752,3.65,0.86,-1.3433333333333333
1753,3.64,0.99,-1.24
1754,3.65,1.04,-1.1766666666666667
1755,3.65,1.09,-1.04
1756,3.68,1.1,-1.1333333333333333
1757,3.71,1.11,-1.12
1758,3.74,1.1,-1.0733333333333333
1759,3.76,1.11,-1.1933333333333334
1760,3.77,1.11,-1.1866666666666668
1761,3.79,1.15,-1.13
1762,3.79,1.17,-0.7966666666666666
1763,3.8,1.18,-0.8533333333333334
1764,3.8,1.18,-0.8966666666666666
1765,3.82,1.2,-0.8533333333333334
1766,3.83,1.2,-0.8666666666666667
1767,3.83,1.2,-0.89
1768,3.86,1.2,-1.03
1769,3.88,1.2,-1.0733333333333333
1770,3.9,1.21,-1.096666666666667
1771,3.92,1.22,-1.15
1772,3.94,1.24,-1.18
1773,3.95,1.25,-1.143333333333333
1774,3.96,1.26,-1.23
1775,3.96,1.26,-1.2533333333333334
1776,3.96,1.26,-1.39
1777,3.96,1.26,-1.36
1778,3.96,1.24,-1.356666666666667
1779,3.96,1.24,-1.43
1780,3.95,1.22,-1.6333333333333333
1781,3.91,1.2,-1.6166666666666667
1782,3.86,1.18,-1.5666666666666669
1783,3.81,1.16,-1.56
1784,3.76,1.15,-1.5166666666666666
1785,3.72,1.13,-1.336666666666667
1786,3.68,1.07,-1.2833333333333334
1787,3.64,1.02,-1.24
1788,3.6,0.95,-1.2033333333333334
1789,3.57,0.92,-0.9766666666666668
1790,3.53,0.91,-0.8266666666666667
1791,3.51,0.89,-0.7533333333333333
1792,3.48,0.85,-0.6766666666666666
1793,3.48,0.81,-0.5066666666666667
1794,3.48,0.75,-0.62
1795,3.48,0.72,-0.5766666666666667
1796,3.48,0.67,-0.66
1797,3.49,0.65,-0.5
1798,3.5,0.63,-0.2266666666666666
1799,3.5,0.59,-0.17
1800,3.51,0.55,-0.26
1801,3.51,0.49,-0.39
1802,3.51,0.5,-0.4233333333333333
1803,3.51,0.48,-0.45
1804,3.52,0.5,-0.2766666666666666
1805,3.52,0.49,-0.22
1806,3.52,0.48,-0.21
1807,3.52,0.48,-0.2833333333333333
1808,3.52,0.47,-0.2833333333333333
1809,3.52,0.48,-0.3133333333333333
1810,3.52,0.48,-0.4266666666666667
1811,3.52,0.46,-0.42
1812,3.51,0.45,-0.47
1813,3.51,0.44,-0.5733333333333334
1814,3.5,0.43,-0.58
1815,3.49,0.42,-0.55
1816,3.49,0.42,-0.5666666666666667
1817,3.48,0.42,-0.5466666666666666
1818,3.48,0.42,-0.58
1819,3.47,0.41,-0.6633333333333333
1820,3.47,0.41,-0.5833333333333334
1821,3.47,0.41,-0.6
1822,3.47,0.41,-0.5933333333333334
1823,3.47,0.41,-0.57
1824,3.47,0.42,-0.5566666666666666
1825,3.47,0.42,-0.5466666666666666
1826,3.47,0.42,-0.5566666666666666
1827,3.47,0.41,-0.6066666666666667
1828,3.47,0.41,-0.6633333333333333
1829,3.47,0.41,-0.64
1830,3.47,0.41,-0.64
1831,3.48,0.41,-0.5133333333333333
1832,3.48,0.41,-0.4866666666666667
1833,3.48,0.41,-0.42
1834,3.48,0.41,-0.44
1835,3.48,0.41,-0.44
1836,3.48,0.41,-0.37
1837,3.48,0.41,-0.3766666666666666
1838,3.48,0.41,-0.3066666666666666
1839,3.47,0.41,-0.3466666666666667
1840,3.47,0.42,-0.3133333333333333
1841,3.46,0.42,-0.2866666666666667
1842,3.45,0.42,-0.3066666666666666
1843,3.45,0.42,-0.3133333333333333
1844,3.45,0.44,-0.4966666666666666
1845,3.45,0.46,-0.5166666666666667
1846,3.45,0.46,-0.53
1847,3.46,0.47,-0.5133333333333333
1848,3.46,0.47,-0.4733333333333333
1849,3.47,0.48,-0.3733333333333333
1850,3.46,0.48,-0.5033333333333333
1851,3.46,0.47,-0.63
1852,3.46,0.45,-0.69
1853,3.48,0.45,-0.57
1854,3.48,0.43,-0.4933333333333333
1855,3.49,0.43,-0.5266666666666666
1856,3.56,0.42,-0.5533333333333333
1857,3.61,0.42,-0.6266666666666667
1858,3.72,0.49,-0.6033333333333334
1859,3.78,0.52,-0.6
1860,3.83,0.53,-0.59
1861,3.82,0.55,-0.63
1862,3.8,0.59,-0.76
1863,3.79,0.59,-0.8133333333333334
1864,3.78,0.66,-0.9166666666666666
1865,3.78,0.66,-0.9833333333333332
1866,3.77,0.67,-0.8766666666666667
1867,3.76,0.68,-0.93
1868,3.73,0.68,-1.13
1869,3.7,0.69,-1.14
1870,3.71,0.77,-1.0366666666666666
1871,3.71,0.81,-1.12
1872,3.72,0.89,-1.06
1873,3.73,0.91,-1.2366666666666666
1874,3.74,0.97,-1.1933333333333334
1875,3.75,0.99,-1.2733333333333334
1876,3.78,1.01,-1.0566666666666666
1877,3.78,1.04,-1.26
1878,3.77,1.06,-1.0533333333333332
1879,3.75,1.08,-1.23
1880,3.75,1.1,-1.3233333333333333
1881,3.69,1.08,-1.4233333333333331
1882,3.68,1.08,-1.2233333333333334
1883,3.68,1.1,-1.2866666666666666
1884,3.67,1.14,-1.3633333333333333
1885,3.67,1.14,-1.2966666666666666
1886,3.68,1.19,-1.1266666666666667
1887,3.69,1.19,-1.0233333333333334
1888,3.71,1.18,-0.89
1889,3.72,1.18,-0.7633333333333333
1890,3.73,1.18,-0.8166666666666667
1891,3.74,1.18,-0.8766666666666667
1892,3.74,1.17,-0.8933333333333333
1893,3.74,1.17,-0.9333333333333332
1894,3.74,1.17,-1.086666666666667
1895,3.74,1.17,-1.2266666666666666
1896,3.74,1.17,-1.2666666666666666
1897,3.74,1.17,-1.356666666666667
1898,3.73,1.15,-1.28
1899,3.73,1.14,-1.2533333333333334
1900,3.7,1.07,-1.24
1901,3.67,1.02,-1.2266666666666666
1902,3.65,1.0,-1.2066666666666668
1903,3.62,0.97,-1.1366666666666667
1904,3.6,0.96,-1.0933333333333333
1905,3.59,0.9,-0.78
1906,3.58,0.85,-0.6666666666666666
1907,3.56,0.79,-0.6366666666666667
1908,3.55,0.77,-0.45
1909,3.55,0.77,-0.3566666666666667
1910,3.55,0.74,-0.4233333333333333
1911,3.56,0.75,-0.0866666666666666
1912,3.56,0.73,-0.1933333333333333
1913,3.56,0.69,-0.03
1914,3.59,0.65,-0.0433333333333333
1915,3.6,0.63,-0.11
1916,3.6,0.59,-0.19
1917,3.6,0.56,-0.2233333333333333
1918,3.6,0.5,-0.2433333333333333
1919,3.61,0.49,-0.3066666666666666
1920,3.61,0.49,-0.3966666666666666
1921,3.61,0.49,-0.3833333333333333
1922,3.61,0.5,-0.3866666666666666
1923,3.63,0.49,-0.3033333333333333
1924,3.63,0.48,-0.28
1925,3.66,0.49,-0.08
1926,3.67,0.48,-0.2366666666666666
1927,3.67,0.48,-0.2466666666666666
1928,3.68,0.47,-0.31
1929,3.68,0.47,-0.3266666666666666
1930,3.68,0.48,-0.52
1931,3.68,0.48,-0.4933333333333333
1932,3.68,0.49,-0.52
1933,3.68,0.49,-0.5366666666666666
1934,3.68,0.49,-0.5933333333333334
1935,3.66,0.45,-0.82
1936,3.65,0.43,-0.74
1937,3.65,0.42,-0.7
1938,3.64,0.43,-0.6633333333333333
1939,3.64,0.43,-0.4433333333333333
1940,3.64,0.43,-0.45
1941,3.64,0.44,-0.4
1942,3.63,0.44,-0.3533333333333333
1943,3.63,0.44,-0.3966666666666666
1944,3.63,0.44,-0.4766666666666667
1945,3.63,0.45,-0.49
1946,3.63,0.45,-0.4
1947,3.63,0.46,-0.4133333333333333
1948,3.63,0.47,-0.46
1949,3.62,0.47,-0.51
1950,3.62,0.47,-0.59
1951,3.62,0.48,-0.6066666666666667
1952,3.62,0.47,-0.59
1953,3.61,0.47,-0.5366666666666666
1954,3.6,0.47,-0.5433333333333333
1955,3.6,0.48,-0.53
1956,3.6,0.48,-0.5166666666666667
1957,3.57,0.48,-0.5166666666666667
1958,3.57,0.47,-0.4433333333333333
1959,3.54,0.47,-0.4466666666666666
1960,3.52,0.46,-0.44
1961,3.52,0.48,-0.4433333333333333
1962,3.53,0.52,-0.3233333333333333
1963,3.53,0.52,-0.3633333333333333
1964,3.55,0.52,-0.37
1965,3.56,0.53,-0.3733333333333333
1966,3.57,0.53,-0.51
1967,3.58,0.53,-0.52
1968,3.58,0.53,-0.5166666666666667
1969,3.59,0.53,-0.3766666666666666
1970,3.59,0.53,-0.2133333333333333
1971,3.61,0.51,-0.2733333333333333
1972,3.64,0.48,-0.18
1973,3.67,0.5,-0.2366666666666666
1974,3.68,0.47,-0.5433333333333333
1975,3.71,0.46,-0.69
1976,3.81,0.46,-0.6733333333333333
1977,3.88,0.46,-0.5966666666666667
1978,3.93,0.5,-0.4766666666666667
1979,3.94,0.52,-0.4966666666666666
1980,3.94,0.54,-0.5333333333333333
1981,3.97,0.59,-0.5166666666666667
1982,3.96,0.6,-0.3366666666666666
1983,3.97,0.62,-0.44
1984,3.98,0.67,-0.3566666666666667
1985,3.98,0.71,-0.42
1986,3.97,0.76,-0.5533333333333333
1987,3.95,0.74,-0.6066666666666667
1988,3.95,0.74,-0.72
1989,3.93,0.8,-0.95
1990,3.91,0.91,-0.9166666666666666
1991,3.87,0.89,-1.4
1992,3.85,1.01,-1.4366666666666668
1993,3.84,1.08,-1.43
1994,3.83,1.13,-1.4933333333333334
1995,3.84,1.15,-1.4933333333333334
1996,3.83,1.16,-1.6233333333333333
1997,3.83,1.21,-1.61
1998,3.83,1.22,-1.41
1999,3.83,1.24,-1.4066666666666667
2000,3.84,1.25,-1.3733333333333333
2001,3.85,1.23,-1.2
2002,3.85,1.22,-1.0433333333333332
2003,3.86,1.22,-1.0666666666666669
2004,3.88,1.21,-1.1033333333333333
2005,3.9,1.21,-1.0533333333333332
2006,3.93,1.25,-1.04
2007,3.97,1.25,-1.07
2008,3.99,1.24,-1.0766666666666669
2009,4.02,1.23,-1.2066666666666668
2010,4.01,1.2,-1.2133333333333334
2011,4.01,1.2,-1.2466666666666666
2012,4.0,1.19,-1.38
2013,3.96,1.19,-1.41
2014,3.95,1.18,-1.35
2015,3.91,1.18,-1.3733333333333333
2016,3.88,1.18,-1.5166666666666666
2017,3.87,1.17,-1.643333333333333
2018,3.86,1.17,-1.7066666666666668
2019,3.83,1.17,-1.6
2020,3.82,1.13,-1.6233333333333333
2021,3.83,1.09,-1.5766666666666669
2022,3.83,1.06,-1.5266666666666666
2023,3.82,1.01,-1.4166666666666667
2024,3.81,0.98,-1.3766666666666667
2025,3.79,0.95,-1.143333333333333
2026,3.76,0.89,-1.0733333333333333
2027,3.72,0.83,-1.0133333333333334
2028,3.67,0.81,-0.85
2029,3.64,0.8,-0.59
2030,3.6,0.76,-0.6366666666666667
2031,3.6,0.74,-0.4166666666666667
2032,3.59,0.72,-0.31
2033,3.6,0.7,-0.2033333333333333
2034,3.6,0.63,-0.1633333333333333
2035,3.65,0.56,-0.3166666666666666
2036,3.69,0.5,-0.3866666666666666
2037,3.72,0.45,-0.2833333333333333
2038,3.74,0.46,-0.3066666666666666
2039,3.74,0.47,-0.2733333333333333
2040,3.74,0.44,-0.2833333333333333
2041,3.73,0.42,-0.2566666666666666
2042,3.73,0.4,-0.2966666666666667
2043,3.73,0.37,-0.0733333333333333
2044,3.73,0.38,-0.1166666666666666
2045,3.74,0.38,-0.1766666666666666
2046,3.74,0.38,-0.11
2047,3.74,0.38,0.0166666666666666
2048,3.76,0.38,-0.0866666666666666
2049,3.78,0.38,-0.1533333333333333
2050,3.8,0.39,-0.1066666666666666
2051,3.82,0.39,-0.1166666666666666
2052,3.83,0.39,-0.13
2053,3.83,0.39,-0.1666666666666666
2054,3.84,0.39,-0.32
2055,3.85,0.39,-0.4366666666666666
2056,3.84,0.39,-0.3833333333333333
2057,3.84,0.39,-0.4266666666666667
