0,4.68,4.94,-0.31
1,4.69,4.97,-0.3366666666666666
2,4.69,5.0,-0.36
3,4.7,5.01,-0.38
4,4.7,5.0,-0.3933333333333333
5,4.7,5.0,-0.39
6,4.7,5.01,-0.39
7,4.7,5.01,-0.3866666666666666
8,4.71,5.02,-0.3833333333333333
9,4.71,5.02,-0.3866666666666666
10,4.71,5.02,-0.3866666666666666
11,4.71,5.02,-0.3833333333333333
12,4.71,5.02,-0.3833333333333333
13,4.71,5.02,-0.3833333333333333
14,4.72,5.03,-0.3833333333333333
15,4.72,5.03,-0.3833333333333333
16,4.72,5.03,-0.3833333333333333
17,4.72,5.03,-0.3833333333333333
18,4.72,5.03,-0.3833333333333333
19,4.72,5.04,-0.3833333333333333
20,4.72,5.04,-0.3833333333333333
21,4.72,5.04,-0.3866666666666666
22,4.72,5.03,-0.3866666666666666
23,4.72,5.03,-0.39
24,4.72,5.03,-0.39
25,4.72,5.04,-0.39
26,4.72,5.03,-0.3933333333333333
27,4.72,5.03,-0.3933333333333333
28,4.72,5.03,-0.3966666666666666
29,4.72,5.03,-0.4
30,4.72,5.03,-0.4
31,4.72,5.03,-0.4066666666666667
32,4.72,5.03,-0.4066666666666667
33,4.72,5.03,-0.4166666666666667
34,4.72,5.03,-0.4266666666666667
35,4.73,5.03,-0.43
36,4.73,5.03,-0.4333333333333333
37,4.74,5.03,-0.4366666666666666
38,4.75,5.03,-0.44
39,4.76,5.03,-0.4466666666666666
40,4.77,5.04,-0.45
41,4.78,5.04,-0.4533333333333333
42,4.79,5.04,-0.4533333333333333
43,4.79,5.03,-0.46
44,4.79,5.03,-0.4633333333333333
45,4.79,5.03,-0.4633333333333333
46,4.79,5.04,-0.4633333333333333
47,4.8,5.04,-0.4633333333333333
48,4.8,5.04,-0.4666666666666667
49,4.79,5.03,-0.4666666666666667
50,4.79,5.01,-0.4666666666666667
51,4.79,5.0,-0.4666666666666667
52,4.79,5.0,-0.4566666666666666
53,4.79,4.99,-0.4466666666666666
54,4.8,4.98,-0.4366666666666666
55,4.8,4.97,-0.43
56,4.8,4.97,-0.42
57,4.8,4.97,-0.4233333333333333
58,4.8,4.97,-0.4333333333333333
59,4.81,4.96,-0.4533333333333333
60,4.83,4.95,-0.47
61,4.83,4.95,-0.4766666666666667
62,4.83,4.94,-0.4833333333333333
63,4.84,4.93,-0.4833333333333333
64,4.85,4.91,-0.4866666666666667
65,4.86,4.89,-0.4933333333333333
66,4.87,4.88,-0.5033333333333333
67,4.87,4.88,-0.5066666666666667
68,4.87,4.88,-0.5133333333333333
69,4.87,4.88,-0.5133333333333333
70,4.87,4.9,-0.51
71,4.87,4.91,-0.51
72,4.86,4.91,-0.51
73,4.86,4.91,-0.51
74,4.84,4.9,-0.51
75,4.83,4.9,-0.5133333333333333
76,4.83,4.91,-0.5133333333333333
77,4.82,4.91,-0.5166666666666667
78,4.82,4.91,-0.52
79,4.82,4.91,-0.5166666666666667
80,4.82,4.91,-0.52
81,4.82,4.91,-0.52
82,4.82,4.9,-0.5233333333333333
83,4.83,4.89,-0.5266666666666666
84,4.84,4.88,-0.5266666666666666
85,4.85,4.87,-0.5233333333333333
86,4.85,4.86,-0.5233333333333333
87,4.85,4.84,-0.52
88,4.84,4.82,-0.52
89,4.83,4.79,-0.52
90,4.81,4.78,-0.52
91,4.8,4.78,-0.5233333333333333
92,4.8,4.78,-0.5333333333333333
93,4.81,4.78,-0.5466666666666666
94,4.83,4.78,-0.56
95,4.84,4.77,-0.5833333333333334
96,4.85,4.76,-0.5966666666666667
97,4.86,4.75,-0.6033333333333334
98,4.88,4.75,-0.6166666666666667
99,4.88,4.75,-0.6266666666666667
100,4.88,4.75,-0.6333333333333333
101,4.88,4.75,-0.6333333333333333
102,4.88,4.75,-0.6333333333333333
103,4.88,4.75,-0.6333333333333333
104,4.88,4.75,-0.6333333333333333
105,4.87,4.75,-0.6333333333333333
106,4.87,4.75,-0.6366666666666667
107,4.87,4.76,-0.64
108,4.88,4.77,-0.6466666666666666
109,4.88,4.78,-0.6466666666666666
110,4.89,4.82,-0.6466666666666666
111,4.89,4.84,-0.6466666666666666
112,4.89,4.87,-0.6466666666666666
113,4.89,4.88,-0.65
114,4.88,4.88,-0.65
115,4.88,4.88,-0.6566666666666666
116,4.88,4.88,-0.6666666666666666
117,4.87,4.87,-0.6666666666666666
118,4.87,4.87,-0.6666666666666666
119,4.87,4.88,-0.6666666666666666
120,4.86,4.88,-0.6666666666666666
121,4.86,4.88,-0.6633333333333333
122,4.85,4.88,-0.66
123,4.85,4.88,-0.6533333333333333
124,4.85,4.88,-0.6366666666666667
125,4.85,4.88,-0.6266666666666667
126,4.85,4.88,-0.61
127,4.85,4.88,-0.6033333333333334
128,4.86,4.88,-0.6
129,4.86,4.87,-0.5966666666666667
130,4.86,4.87,-0.5933333333333334
131,4.87,4.86,-0.5766666666666667
132,4.87,4.86,-0.5566666666666666
133,4.87,4.85,-0.55
134,4.88,4.85,-0.5266666666666666
135,4.88,4.85,-0.5233333333333333
136,4.89,4.86,-0.52
137,4.89,4.86,-0.52
138,4.89,4.87,-0.5166666666666667
139,4.89,4.87,-0.5166666666666667
140,4.89,4.87,-0.5166666666666667
141,4.89,4.87,-0.5166666666666667
142,4.89,4.86,-0.52
143,4.89,4.85,-0.52
144,4.89,4.83,-0.52
145,4.89,4.82,-0.5266666666666666
146,4.89,4.81,-0.5266666666666666
147,4.88,4.81,-0.53
148,4.87,4.8,-0.53
149,4.85,4.8,-0.53
150,4.84,4.79,-0.54
151,4.82,4.78,-0.54
152,4.8,4.78,-0.5433333333333333
153,4.78,4.77,-0.5533333333333333
154,4.76,4.76,-0.5566666666666666
155,4.74,4.75,-0.5633333333333334
156,4.72,4.75,-0.5633333333333334
157,4.7,4.75,-0.5566666666666666
158,4.67,4.74,-0.55
159,4.65,4.74,-0.54
160,4.63,4.73,-0.5366666666666666
161,4.62,4.73,-0.5366666666666666
162,4.6,4.72,-0.5366666666666666
163,4.59,4.72,-0.5366666666666666
164,4.58,4.72,-0.54
165,4.57,4.72,-0.5466666666666666
166,4.58,4.72,-0.55
167,4.58,4.72,-0.55
168,4.58,4.72,-0.55
169,4.58,4.72,-0.55
170,4.58,4.71,-0.5433333333333333
171,4.58,4.7,-0.5466666666666666
172,4.59,4.7,-0.5466666666666666
173,4.59,4.69,-0.5433333333333333
174,4.61,4.67,-0.5466666666666666
175,4.62,4.65,-0.5433333333333333
176,4.63,4.62,-0.5433333333333333
177,4.64,4.61,-0.5433333333333333
178,4.65,4.59,-0.5466666666666666
179,4.65,4.58,-0.5466666666666666
180,4.66,4.56,-0.5466666666666666
181,4.68,4.57,-0.5433333333333333
182,4.69,4.57,-0.5433333333333333
183,4.7,4.57,-0.5466666666666666
184,4.71,4.57,-0.5466666666666666
185,4.71,4.61,-0.5466666666666666
186,4.71,4.63,-0.5433333333333333
187,4.71,4.65,-0.5433333333333333
188,4.7,4.67,-0.54
189,4.69,4.67,-0.54
190,4.68,4.67,-0.5433333333333333
191,4.67,4.67,-0.5433333333333333
192,4.66,4.67,-0.5466666666666666
193,4.66,4.67,-0.5466666666666666
194,4.65,4.67,-0.55
195,4.65,4.67,-0.5533333333333333
196,4.65,4.66,-0.5566666666666666
197,4.65,4.66,-0.5566666666666666
198,4.65,4.65,-0.5566666666666666
199,4.65,4.63,-0.5566666666666666
200,4.65,4.62,-0.5533333333333333
201,4.65,4.61,-0.5466666666666666
202,4.65,4.61,-0.5433333333333333
203,4.65,4.61,-0.5433333333333333
204,4.65,4.61,-0.5433333333333333
205,4.65,4.61,-0.54
206,4.65,4.61,-0.54
207,4.65,4.61,-0.5366666666666666
208,4.65,4.61,-0.5366666666666666
209,4.65,4.61,-0.5366666666666666
210,4.65,4.61,-0.5366666666666666
211,4.65,4.61,-0.54
212,4.65,4.61,-0.54
213,4.65,4.61,-0.54
214,4.65,4.61,-0.54
215,4.65,4.62,-0.54
216,4.65,4.62,-0.54
217,4.66,4.62,-0.54
218,4.65,4.63,-0.5366666666666666
219,4.65,4.64,-0.5366666666666666
220,4.65,4.65,-0.53
221,4.65,4.66,-0.5266666666666666
222,4.66,4.66,-0.5266666666666666
223,4.68,4.66,-0.54
224,4.7,4.67,-0.5566666666666666
225,4.73,4.67,-0.57
226,4.75,4.69,-0.5733333333333334
227,4.78,4.69,-0.5633333333333334
228,4.8,4.7,-0.5633333333333334
229,4.82,4.72,-0.5533333333333333
230,4.85,4.74,-0.55
231,4.87,4.75,-0.5333333333333333
232,4.92,4.75,-0.5233333333333333
233,4.98,4.75,-0.51
234,5.05,4.73,-0.4966666666666666
235,5.12,4.73,-0.4966666666666666
236,5.2,4.71,-0.4966666666666666
237,5.25,4.69,-0.49
238,5.31,4.68,-0.5066666666666667
239,5.35,4.68,-0.5166666666666667
240,5.4,4.68,-0.52
241,5.42,4.67,-0.52
242,5.48,4.66,-0.52
243,5.5,4.65,-0.52
244,5.51,4.64,-0.5066666666666667
245,5.52,4.64,-0.5033333333333333
246,5.53,4.63,-0.5033333333333333
247,5.54,4.62,-0.5033333333333333
248,5.55,4.61,-0.5
249,5.55,4.61,-0.4966666666666666
250,5.56,4.61,-0.4966666666666666
251,5.56,4.61,-0.4966666666666666
252,5.56,4.61,-0.4966666666666666
253,5.56,4.61,-0.5
254,5.56,4.61,-0.5
255,5.56,4.62,-0.4966666666666666
256,5.56,4.62,-0.4933333333333333
257,5.56,4.63,-0.4866666666666667
258,5.56,4.63,-0.4866666666666667
259,5.55,4.63,-0.4866666666666667
260,5.55,4.64,-0.4866666666666667
261,5.55,4.64,-0.4866666666666667
262,5.54,4.64,-0.4866666666666667
263,5.54,4.65,-0.4866666666666667
264,5.54,4.66,-0.4866666666666667
265,5.54,4.66,-0.4866666666666667
266,5.54,4.67,-0.4866666666666667
267,5.54,4.67,-0.4866666666666667
268,5.53,4.66,-0.4866666666666667
269,5.51,4.64,-0.4866666666666667
270,5.5,4.63,-0.4866666666666667
271,5.49,4.62,-0.4866666666666667
272,5.48,4.62,-0.4866666666666667
273,5.46,4.62,-0.5066666666666667
274,5.43,4.62,-0.52
275,5.4,4.62,-0.53
276,5.36,4.64,-0.5266666666666666
277,5.32,4.64,-0.53
278,5.29,4.64,-0.53
279,5.24,4.64,-0.5333333333333333
280,5.19,4.65,-0.5333333333333333
281,5.16,4.67,-0.5333333333333333
282,5.15,4.67,-0.53
283,5.12,4.69,-0.53
284,5.09,4.73,-0.53
285,5.06,4.75,-0.54
286,5.04,4.78,-0.5433333333333333
287,5.03,4.78,-0.55
288,5.01,4.78,-0.5533333333333333
289,4.98,4.78,-0.56
290,4.97,4.77,-0.56
291,4.96,4.77,-0.56
292,4.94,4.77,-0.5533333333333333
293,4.94,4.77,-0.5533333333333333
294,4.94,4.77,-0.5533333333333333
295,4.93,4.76,-0.55
296,4.93,4.76,-0.55
297,4.92,4.74,-0.5433333333333333
298,4.93,4.73,-0.54
299,4.93,4.73,-0.54
300,4.93,4.74,-0.54
301,4.93,4.74,-0.54
302,4.93,4.74,-0.5333333333333333
303,4.93,4.74,-0.5333333333333333
304,4.93,4.74,-0.5333333333333333
305,4.93,4.74,-0.5333333333333333
306,4.93,4.74,-0.53
307,4.93,4.74,-0.5333333333333333
308,4.94,4.74,-0.5333333333333333
309,4.94,4.74,-0.5333333333333333
310,4.94,4.74,-0.5333333333333333
311,4.95,4.74,-0.5333333333333333
312,4.95,4.74,-0.5366666666666666
313,4.95,4.73,-0.5366666666666666
314,4.95,4.73,-0.5366666666666666
315,4.95,4.73,-0.54
316,4.95,4.74,-0.54
317,4.95,4.74,-0.54
318,4.95,4.74,-0.54
319,4.96,4.74,-0.5433333333333333
320,4.96,4.74,-0.5433333333333333
321,4.96,4.74,-0.5433333333333333
322,4.96,4.74,-0.5433333333333333
323,4.96,4.74,-0.5433333333333333
324,4.96,4.74,-0.5433333333333333
325,4.96,4.74,-0.5433333333333333
326,4.95,4.74,-0.5433333333333333
327,4.95,4.74,-0.5433333333333333
328,4.95,4.74,-0.5433333333333333
329,4.95,4.74,-0.54
330,4.95,4.74,-0.54
331,4.95,4.74,-0.54
332,4.95,4.73,-0.5366666666666666
333,4.95,4.73,-0.5333333333333333
334,4.94,4.73,-0.53
335,4.94,4.73,-0.5266666666666666
336,4.93,4.74,-0.5266666666666666
337,4.92,4.74,-0.5266666666666666
338,4.92,4.75,-0.5333333333333333
339,4.92,4.75,-0.54
340,4.91,4.75,-0.5566666666666666
341,4.91,4.74,-0.5533333333333333
342,4.91,4.74,-0.56
343,4.91,4.73,-0.5566666666666666
344,4.91,4.71,-0.56
345,4.92,4.71,-0.56
346,4.92,4.71,-0.5533333333333333
347,4.92,4.71,-0.54
348,4.93,4.71,-0.5366666666666666
349,4.95,4.71,-0.5333333333333333
350,4.99,4.72,-0.5233333333333333
351,5.03,4.74,-0.5233333333333333
352,5.07,4.75,-0.52
353,5.1,4.76,-0.51
354,5.12,4.75,-0.5066666666666667
355,5.14,4.74,-0.5066666666666667
356,5.16,4.73,-0.5066666666666667
357,5.18,4.71,-0.5066666666666667
358,5.2,4.71,-0.5066666666666667
359,5.21,4.71,-0.51
360,5.21,4.71,-0.51
361,5.22,4.71,-0.5066666666666667
362,5.22,4.71,-0.5066666666666667
363,5.22,4.7,-0.5066666666666667
364,5.22,4.7,-0.5066666666666667
365,5.22,4.7,-0.5066666666666667
366,5.23,4.7,-0.5066666666666667
367,5.23,4.7,-0.5066666666666667
368,5.24,4.7,-0.5066666666666667
369,5.24,4.7,-0.5066666666666667
370,5.23,4.7,-0.5166666666666667
371,5.22,4.71,-0.52
372,5.19,4.72,-0.52
373,5.17,4.73,-0.5233333333333333
374,5.16,4.77,-0.53
375,5.14,4.79,-0.5366666666666666
376,5.12,4.8,-0.5333333333333333
377,5.11,4.81,-0.5333333333333333
378,5.09,4.8,-0.5333333333333333
379,5.08,4.8,-0.5333333333333333
380,5.08,4.79,-0.5333333333333333
381,5.08,4.78,-0.55
382,5.08,4.77,-0.5533333333333333
383,5.07,4.76,-0.56
384,5.07,4.75,-0.57
385,5.07,4.72,-0.5666666666666667
386,5.07,4.71,-0.57
387,5.07,4.7,-0.57
388,5.07,4.7,-0.5733333333333334
389,5.06,4.69,-0.5766666666666667
390,5.05,4.69,-0.5766666666666667
391,5.05,4.68,-0.5766666666666667
392,5.05,4.68,-0.5766666666666667
393,5.05,4.68,-0.5766666666666667
394,5.05,4.69,-0.5766666666666667
395,5.05,4.7,-0.5766666666666667
396,5.05,4.71,-0.5733333333333334
397,5.05,4.72,-0.57
398,5.05,4.73,-0.57
399,5.05,4.73,-0.57
400,5.05,4.74,-0.57
401,5.06,4.74,-0.57
402,5.06,4.75,-0.57
403,5.06,4.75,-0.57
404,5.06,4.76,-0.57
405,5.06,4.76,-0.5666666666666667
406,5.06,4.76,-0.5633333333333334
407,5.06,4.76,-0.56
408,5.06,4.75,-0.5566666666666666
409,5.05,4.75,-0.5533333333333333
410,5.05,4.75,-0.55
411,5.05,4.76,-0.55
412,5.05,4.76,-0.55
413,5.04,4.77,-0.55
414,5.04,4.77,-0.55
415,5.04,4.77,-0.5466666666666666
416,5.04,4.77,-0.5433333333333333
417,5.04,4.77,-0.5333333333333333
418,5.04,4.78,-0.5266666666666666
419,5.04,4.78,-0.53
420,5.04,4.8,-0.5433333333333333
421,5.04,4.8,-0.55
422,5.06,4.8,-0.5533333333333333
423,5.09,4.8,-0.5533333333333333
424,5.11,4.8,-0.56
425,5.13,4.8,-0.5633333333333334
426,5.14,4.79,-0.5633333333333334
427,5.16,4.78,-0.5566666666666666
428,5.2,4.77,-0.5433333333333333
429,5.26,4.76,-0.5433333333333333
430,5.3,4.75,-0.5433333333333333
431,5.37,4.75,-0.5433333333333333
432,5.45,4.75,-0.5433333333333333
433,5.5,4.75,-0.5433333333333333
434,5.55,4.75,-0.5433333333333333
435,5.62,4.75,-0.55
436,5.71,4.76,-0.5733333333333334
437,5.76,4.76,-0.5833333333333334
438,5.8,4.77,-0.59
439,5.86,4.78,-0.6066666666666667
440,5.92,4.78,-0.62
441,6.0,4.8,-0.6266666666666667
442,6.07,4.86,-0.6366666666666667
443,6.11,4.89,-0.66
444,6.13,4.91,-0.6666666666666666
445,6.14,4.91,-0.67
446,6.15,4.9,-0.6833333333333333
447,6.16,4.9,-0.6833333333333333
448,6.15,4.91,-0.68
449,6.15,4.92,-0.6766666666666666
450,6.18,4.92,-0.6733333333333333
451,6.19,4.92,-0.6733333333333333
452,6.2,4.92,-0.6666666666666666
453,6.21,4.9,-0.6666666666666666
454,6.22,4.9,-0.6666666666666666
455,6.24,4.9,-0.6666666666666666
456,6.26,4.91,-0.6633333333333333
457,6.28,4.93,-0.6666666666666666
458,6.3,4.93,-0.6666666666666666
459,6.31,4.93,-0.6666666666666666
460,6.33,4.94,-0.6666666666666666
461,6.34,4.94,-0.6666666666666666
462,6.34,4.93,-0.6666666666666666
463,6.35,4.92,-0.6666666666666666
464,6.35,4.92,-0.6666666666666666
465,6.35,4.92,-0.6666666666666666
466,6.35,4.92,-0.67
467,6.35,4.92,-0.67
468,6.35,4.93,-0.67
469,6.35,4.93,-0.67
470,6.35,4.95,-0.67
471,6.35,4.95,-0.67
472,6.34,4.96,-0.67
473,6.33,4.96,-0.67
474,6.32,4.96,-0.6666666666666666
475,6.3,4.96,-0.6666666666666666
476,6.29,4.96,-0.6666666666666666
477,6.28,4.95,-0.67
478,6.26,4.92,-0.67
479,6.24,4.88,-0.6666666666666666
480,6.22,4.86,-0.6666666666666666
481,6.2,4.85,-0.6666666666666666
482,6.17,4.81,-0.6666666666666666
483,6.14,4.75,-0.6633333333333333
484,6.12,4.67,-0.6633333333333333
485,6.07,4.61,-0.6666666666666666
486,6.0,4.54,-0.6666666666666666
487,5.95,4.52,-0.6666666666666666
488,5.89,4.46,-0.6633333333333333
489,5.85,4.43,-0.6533333333333333
490,5.81,4.35,-0.6433333333333333
491,5.77,4.29,-0.63
492,5.73,4.26,-0.6233333333333333
493,5.68,4.22,-0.62
494,5.63,4.18,-0.6033333333333334
495,5.58,4.18,-0.59
496,5.53,4.19,-0.5766666666666667
497,5.49,4.21,-0.5666666666666667
498,5.42,4.23,-0.5566666666666666
499,5.37,4.26,-0.5466666666666666
500,5.32,4.34,-0.5333333333333333
501,5.27,4.4,-0.5333333333333333
502,5.23,4.46,-0.5333333333333333
503,5.18,4.5,-0.53
504,5.13,4.55,-0.5233333333333333
505,5.1,4.59,-0.52
506,5.05,4.62,-0.5233333333333333
507,5.01,4.68,-0.5266666666666666
508,4.99,4.7,-0.5466666666666666
509,4.97,4.72,-0.5633333333333334
510,4.94,4.73,-0.5633333333333334
511,4.92,4.76,-0.5666666666666667
512,4.9,4.77,-0.5666666666666667
513,4.88,4.78,-0.57
514,4.86,4.78,-0.5733333333333334
515,4.87,4.77,-0.58
516,4.87,4.77,-0.5866666666666667
517,4.86,4.76,-0.5933333333333334
518,4.85,4.75,-0.6
519,4.84,4.75,-0.5966666666666667
520,4.83,4.74,-0.5966666666666667
521,4.82,4.74,-0.5966666666666667
522,4.82,4.74,-0.5966666666666667
523,4.82,4.73,-0.5966666666666667
524,4.82,4.72,-0.6
525,4.83,4.69,-0.6
526,4.83,4.69,-0.6033333333333334
527,4.83,4.69,-0.6033333333333334
528,4.83,4.7,-0.6033333333333334
529,4.83,4.7,-0.6033333333333334
530,4.83,4.7,-0.6
531,4.83,4.7,-0.6
532,4.83,4.7,-0.5966666666666667
533,4.83,4.7,-0.5966666666666667
534,4.83,4.7,-0.5966666666666667
535,4.83,4.7,-0.5966666666666667
536,4.83,4.71,-0.5933333333333334
537,4.84,4.71,-0.59
538,4.84,4.72,-0.59
539,4.84,4.72,-0.59
540,4.84,4.72,-0.5866666666666667
541,4.84,4.74,-0.5833333333333334
542,4.84,4.74,-0.5833333333333334
543,4.84,4.74,-0.58
544,4.84,4.73,-0.5766666666666667
545,4.84,4.73,-0.5733333333333334
546,4.84,4.72,-0.5633333333333334
547,4.84,4.71,-0.56
548,4.84,4.7,-0.55
549,4.84,4.69,-0.5533333333333333
550,4.84,4.69,-0.5533333333333333
551,4.85,4.68,-0.5533333333333333
552,4.86,4.66,-0.5566666666666666
553,4.88,4.65,-0.56
554,4.9,4.63,-0.56
555,4.94,4.61,-0.57
556,4.97,4.61,-0.57
557,4.99,4.61,-0.5833333333333334
558,5.05,4.63,-0.61
559,5.12,4.64,-0.6133333333333333
560,5.16,4.66,-0.63
561,5.19,4.67,-0.63
562,5.23,4.68,-0.6333333333333333
563,5.29,4.68,-0.6533333333333333
564,5.34,4.68,-0.66
565,5.38,4.7,-0.6766666666666666
566,5.45,4.71,-0.6766666666666666
567,5.5,4.71,-0.68
568,5.56,4.7,-0.68
569,5.6,4.69,-0.6766666666666666
570,5.67,4.67,-0.6733333333333333
571,5.74,4.63,-0.6733333333333333
572,5.76,4.57,-0.67
573,5.79,4.53,-0.6566666666666666
574,5.82,4.5,-0.65
575,5.85,4.51,-0.65
576,5.89,4.52,-0.65
577,5.91,4.52,-0.65
578,5.94,4.53,-0.65
579,5.97,4.53,-0.65
580,5.98,4.54,-0.65
581,5.99,4.54,-0.65
582,6.0,4.54,-0.6466666666666666
583,6.0,4.55,-0.6466666666666666
584,6.02,4.55,-0.6433333333333333
585,6.03,4.56,-0.6433333333333333
586,6.03,4.56,-0.6433333333333333
587,6.04,4.56,-0.6433333333333333
588,6.04,4.57,-0.6433333333333333
589,6.03,4.57,-0.6433333333333333
590,6.03,4.57,-0.64
591,6.05,4.56,-0.64
592,6.07,4.54,-0.64
593,6.07,4.53,-0.64
594,6.07,4.53,-0.6366666666666667
595,6.07,4.52,-0.63
596,6.07,4.52,-0.63
597,6.07,4.52,-0.63
598,6.07,4.52,-0.63
599,6.07,4.5,-0.6333333333333333
600,6.07,4.5,-0.6366666666666667
601,6.07,4.5,-0.6366666666666667
602,6.07,4.5,-0.6366666666666667
603,6.07,4.5,-0.6366666666666667
604,6.07,4.5,-0.6366666666666667
605,6.07,4.49,-0.6366666666666667
606,6.07,4.49,-0.6366666666666667
607,6.07,4.49,-0.64
608,6.07,4.49,-0.64
609,6.07,4.49,-0.64
610,6.07,4.49,-0.6433333333333333
611,6.07,4.51,-0.6433333333333333
612,6.07,4.52,-0.6433333333333333
613,6.07,4.52,-0.6433333333333333
614,6.07,4.52,-0.64
615,6.07,4.52,-0.64
616,6.07,4.52,-0.64
617,6.07,4.51,-0.64
618,6.07,4.51,-0.64
619,6.06,4.51,-0.64
620,6.06,4.51,-0.6366666666666667
621,6.05,4.51,-0.6366666666666667
622,6.05,4.51,-0.6366666666666667
623,6.03,4.51,-0.6366666666666667
624,6.03,4.51,-0.6333333333333333
625,6.03,4.51,-0.6333333333333333
626,6.01,4.51,-0.6333333333333333
627,6.01,4.51,-0.6366666666666667
628,5.99,4.51,-0.6366666666666667
629,5.97,4.51,-0.6366666666666667
630,5.96,4.51,-0.6366666666666667
631,5.91,4.49,-0.64
632,5.87,4.46,-0.65
633,5.84,4.43,-0.6566666666666666
634,5.81,4.39,-0.66
635,5.78,4.35,-0.6666666666666666
636,5.74,4.31,-0.6733333333333333
637,5.69,4.25,-0.6733333333333333
638,5.65,4.2,-0.6666666666666666
639,5.59,4.13,-0.66
640,5.53,4.11,-0.6433333333333333
641,5.49,4.12,-0.6233333333333333
642,5.43,4.12,-0.6133333333333333
643,5.39,4.12,-0.61
644,5.33,4.13,-0.61
645,5.31,4.14,-0.6033333333333334
646,5.27,4.14,-0.5933333333333334
647,5.22,4.16,-0.58
648,5.19,4.19,-0.5733333333333334
649,5.15,4.24,-0.5666666666666667
650,5.09,4.31,-0.5466666666666666
651,5.06,4.38,-0.55
652,5.0,4.48,-0.5533333333333333
653,4.96,4.54,-0.5566666666666666
654,4.93,4.58,-0.5566666666666666
655,4.9,4.63,-0.56
656,4.87,4.65,-0.5666666666666667
657,4.85,4.68,-0.57
658,4.83,4.67,-0.5766666666666667
659,4.83,4.68,-0.5833333333333334
660,4.8,4.68,-0.5833333333333334
661,4.79,4.69,-0.58
662,4.8,4.71,-0.5766666666666667
663,4.8,4.7,-0.5866666666666667
664,4.8,4.71,-0.59
665,4.78,4.73,-0.59
666,4.78,4.75,-0.59
667,4.78,4.78,-0.5833333333333334
668,4.77,4.78,-0.58
669,4.75,4.77,-0.5766666666666667
670,4.74,4.75,-0.5766666666666667
671,4.73,4.74,-0.5733333333333334
672,4.73,4.71,-0.5733333333333334
673,4.73,4.69,-0.5733333333333334
674,4.73,4.68,-0.5733333333333334
675,4.73,4.68,-0.5733333333333334
676,4.73,4.68,-0.58
677,4.73,4.69,-0.58
678,4.74,4.69,-0.5833333333333334
679,4.75,4.69,-0.5833333333333334
680,4.76,4.7,-0.5833333333333334
681,4.78,4.7,-0.5833333333333334
682,4.8,4.7,-0.5833333333333334
683,4.81,4.7,-0.58
684,4.82,4.7,-0.58
685,4.83,4.7,-0.5766666666666667
686,4.84,4.7,-0.5766666666666667
687,4.85,4.69,-0.5766666666666667
688,4.85,4.68,-0.5733333333333334
689,4.86,4.67,-0.5733333333333334
690,4.86,4.66,-0.5733333333333334
691,4.87,4.66,-0.5733333333333334
692,4.87,4.66,-0.57
693,4.87,4.66,-0.57
694,4.87,4.65,-0.5733333333333334
695,4.87,4.66,-0.5733333333333334
696,4.87,4.66,-0.5733333333333334
697,4.87,4.66,-0.5733333333333334
698,4.87,4.66,-0.58
699,4.87,4.67,-0.5866666666666667
700,4.86,4.67,-0.5866666666666667
701,4.85,4.68,-0.5933333333333334
702,4.84,4.7,-0.5966666666666667
703,4.84,4.72,-0.5966666666666667
704,4.83,4.73,-0.5833333333333334
705,4.83,4.74,-0.58
706,4.83,4.75,-0.5766666666666667
707,4.83,4.77,-0.58
708,4.83,4.79,-0.5766666666666667
709,4.84,4.81,-0.5766666666666667
710,4.85,4.84,-0.5666666666666667
711,4.86,4.85,-0.5633333333333334
712,4.87,4.87,-0.5466666666666666
713,4.92,4.87,-0.54
714,4.96,4.85,-0.53
715,5.0,4.83,-0.53
716,5.08,4.78,-0.53
717,5.13,4.74,-0.5166666666666667
718,5.17,4.71,-0.51
719,5.2,4.69,-0.51
720,5.22,4.69,-0.5033333333333333
721,5.25,4.7,-0.4966666666666666
722,5.27,4.71,-0.4966666666666666
723,5.29,4.71,-0.5
724,5.31,4.72,-0.4966666666666666
725,5.31,4.72,-0.49
726,5.31,4.73,-0.4833333333333333
727,5.3,4.73,-0.4766666666666667
728,5.3,4.73,-0.4733333333333333
729,5.3,4.74,-0.4733333333333333
730,5.3,4.74,-0.4733333333333333
731,5.29,4.74,-0.4733333333333333
732,5.29,4.74,-0.4733333333333333
733,5.29,4.74,-0.4733333333333333
734,5.29,4.74,-0.4766666666666667
735,5.29,4.75,-0.4766666666666667
736,5.29,4.76,-0.4766666666666667
737,5.29,4.76,-0.48
738,5.29,4.77,-0.48
739,5.29,4.77,-0.4866666666666667
740,5.29,4.77,-0.49
741,5.29,4.77,-0.49
742,5.29,4.78,-0.49
743,5.29,4.79,-0.4933333333333333
744,5.3,4.8,-0.4966666666666666
745,5.3,4.8,-0.4966666666666666
746,5.3,4.79,-0.4966666666666666
747,5.3,4.77,-0.4966666666666666
748,5.3,4.76,-0.5
749,5.3,4.74,-0.5
750,5.3,4.7,-0.5033333333333333
751,5.31,4.68,-0.5033333333333333
752,5.32,4.65,-0.4966666666666666
753,5.35,4.64,-0.4866666666666667
754,5.4,4.62,-0.49
755,5.44,4.62,-0.4933333333333333
756,5.5,4.62,-0.5
757,5.56,4.62,-0.51
758,5.62,4.62,-0.5433333333333333
759,5.68,4.64,-0.57
760,5.76,4.67,-0.5966666666666667
761,5.84,4.68,-0.64
762,5.94,4.68,-0.6833333333333333
763,6.0,4.68,-0.7
764,6.06,4.72,-0.6966666666666667
765,6.13,4.75,-0.68
766,6.2,4.8,-0.6733333333333333
767,6.21,4.8,-0.68
768,6.19,4.82,-0.68
769,6.17,4.84,-0.6733333333333333
770,6.17,4.84,-0.6733333333333333
771,6.16,4.82,-0.6733333333333333
772,6.16,4.8,-0.67
773,6.15,4.77,-0.67
774,6.15,4.73,-0.67
775,6.15,4.72,-0.67
776,6.17,4.72,-0.6666666666666666
777,6.2,4.72,-0.6633333333333333
778,6.27,4.72,-0.6566666666666666
779,6.31,4.72,-0.6566666666666666
780,6.32,4.75,-0.6566666666666666
781,6.34,4.78,-0.66
782,6.33,4.78,-0.66
783,6.33,4.79,-0.66
784,6.32,4.79,-0.6666666666666666
785,6.32,4.79,-0.67
786,6.32,4.78,-0.67
787,6.32,4.77,-0.67
788,6.32,4.76,-0.67
789,6.32,4.75,-0.67
790,6.31,4.75,-0.6666666666666666
791,6.31,4.74,-0.6666666666666666
792,6.3,4.74,-0.6666666666666666
793,6.29,4.74,-0.6666666666666666
794,6.28,4.74,-0.6666666666666666
795,6.27,4.74,-0.6666666666666666
796,6.27,4.74,-0.6666666666666666
797,6.27,4.74,-0.6633333333333333
798,6.27,4.74,-0.6633333333333333
799,6.27,4.74,-0.6633333333333333
800,6.27,4.74,-0.6633333333333333
801,6.27,4.74,-0.6633333333333333
802,6.27,4.73,-0.6633333333333333
803,6.27,4.73,-0.66
804,6.26,4.73,-0.6633333333333333
805,6.25,4.73,-0.6633333333333333
806,6.24,4.73,-0.6566666666666666
807,6.24,4.72,-0.6533333333333333
808,6.22,4.71,-0.6533333333333333
809,6.18,4.7,-0.65
810,6.16,4.69,-0.6366666666666667
811,6.14,4.65,-0.6366666666666667
812,6.12,4.59,-0.6333333333333333
813,6.09,4.52,-0.6333333333333333
814,6.05,4.49,-0.6366666666666667
815,6.01,4.45,-0.6366666666666667
816,5.97,4.41,-0.6366666666666667
817,5.92,4.37,-0.64
818,5.89,4.33,-0.6466666666666666
819,5.85,4.32,-0.65
820,5.81,4.22,-0.6533333333333333
821,5.77,4.17,-0.6533333333333333
822,5.72,4.12,-0.6466666666666666
823,5.67,4.09,-0.6433333333333333
824,5.64,4.08,-0.63
825,5.61,4.07,-0.6233333333333333
826,5.57,4.06,-0.61
827,5.5,4.09,-0.6133333333333333
828,5.43,4.1,-0.61
829,5.37,4.11,-0.6033333333333334
830,5.32,4.14,-0.5866666666666667
831,5.27,4.2,-0.58
832,5.21,4.27,-0.57
833,5.16,4.34,-0.5566666666666666
834,5.12,4.43,-0.56
835,5.07,4.48,-0.56
836,4.99,4.53,-0.56
837,4.94,4.57,-0.56
838,4.88,4.64,-0.5633333333333334
839,4.85,4.68,-0.5633333333333334
840,4.84,4.73,-0.57
841,4.81,4.75,-0.57
842,4.77,4.75,-0.5766666666666667
843,4.76,4.74,-0.5766666666666667
844,4.72,4.73,-0.5766666666666667
845,4.7,4.72,-0.5733333333333334
846,4.67,4.72,-0.5733333333333334
847,4.65,4.71,-0.5766666666666667
848,4.64,4.71,-0.5833333333333334
849,4.63,4.7,-0.59
850,4.62,4.69,-0.59
851,4.61,4.66,-0.5866666666666667
852,4.61,4.65,-0.5866666666666667
853,4.6,4.64,-0.5866666666666667
854,4.61,4.62,-0.5866666666666667
855,4.61,4.59,-0.5866666666666667
856,4.61,4.59,-0.5866666666666667
857,4.61,4.58,-0.5866666666666667
858,4.61,4.57,-0.5866666666666667
859,4.61,4.57,-0.59
860,4.62,4.61,-0.5933333333333334
861,4.62,4.63,-0.6
862,4.64,4.64,-0.6066666666666667
863,4.66,4.66,-0.6066666666666667
864,4.67,4.66,-0.6066666666666667
865,4.68,4.67,-0.6
866,4.69,4.67,-0.5933333333333334
867,4.7,4.67,-0.5933333333333334
868,4.7,4.67,-0.5933333333333334
869,4.71,4.66,-0.59
870,4.71,4.66,-0.5933333333333334
871,4.72,4.67,-0.5933333333333334
872,4.72,4.68,-0.59
873,4.72,4.69,-0.59
874,4.72,4.69,-0.59
875,4.72,4.69,-0.59
876,4.73,4.69,-0.59
877,4.73,4.69,-0.59
878,4.73,4.7,-0.59
879,4.73,4.72,-0.58
880,4.73,4.74,-0.5666666666666667
881,4.73,4.74,-0.5466666666666666
882,4.76,4.75,-0.53
883,4.77,4.79,-0.53
884,4.81,4.8,-0.5333333333333333
885,4.83,4.81,-0.5333333333333333
886,4.86,4.81,-0.53
887,4.9,4.82,-0.5233333333333333
888,4.93,4.82,-0.5166666666666667
889,4.94,4.81,-0.5
890,4.97,4.81,-0.4666666666666667
891,5.01,4.79,-0.46
892,5.1,4.77,-0.4466666666666666
893,5.18,4.74,-0.4533333333333333
894,5.26,4.71,-0.4533333333333333
895,5.35,4.7,-0.45
896,5.44,4.69,-0.45
897,5.51,4.67,-0.4533333333333333
898,5.58,4.67,-0.47
899,5.65,4.66,-0.48
900,5.72,4.66,-0.49
901,5.81,4.66,-0.4933333333333333
902,5.89,4.66,-0.5033333333333333
903,5.95,4.67,-0.5333333333333333
904,5.97,4.68,-0.5533333333333333
905,6.04,4.7,-0.5766666666666667
906,6.11,4.72,-0.59
907,6.18,4.75,-0.5933333333333334
908,6.24,4.79,-0.61
909,6.26,4.88,-0.6233333333333333
910,6.32,4.88,-0.6433333333333333
911,6.34,4.88,-0.6466666666666666
912,6.34,4.88,-0.66
913,6.33,4.91,-0.6766666666666666
914,6.33,4.95,-0.6766666666666666
915,6.34,4.95,-0.67
916,6.35,4.94,-0.6666666666666666
917,6.36,4.95,-0.6633333333333333
918,6.37,4.94,-0.6666666666666666
919,6.36,4.9,-0.6666666666666666
920,6.37,4.89,-0.6633333333333333
921,6.38,4.89,-0.6633333333333333
922,6.39,4.91,-0.6666666666666666
923,6.41,4.93,-0.6666666666666666
924,6.41,4.94,-0.6666666666666666
925,6.41,4.94,-0.67
926,6.41,4.94,-0.67
927,6.42,4.93,-0.67
928,6.43,4.93,-0.67
929,6.43,4.93,-0.6733333333333333
930,6.44,4.92,-0.6733333333333333
931,6.44,4.92,-0.6733333333333333
932,6.43,4.92,-0.6733333333333333
933,6.43,4.92,-0.6733333333333333
934,6.43,4.92,-0.6733333333333333
935,6.43,4.92,-0.6733333333333333
936,6.43,4.93,-0.6733333333333333
937,6.43,4.93,-0.6733333333333333
938,6.43,4.93,-0.6733333333333333
939,6.43,4.92,-0.6733333333333333
940,6.42,4.91,-0.67
941,6.4,4.88,-0.6666666666666666
942,6.37,4.85,-0.6633333333333333
943,6.36,4.83,-0.66
944,6.35,4.81,-0.6533333333333333
945,6.33,4.77,-0.65
946,6.3,4.74,-0.65
947,6.27,4.7,-0.6433333333333333
948,6.25,4.66,-0.64
949,6.2,4.6,-0.64
950,6.14,4.55,-0.6466666666666666
951,6.1,4.48,-0.6566666666666666
952,6.07,4.41,-0.6566666666666666
953,6.01,4.34,-0.6566666666666666
954,5.94,4.31,-0.65
955,5.87,4.26,-0.63
956,5.8,4.23,-0.6233333333333333
957,5.77,4.17,-0.6133333333333333
958,5.75,4.15,-0.6033333333333334
959,5.71,4.09,-0.5966666666666667
960,5.63,4.07,-0.58
961,5.55,4.06,-0.57
962,5.48,4.06,-0.5666666666666667
963,5.41,4.06,-0.56
964,5.36,4.06,-0.5633333333333334
965,5.32,4.06,-0.5633333333333334
966,5.26,4.07,-0.56
967,5.21,4.08,-0.5466666666666666
968,5.17,4.11,-0.5466666666666666
969,5.14,4.16,-0.5433333333333333
970,5.09,4.21,-0.54
971,5.04,4.26,-0.53
972,4.99,4.35,-0.5133333333333333
973,4.94,4.44,-0.5033333333333333
974,4.91,4.52,-0.5033333333333333
975,4.88,4.61,-0.5033333333333333
976,4.86,4.67,-0.5033333333333333
977,4.83,4.74,-0.5233333333333333
978,4.8,4.76,-0.5333333333333333
979,4.79,4.78,-0.5433333333333333
980,4.79,4.79,-0.5533333333333333
981,4.78,4.81,-0.5633333333333334
982,4.77,4.82,-0.5733333333333334
983,4.75,4.84,-0.5766666666666667
984,4.74,4.83,-0.58
985,4.73,4.82,-0.5866666666666667
986,4.72,4.82,-0.5866666666666667
987,4.72,4.82,-0.5866666666666667
988,4.7,4.81,-0.59
989,4.7,4.8,-0.59
990,4.69,4.78,-0.59
991,4.68,4.75,-0.5866666666666667
992,4.68,4.74,-0.5866666666666667
993,4.67,4.73,-0.5866666666666667
994,4.67,4.72,-0.5866666666666667
995,4.68,4.72,-0.59
996,4.68,4.72,-0.59
997,4.68,4.72,-0.5933333333333334
998,4.69,4.72,-0.5933333333333334
999,4.7,4.72,-0.5933333333333334
1000,4.71,4.72,-0.5966666666666667
1001,4.72,4.72,-0.6033333333333334
1002,4.73,4.72,-0.6033333333333334
1003,4.74,4.72,-0.6033333333333334
1004,4.75,4.73,-0.6
1005,4.75,4.73,-0.6
1006,4.75,4.73,-0.6
1007,4.76,4.73,-0.6
1008,4.77,4.73,-0.6
1009,4.78,4.72,-0.6
1010,4.79,4.72,-0.6
1011,4.8,4.72,-0.6
1012,4.81,4.72,-0.5966666666666667
1013,4.82,4.72,-0.59
1014,4.82,4.72,-0.5866666666666667
1015,4.83,4.72,-0.5866666666666667
1016,4.84,4.71,-0.5866666666666667
1017,4.84,4.7,-0.5866666666666667
1018,4.85,4.69,-0.59
1019,4.87,4.67,-0.5966666666666667
1020,4.87,4.66,-0.6
1021,4.87,4.65,-0.6066666666666667
1022,4.88,4.64,-0.61
1023,4.88,4.62,-0.6233333333333333
1024,4.89,4.6,-0.6233333333333333
1025,4.89,4.59,-0.6266666666666667
1026,4.88,4.59,-0.6266666666666667
1027,4.88,4.58,-0.6266666666666667
1028,4.88,4.58,-0.6266666666666667
1029,4.88,4.58,-0.62
1030,4.89,4.59,-0.5933333333333334
1031,4.89,4.64,-0.5633333333333334
1032,4.91,4.7,-0.5666666666666667
1033,4.94,4.73,-0.56
1034,4.97,4.81,-0.5366666666666666
1035,4.99,4.84,-0.5266666666666666
1036,5.0,4.9,-0.52
1037,5.03,4.95,-0.4966666666666666
1038,5.06,4.97,-0.4066666666666667
1039,5.12,4.99,-0.32
1040,5.13,5.05,-0.27
1041,5.17,5.07,-0.26
1042,5.18,5.11,-0.2866666666666667
1043,5.22,5.13,-0.2966666666666667
1044,5.27,5.11,-0.3166666666666666
1045,5.3,5.08,-0.3366666666666666
1046,5.33,5.04,-0.34
1047,5.38,5.04,-0.3466666666666667
1048,5.44,5.03,-0.3733333333333333
1049,5.5,5.02,-0.3866666666666666
1050,5.56,5.0,-0.39
1051,5.61,4.94,-0.39
1052,5.65,4.91,-0.39
1053,5.69,4.87,-0.4166666666666667
1054,5.73,4.84,-0.4533333333333333
1055,5.75,4.84,-0.45
1056,5.76,4.83,-0.4466666666666666
1057,5.77,4.83,-0.4566666666666666
1058,5.79,4.83,-0.46
1059,5.81,4.82,-0.4566666666666666
1060,5.82,4.83,-0.4566666666666666
1061,5.82,4.83,-0.4733333333333333
1062,5.82,4.83,-0.4866666666666667
1063,5.82,4.84,-0.4933333333333333
1064,5.83,4.85,-0.51
1065,5.84,4.86,-0.52
1066,5.84,4.86,-0.52
1067,5.85,4.86,-0.5166666666666667
1068,5.85,4.87,-0.5066666666666667
1069,5.85,4.87,-0.4966666666666666
1070,5.86,4.87,-0.4966666666666666
1071,5.86,4.88,-0.4966666666666666
1072,5.86,4.88,-0.51
1073,5.87,4.88,-0.5733333333333334
1074,5.87,4.87,-0.5866666666666667
1075,5.87,4.84,-0.58
1076,5.87,4.83,-0.5766666666666667
1077,5.87,4.82,-0.5833333333333334
1078,5.87,4.8,-0.5766666666666667
1079,5.87,4.78,-0.5766666666666667
1080,5.85,4.73,-0.6
1081,5.84,4.69,-0.6033333333333334
1082,5.83,4.64,-0.6
1083,5.83,4.58,-0.5966666666666667
1084,5.83,4.52,-0.6033333333333334
1085,5.82,4.5,-0.62
1086,5.81,4.46,-0.6166666666666667
1087,5.77,4.41,-0.6166666666666667
1088,5.73,4.36,-0.6133333333333333
1089,5.69,4.31,-0.6133333333333333
1090,5.66,4.3,-0.6133333333333333
1091,5.63,4.27,-0.6133333333333333
1092,5.61,4.27,-0.6033333333333334
1093,5.57,4.25,-0.6
1094,5.5,4.25,-0.5966666666666667
1095,5.45,4.25,-0.59
1096,5.39,4.26,-0.56
1097,5.34,4.27,-0.5433333333333333
1098,5.28,4.28,-0.54
1099,5.22,4.32,-0.5433333333333333
1100,5.17,4.36,-0.5433333333333333
1101,5.11,4.42,-0.5433333333333333
1102,5.05,4.49,-0.5466666666666666
1103,5.01,4.54,-0.5466666666666666
1104,4.97,4.59,-0.5466666666666666
1105,4.94,4.63,-0.5466666666666666
1106,4.93,4.61,-0.55
1107,4.91,4.62,-0.5466666666666666
1108,4.88,4.62,-0.55
1109,4.87,4.61,-0.55
1110,4.85,4.62,-0.5466666666666666
1111,4.84,4.61,-0.54
1112,4.83,4.62,-0.54
1113,4.83,4.62,-0.54
1114,4.82,4.63,-0.5466666666666666
1115,4.82,4.63,-0.55
1116,4.81,4.63,-0.5566666666666666
1117,4.8,4.63,-0.5666666666666667
1118,4.8,4.63,-0.5666666666666667
1119,4.81,4.63,-0.57
1120,4.81,4.61,-0.5766666666666667
1121,4.81,4.6,-0.5833333333333334
1122,4.81,4.59,-0.59
1123,4.82,4.59,-0.5933333333333334
1124,4.83,4.59,-0.5966666666666667
1125,4.84,4.6,-0.5966666666666667
1126,4.85,4.6,-0.6033333333333334
1127,4.86,4.6,-0.6033333333333334
1128,4.89,4.6,-0.6033333333333334
1129,4.91,4.59,-0.6033333333333334
1130,4.92,4.58,-0.6
1131,4.93,4.57,-0.6
1132,4.93,4.56,-0.6033333333333334
1133,4.93,4.54,-0.6033333333333334
1134,4.94,4.53,-0.6133333333333333
1135,4.94,4.53,-0.6166666666666667
1136,4.95,4.52,-0.6133333333333333
1137,4.95,4.52,-0.6133333333333333
1138,4.95,4.5,-0.6133333333333333
1139,4.95,4.48,-0.6133333333333333
1140,4.95,4.45,-0.6133333333333333
1141,4.95,4.42,-0.62
1142,4.94,4.4,-0.6266666666666667
1143,4.94,4.37,-0.6366666666666667
1144,4.94,4.35,-0.6433333333333333
1145,4.94,4.34,-0.6533333333333333
1146,4.94,4.34,-0.66
1147,4.94,4.34,-0.66
1148,4.93,4.34,-0.6566666666666666
1149,4.93,4.35,-0.6433333333333333
1150,4.93,4.39,-0.64
1151,4.95,4.48,-0.62
1152,5.02,4.5,-0.5866666666666667
1153,5.06,4.54,-0.5633333333333334
1154,5.09,4.58,-0.5633333333333334
1155,5.11,4.64,-0.5566666666666666
1156,5.13,4.76,-0.55
1157,5.16,4.82,-0.5566666666666666
1158,5.16,4.88,-0.5233333333333333
1159,5.21,4.88,-0.4466666666666666
1160,5.27,4.89,-0.38
1161,5.32,4.9,-0.31
1162,5.38,4.93,-0.3266666666666666
1163,5.44,4.97,-0.3333333333333333
1164,5.47,4.98,-0.34
1165,5.53,5.01,-0.3533333333333333
1166,5.58,5.0,-0.36
1167,5.62,4.98,-0.4066666666666667
1168,5.67,4.97,-0.4266666666666667
1169,5.71,4.97,-0.42
1170,5.76,4.96,-0.4166666666666667
1171,5.82,4.91,-0.42
1172,5.89,4.9,-0.4433333333333333
1173,5.96,4.9,-0.47
1174,6.0,4.89,-0.47
1175,6.01,4.88,-0.4666666666666667
1176,6.04,4.87,-0.46
1177,6.05,4.87,-0.4566666666666666
1178,6.06,4.86,-0.47
1179,6.07,4.86,-0.47
1180,6.07,4.86,-0.4733333333333333
1181,6.09,4.87,-0.4766666666666667
1182,6.1,4.88,-0.4833333333333333
1183,6.09,4.87,-0.4833333333333333
1184,6.09,4.87,-0.4866666666666667
1185,6.08,4.87,-0.4866666666666667
1186,6.08,4.87,-0.4866666666666667
1187,6.08,4.87,-0.49
1188,6.08,4.87,-0.4933333333333333
1189,6.08,4.86,-0.4966666666666666
1190,6.08,4.85,-0.5
1191,6.08,4.85,-0.5166666666666667
1192,6.08,4.85,-0.5333333333333333
1193,6.08,4.85,-0.5566666666666666
1194,6.09,4.83,-0.5633333333333334
1195,6.09,4.82,-0.56
1196,6.1,4.8,-0.56
1197,6.11,4.8,-0.57
1198,6.12,4.79,-0.57
1199,6.12,4.74,-0.5666666666666667
1200,6.12,4.72,-0.57
1201,6.12,4.68,-0.5666666666666667
1202,6.12,4.64,-0.57
1203,6.11,4.61,-0.58
1204,6.11,4.56,-0.59
1205,6.08,4.52,-0.6
1206,6.05,4.51,-0.6
1207,6.01,4.48,-0.6033333333333334
1208,5.96,4.46,-0.6033333333333334
1209,5.92,4.43,-0.6066666666666667
1210,5.88,4.4,-0.6033333333333334
1211,5.83,4.38,-0.5966666666666667
1212,5.78,4.34,-0.58
1213,5.72,4.31,-0.5633333333333334
1214,5.66,4.28,-0.56
1215,5.61,4.26,-0.5533333333333333
1216,5.54,4.23,-0.55
1217,5.48,4.21,-0.5433333333333333
1218,5.43,4.21,-0.54
1219,5.37,4.21,-0.5333333333333333
1220,5.31,4.21,-0.53
1221,5.24,4.21,-0.5266666666666666
1222,5.17,4.22,-0.5233333333333333
1223,5.11,4.27,-0.5233333333333333
1224,5.06,4.35,-0.5233333333333333
1225,5.0,4.41,-0.5133333333333333
1226,4.96,4.47,-0.5066666666666667
1227,4.93,4.53,-0.5033333333333333
1228,4.9,4.57,-0.4866666666666667
1229,4.85,4.56,-0.49
1230,4.82,4.56,-0.49
1231,4.8,4.56,-0.4933333333333333
1232,4.8,4.57,-0.5
1233,4.8,4.6,-0.5
1234,4.81,4.62,-0.5066666666666667
1235,4.8,4.64,-0.5133333333333333
1236,4.79,4.66,-0.52
1237,4.79,4.67,-0.5233333333333333
1238,4.8,4.67,-0.5233333333333333
1239,4.8,4.68,-0.5333333333333333
1240,4.8,4.68,-0.54
1241,4.8,4.67,-0.5466666666666666
1242,4.8,4.66,-0.5533333333333333
1243,4.8,4.64,-0.5566666666666666
1244,4.8,4.61,-0.5566666666666666
1245,4.81,4.6,-0.56
1246,4.81,4.6,-0.56
1247,4.82,4.58,-0.56
1248,4.83,4.57,-0.5633333333333334
1249,4.83,4.56,-0.5633333333333334
1250,4.84,4.56,-0.5633333333333334
1251,4.84,4.56,-0.5633333333333334
1252,4.84,4.56,-0.5633333333333334
1253,4.85,4.57,-0.56
1254,4.85,4.59,-0.5533333333333333
1255,4.86,4.6,-0.5533333333333333
1256,4.87,4.61,-0.5533333333333333
1257,4.87,4.62,-0.5533333333333333
1258,4.87,4.63,-0.5533333333333333
1259,4.88,4.63,-0.5533333333333333
1260,4.88,4.63,-0.5566666666666666
1261,4.88,4.63,-0.56
1262,4.88,4.62,-0.56
1263,4.88,4.62,-0.56
1264,4.88,4.61,-0.56
1265,4.88,4.59,-0.5666666666666667
1266,4.88,4.58,-0.5666666666666667
1267,4.88,4.57,-0.5766666666666667
1268,4.89,4.57,-0.5833333333333334
1269,4.89,4.57,-0.5833333333333334
1270,4.89,4.57,-0.5833333333333334
1271,4.89,4.57,-0.58
1272,4.89,4.57,-0.5733333333333334
1273,4.89,4.57,-0.5666666666666667
1274,4.89,4.6,-0.5666666666666667
1275,4.9,4.63,-0.5666666666666667
1276,4.9,4.66,-0.56
1277,4.91,4.68,-0.55
1278,4.93,4.72,-0.5433333333333333
1279,4.95,4.76,-0.54
1280,4.98,4.81,-0.54
1281,5.0,4.86,-0.5233333333333333
1282,5.01,4.93,-0.5133333333333333
1283,5.05,4.95,-0.48
1284,5.07,4.97,-0.44
1285,5.12,4.96,-0.3966666666666666
1286,5.17,4.95,-0.3766666666666666
1287,5.22,4.94,-0.3966666666666666
1288,5.31,4.92,-0.41
1289,5.37,4.89,-0.4166666666666667
1290,5.42,4.84,-0.42
1291,5.48,4.8,-0.4366666666666666
1292,5.57,4.77,-0.4433333333333333
1293,5.64,4.76,-0.4566666666666666
1294,5.7,4.75,-0.4833333333333333
1295,5.77,4.75,-0.51
1296,5.85,4.76,-0.5366666666666666
1297,5.91,4.78,-0.5333333333333333
1298,5.98,4.8,-0.5466666666666666
1299,6.01,4.81,-0.5566666666666666
1300,6.06,4.81,-0.58
1301,6.12,4.82,-0.5866666666666667
1302,6.21,4.84,-0.59
1303,6.25,4.95,-0.6366666666666667
1304,6.3,4.96,-0.6766666666666666
1305,6.33,4.98,-0.68
1306,6.34,4.97,-0.6833333333333333
1307,6.36,4.97,-0.6866666666666666
1308,6.36,4.96,-0.7
1309,6.37,4.96,-0.7066666666666667
1310,6.38,4.96,-0.7
1311,6.39,4.96,-0.6933333333333334
1312,6.42,4.96,-0.6933333333333334
1313,6.43,4.96,-0.69
1314,6.43,4.94,-0.69
1315,6.43,4.94,-0.69
1316,6.43,4.95,-0.69
1317,6.45,4.96,-0.6866666666666666
1318,6.47,4.96,-0.6866666666666666
1319,6.48,4.97,-0.6866666666666666
1320,6.48,4.98,-0.69
1321,6.48,4.98,-0.6933333333333334
1322,6.48,4.98,-0.6933333333333334
1323,6.48,4.98,-0.6933333333333334
1324,6.48,4.98,-0.6933333333333334
1325,6.48,4.98,-0.6966666666666667
1326,6.48,4.97,-0.6966666666666667
1327,6.48,4.97,-0.7
1328,6.48,4.96,-0.6933333333333334
1329,6.48,4.95,-0.69
1330,6.47,4.9,-0.6833333333333333
1331,6.46,4.86,-0.6733333333333333
1332,6.42,4.79,-0.6633333333333333
1333,6.4,4.74,-0.65
1334,6.35,4.69,-0.6466666666666666
1335,6.31,4.65,-0.65
1336,6.27,4.6,-0.66
1337,6.21,4.55,-0.6633333333333333
1338,6.15,4.49,-0.66
1339,6.12,4.42,-0.6566666666666666
1340,6.08,4.33,-0.65
1341,6.03,4.28,-0.6366666666666667
1342,6.0,4.25,-0.6166666666666667
1343,5.94,4.21,-0.6
1344,5.86,4.17,-0.5966666666666667
1345,5.78,4.14,-0.5733333333333334
1346,5.71,4.12,-0.5433333333333333
1347,5.66,4.11,-0.54
1348,5.62,4.12,-0.54
1349,5.57,4.12,-0.54
1350,5.52,4.13,-0.5333333333333333
1351,5.47,4.13,-0.54
1352,5.42,4.15,-0.54
1353,5.4,4.18,-0.5433333333333333
1354,5.35,4.24,-0.5366666666666666
1355,5.31,4.29,-0.5366666666666666
1356,5.27,4.35,-0.5233333333333333
1357,5.23,4.43,-0.5
1358,5.19,4.51,-0.4866666666666667
1359,5.14,4.55,-0.4866666666666667
1360,5.12,4.62,-0.4866666666666667
1361,5.1,4.68,-0.49
1362,5.07,4.72,-0.4933333333333333
1363,5.05,4.78,-0.4933333333333333
1364,5.05,4.81,-0.5133333333333333
1365,5.03,4.81,-0.5166666666666667
1366,5.0,4.86,-0.52
1367,4.99,4.87,-0.53
1368,4.95,4.88,-0.5233333333333333
1369,4.94,4.86,-0.5233333333333333
1370,4.93,4.87,-0.5233333333333333
1371,4.93,4.86,-0.5233333333333333
1372,4.91,4.86,-0.5233333333333333
1373,4.91,4.85,-0.5233333333333333
1374,4.91,4.84,-0.5233333333333333
1375,4.91,4.82,-0.5233333333333333
1376,4.91,4.79,-0.5266666666666666
1377,4.91,4.76,-0.5266666666666666
1378,4.91,4.75,-0.5266666666666666
1379,4.9,4.74,-0.5266666666666666
1380,4.9,4.74,-0.5266666666666666
1381,4.9,4.74,-0.5266666666666666
1382,4.9,4.74,-0.5266666666666666
1383,4.9,4.74,-0.5266666666666666
1384,4.91,4.75,-0.5266666666666666
1385,4.91,4.76,-0.5266666666666666
1386,4.91,4.78,-0.5266666666666666
1387,4.92,4.79,-0.53
1388,4.93,4.8,-0.53
1389,4.93,4.8,-0.53
1390,4.94,4.8,-0.53
1391,4.96,4.8,-0.53
1392,4.96,4.8,-0.53
1393,4.96,4.8,-0.5266666666666666
1394,4.96,4.79,-0.5233333333333333
1395,4.96,4.78,-0.5233333333333333
1396,4.96,4.78,-0.5233333333333333
1397,4.95,4.77,-0.5233333333333333
1398,4.94,4.76,-0.5233333333333333
1399,4.93,4.75,-0.5233333333333333
1400,4.93,4.75,-0.5233333333333333
1401,4.92,4.74,-0.5233333333333333
1402,4.9,4.75,-0.52
1403,4.89,4.76,-0.5133333333333333
1404,4.89,4.76,-0.5066666666666667
1405,4.89,4.77,-0.5033333333333333
1406,4.89,4.77,-0.4866666666666667
1407,4.89,4.77,-0.47
1408,4.89,4.77,-0.4633333333333333
1409,4.89,4.78,-0.4533333333333333
1410,4.89,4.78,-0.43
1411,4.89,4.78,-0.4
1412,4.9,4.77,-0.4033333333333333
1413,4.91,4.77,-0.3966666666666666
1414,4.92,4.77,-0.39
1415,4.93,4.77,-0.38
1416,4.96,4.76,-0.3733333333333333
1417,5.01,4.75,-0.37
1418,5.08,4.73,-0.3733333333333333
1419,5.13,4.7,-0.3766666666666666
1420,5.21,4.68,-0.3966666666666666
1421,5.3,4.65,-0.4266666666666667
1422,5.39,4.63,-0.4633333333333333
1423,5.49,4.57,-0.4866666666666667
1424,5.56,4.5,-0.4933333333333333
1425,5.69,4.5,-0.5
1426,5.8,4.5,-0.5933333333333334
1427,5.91,4.5,-0.6166666666666667
1428,5.99,4.51,-0.6366666666666667
1429,6.07,4.54,-0.6966666666666667
1430,6.11,4.66,-0.6866666666666666
1431,6.18,4.69,-0.6933333333333334
1432,6.2,4.73,-0.69
1433,6.2,4.78,-0.68
1434,6.19,4.8,-0.6766666666666666
1435,6.15,4.81,-0.6766666666666666
1436,6.14,4.8,-0.6766666666666666
1437,6.13,4.8,-0.6733333333333333
1438,6.15,4.79,-0.67
1439,6.18,4.79,-0.67
1440,6.22,4.79,-0.67
1441,6.26,4.78,-0.6666666666666666
1442,6.28,4.78,-0.67
1443,6.32,4.78,-0.67
1444,6.34,4.78,-0.6633333333333333
1445,6.35,4.78,-0.66
1446,6.35,4.79,-0.6633333333333333
1447,6.34,4.79,-0.6633333333333333
1448,6.35,4.8,-0.6633333333333333
1449,6.35,4.8,-0.6633333333333333
1450,6.34,4.8,-0.6633333333333333
1451,6.34,4.8,-0.6633333333333333
1452,6.33,4.75,-0.6633333333333333
1453,6.32,4.67,-0.6633333333333333
1454,6.3,4.6,-0.6633333333333333
1455,6.25,4.58,-0.6633333333333333
1456,6.22,4.53,-0.6633333333333333
1457,6.17,4.54,-0.6633333333333333
1458,6.11,4.51,-0.6666666666666666
1459,6.05,4.48,-0.6666666666666666
1460,6.01,4.46,-0.6633333333333333
1461,5.98,4.39,-0.66
1462,5.92,4.35,-0.6433333333333333
1463,5.86,4.31,-0.62
1464,5.8,4.29,-0.6133333333333333
1465,5.75,4.25,-0.61
1466,5.7,4.24,-0.6033333333333334
1467,5.64,4.21,-0.5966666666666667
1468,5.58,4.19,-0.5833333333333334
1469,5.52,4.17,-0.5666666666666667
1470,5.48,4.18,-0.5533333333333333
1471,5.42,4.18,-0.5533333333333333
1472,5.37,4.19,-0.55
1473,5.32,4.19,-0.55
1474,5.26,4.21,-0.5466666666666666
1475,5.2,4.24,-0.5366666666666666
1476,5.17,4.3,-0.5366666666666666
1477,5.11,4.38,-0.5366666666666666
1478,5.03,4.43,-0.5266666666666666
1479,4.99,4.5,-0.5233333333333333
1480,4.93,4.54,-0.5233333333333333
1481,4.91,4.57,-0.52
1482,4.89,4.62,-0.52
1483,4.86,4.65,-0.52
1484,4.86,4.7,-0.5233333333333333
1485,4.85,4.71,-0.5266666666666666
1486,4.84,4.72,-0.5266666666666666
1487,4.82,4.72,-0.53
1488,4.79,4.72,-0.5266666666666666
1489,4.76,4.71,-0.5266666666666666
1490,4.71,4.7,-0.53
1491,4.7,4.7,-0.53
1492,4.68,4.7,-0.55
1493,4.68,4.69,-0.55
1494,4.66,4.68,-0.55
1495,4.64,4.67,-0.5466666666666666
1496,4.64,4.67,-0.5433333333333333
1497,4.64,4.65,-0.5333333333333333
1498,4.64,4.63,-0.5333333333333333
1499,4.64,4.62,-0.5333333333333333
1500,4.64,4.6,-0.5333333333333333
1501,4.65,4.6,-0.5366666666666666
1502,4.65,4.6,-0.5366666666666666
1503,4.65,4.62,-0.5366666666666666
1504,4.65,4.63,-0.5366666666666666
1505,4.65,4.64,-0.5366666666666666
1506,4.65,4.65,-0.5366666666666666
1507,4.66,4.66,-0.5366666666666666
1508,4.67,4.67,-0.5366666666666666
1509,4.67,4.67,-0.5333333333333333
1510,4.67,4.67,-0.53
1511,4.67,4.67,-0.53
1512,4.68,4.67,-0.53
1513,4.68,4.67,-0.53
1514,4.69,4.67,-0.53
1515,4.69,4.67,-0.53
1516,4.69,4.67,-0.5266666666666666
1517,4.69,4.67,-0.5266666666666666
1518,4.7,4.67,-0.53
1519,4.7,4.67,-0.53
1520,4.7,4.67,-0.53
1521,4.71,4.67,-0.52
1522,4.71,4.68,-0.5033333333333333
1523,4.73,4.69,-0.5
1524,4.74,4.72,-0.5
1525,4.76,4.73,-0.4966666666666666
1526,4.79,4.75,-0.49
1527,4.82,4.75,-0.4766666666666667
1528,4.85,4.77,-0.4533333333333333
1529,4.88,4.78,-0.4433333333333333
1530,4.92,4.78,-0.4466666666666666
1531,4.97,4.78,-0.45
1532,5.03,4.78,-0.4533333333333333
1533,5.09,4.76,-0.46
1534,5.2,4.72,-0.4733333333333333
1535,5.3,4.71,-0.4866666666666667
1536,5.41,4.68,-0.5066666666666667
1537,5.48,4.67,-0.52
1538,5.54,4.67,-0.5466666666666666
1539,5.62,4.65,-0.5833333333333334
1540,5.76,4.64,-0.65
1541,5.85,4.61,-0.6866666666666666
1542,5.91,4.62,-0.6833333333333333
1543,6.01,4.62,-0.68
1544,6.07,4.61,-0.6866666666666666
1545,6.08,4.61,-0.68
1546,6.09,4.62,-0.6733333333333333
1547,6.11,4.65,-0.6733333333333333
1548,6.1,4.64,-0.67
1549,6.17,4.62,-0.6666666666666666
1550,6.18,4.59,-0.6666666666666666
1551,6.19,4.58,-0.6633333333333333
1552,6.2,4.58,-0.6533333333333333
1553,6.24,4.58,-0.6366666666666667
1554,6.28,4.58,-0.62
1555,6.31,4.59,-0.6066666666666667
1556,6.32,4.59,-0.6
1557,6.34,4.59,-0.6033333333333334
1558,6.35,4.61,-0.6033333333333334
1559,6.36,4.62,-0.6066666666666667
1560,6.36,4.62,-0.6033333333333334
1561,6.36,4.63,-0.6033333333333334
1562,6.35,4.64,-0.6033333333333334
1563,6.35,4.64,-0.61
1564,6.35,4.65,-0.61
1565,6.34,4.65,-0.6133333333333333
1566,6.33,4.65,-0.62
1567,6.29,4.64,-0.6233333333333333
1568,6.27,4.61,-0.6266666666666667
1569,6.26,4.57,-0.6333333333333333
1570,6.24,4.51,-0.6433333333333333
1571,6.23,4.49,-0.6533333333333333
1572,6.18,4.48,-0.6566666666666666
1573,6.09,4.47,-0.6633333333333333
1574,6.02,4.42,-0.6633333333333333
1575,5.97,4.38,-0.6633333333333333
1576,5.93,4.35,-0.6633333333333333
1577,5.89,4.33,-0.66
1578,5.84,4.28,-0.6533333333333333
1579,5.79,4.25,-0.6433333333333333
1580,5.74,4.21,-0.6333333333333333
1581,5.69,4.2,-0.6166666666666667
1582,5.62,4.18,-0.5966666666666667
1583,5.56,4.19,-0.5866666666666667
1584,5.5,4.19,-0.5866666666666667
1585,5.47,4.2,-0.5866666666666667
1586,5.41,4.22,-0.57
1587,5.35,4.26,-0.5533333333333333
1588,5.3,4.3,-0.55
1589,5.25,4.35,-0.54
1590,5.21,4.38,-0.5366666666666666
1591,5.17,4.46,-0.5366666666666666
1592,5.11,4.52,-0.5366666666666666
1593,5.05,4.56,-0.54
1594,5.01,4.6,-0.54
1595,4.98,4.62,-0.54
1596,4.95,4.66,-0.5433333333333333
1597,4.92,4.68,-0.5433333333333333
1598,4.89,4.68,-0.54
1599,4.87,4.69,-0.5433333333333333
1600,4.86,4.69,-0.5433333333333333
1601,4.85,4.68,-0.5433333333333333
1602,4.84,4.68,-0.5466666666666666
1603,4.83,4.68,-0.55
1604,4.8,4.69,-0.5533333333333333
1605,4.78,4.7,-0.5533333333333333
1606,4.77,4.7,-0.5566666666666666
1607,4.77,4.7,-0.5633333333333334
1608,4.77,4.69,-0.5666666666666667
1609,4.76,4.69,-0.5666666666666667
1610,4.76,4.69,-0.5666666666666667
1611,4.76,4.68,-0.5733333333333334
1612,4.76,4.67,-0.5766666666666667
1613,4.76,4.66,-0.58
1614,4.76,4.63,-0.58
1615,4.78,4.61,-0.58
1616,4.79,4.61,-0.5833333333333334
1617,4.8,4.61,-0.5866666666666667
1618,4.83,4.61,-0.59
1619,4.85,4.62,-0.59
1620,4.87,4.62,-0.59
1621,4.89,4.64,-0.59
1622,4.91,4.65,-0.5933333333333334
1623,4.93,4.65,-0.5933333333333334
1624,4.94,4.64,-0.5866666666666667
1625,4.95,4.64,-0.5833333333333334
1626,4.96,4.64,-0.5833333333333334
1627,4.96,4.64,-0.5833333333333334
1628,4.97,4.63,-0.5833333333333334
1629,4.97,4.61,-0.58
1630,4.97,4.59,-0.58
1631,4.97,4.57,-0.58
1632,4.97,4.56,-0.5833333333333334
1633,4.97,4.56,-0.58
1634,4.97,4.56,-0.5733333333333334
1635,4.97,4.56,-0.56
1636,4.97,4.59,-0.55
1637,4.95,4.63,-0.5466666666666666
1638,4.94,4.67,-0.5366666666666666
1639,4.94,4.69,-0.54
1640,4.95,4.71,-0.5433333333333333
1641,4.95,4.77,-0.53
1642,4.97,4.82,-0.4933333333333333
1643,4.98,4.85,-0.45
1644,4.99,4.86,-0.4266666666666667
1645,5.0,4.87,-0.4033333333333333
1646,5.02,4.89,-0.36
1647,5.08,4.91,-0.36
1648,5.16,4.91,-0.35
1649,5.21,4.9,-0.3566666666666667
1650,5.29,4.9,-0.3666666666666666
1651,5.36,4.88,-0.3733333333333333
1652,5.42,4.88,-0.38
1653,5.47,4.86,-0.38
1654,5.51,4.85,-0.3833333333333333
1655,5.53,4.8,-0.3766666666666666
1656,5.57,4.78,-0.3666666666666666
1657,5.58,4.74,-0.37
1658,5.59,4.74,-0.37
1659,5.6,4.74,-0.38
1660,5.61,4.74,-0.3933333333333333
1661,5.62,4.74,-0.3933333333333333
1662,5.63,4.76,-0.4033333333333333
1663,5.64,4.78,-0.4066666666666667
1664,5.65,4.79,-0.4133333333333333
1665,5.67,4.81,-0.4166666666666667
1666,5.68,4.82,-0.4333333333333333
1667,5.68,4.82,-0.4533333333333333
1668,5.69,4.82,-0.48
1669,5.7,4.83,-0.48
1670,5.72,4.82,-0.49
1671,5.73,4.83,-0.4866666666666667
1672,5.74,4.82,-0.48
1673,5.76,4.8,-0.49
1674,5.79,4.78,-0.51
1675,5.81,4.75,-0.5033333333333333
1676,5.82,4.74,-0.52
1677,5.82,4.69,-0.5266666666666666
1678,5.83,4.66,-0.5233333333333333
1679,5.83,4.65,-0.53
1680,5.84,4.64,-0.54
1681,5.84,4.63,-0.5466666666666666
1682,5.84,4.62,-0.5633333333333334
1683,5.84,4.61,-0.57
1684,5.83,4.6,-0.5833333333333334
1685,5.82,4.6,-0.5866666666666667
1686,5.79,4.6,-0.5833333333333334
1687,5.76,4.6,-0.5866666666666667
1688,5.72,4.6,-0.59
1689,5.68,4.58,-0.59
1690,5.65,4.58,-0.5933333333333334
1691,5.63,4.57,-0.59
1692,5.59,4.54,-0.59
1693,5.56,4.53,-0.5666666666666667
1694,5.52,4.52,-0.5533333333333333
1695,5.48,4.51,-0.55
1696,5.42,4.5,-0.5333333333333333
1697,5.36,4.5,-0.5233333333333333
1698,5.3,4.5,-0.51
1699,5.25,4.5,-0.5
1700,5.19,4.51,-0.4966666666666666
1701,5.12,4.53,-0.49
1702,5.04,4.56,-0.4766666666666667
1703,4.98,4.6,-0.48
1704,4.95,4.66,-0.48
1705,4.92,4.67,-0.4833333333333333
1706,4.91,4.72,-0.5
1707,4.87,4.77,-0.5233333333333333
1708,4.84,4.79,-0.5466666666666666
1709,4.82,4.78,-0.57
1710,4.79,4.79,-0.5666666666666667
1711,4.77,4.83,-0.5666666666666667
1712,4.74,4.84,-0.5733333333333334
1713,4.73,4.85,-0.5766666666666667
1714,4.71,4.84,-0.5966666666666667
1715,4.7,4.83,-0.5966666666666667
1716,4.69,4.83,-0.5966666666666667
1717,4.69,4.83,-0.5933333333333334
1718,4.69,4.83,-0.5933333333333334
1719,4.7,4.82,-0.5933333333333334
1720,4.7,4.81,-0.5866666666666667
1721,4.7,4.79,-0.59
1722,4.7,4.78,-0.59
1723,4.7,4.76,-0.5933333333333334
1724,4.7,4.74,-0.59
1725,4.7,4.73,-0.59
1726,4.71,4.73,-0.59
1727,4.71,4.71,-0.59
1728,4.72,4.69,-0.59
1729,4.73,4.69,-0.5866666666666667
1730,4.74,4.69,-0.5766666666666667
1731,4.76,4.7,-0.5633333333333334
1732,4.77,4.73,-0.5566666666666666
1733,4.78,4.74,-0.54
1734,4.8,4.74,-0.5366666666666666
1735,4.83,4.76,-0.5133333333333333
1736,4.86,4.78,-0.51
1737,4.88,4.8,-0.5166666666666667
1738,4.9,4.85,-0.5166666666666667
1739,4.93,4.88,-0.5033333333333333
1740,4.97,4.91,-0.4833333333333333
1741,5.01,4.95,-0.44
1742,5.06,4.97,-0.37
1743,5.08,4.97,-0.3666666666666666
1744,5.13,4.98,-0.3766666666666666
1745,5.16,4.98,-0.3833333333333333
1746,5.22,4.98,-0.39
1747,5.28,4.96,-0.3966666666666666
1748,5.36,4.95,-0.4
1749,5.44,4.94,-0.41
1750,5.51,4.92,-0.4266666666666667
1751,5.59,4.89,-0.46
1752,5.68,4.88,-0.49
1753,5.76,4.87,-0.5066666666666667
1754,5.85,4.86,-0.5266666666666666
1755,5.91,4.84,-0.5433333333333333
1756,5.97,4.83,-0.5766666666666667
1757,6.03,4.83,-0.5933333333333334
1758,6.11,4.83,-0.5933333333333334
1759,6.15,4.82,-0.6266666666666667
1760,6.19,4.83,-0.67
1761,6.17,4.84,-0.6733333333333333
1762,6.17,4.86,-0.6566666666666666
1763,6.17,4.89,-0.65
1764,6.18,4.93,-0.6433333333333333
1765,6.21,4.94,-0.6733333333333333
1766,6.23,4.94,-0.6766666666666666
1767,6.25,4.93,-0.67
1768,6.28,4.93,-0.67
1769,6.3,4.94,-0.6666666666666666
1770,6.3,4.94,-0.6666666666666666
1771,6.31,4.94,-0.6633333333333333
1772,6.31,4.94,-0.66
1773,6.36,4.94,-0.66
1774,6.39,4.95,-0.66
1775,6.42,4.95,-0.66
1776,6.44,4.95,-0.66
1777,6.44,4.94,-0.66
1778,6.44,4.93,-0.66
1779,6.43,4.92,-0.6633333333333333
1780,6.43,4.91,-0.6633333333333333
1781,6.4,4.84,-0.6633333333333333
1782,6.36,4.77,-0.6633333333333333
1783,6.33,4.72,-0.6633333333333333
1784,6.29,4.69,-0.6633333333333333
1785,6.25,4.64,-0.6633333333333333
1786,6.19,4.6,-0.66
1787,6.13,4.57,-0.65
1788,6.08,4.55,-0.6466666666666666
1789,6.01,4.52,-0.6366666666666667
1790,5.96,4.48,-0.63
1791,5.92,4.44,-0.6233333333333333
1792,5.87,4.39,-0.62
1793,5.82,4.33,-0.62
1794,5.77,4.31,-0.62
1795,5.73,4.31,-0.6133333333333333
1796,5.68,4.32,-0.6
1797,5.6,4.33,-0.5866666666666667
1798,5.52,4.34,-0.58
1799,5.47,4.34,-0.57
1800,5.42,4.34,-0.5733333333333334
1801,5.35,4.37,-0.5666666666666667
1802,5.29,4.43,-0.5633333333333334
1803,5.24,4.5,-0.55
1804,5.18,4.54,-0.5433333333333333
1805,5.11,4.56,-0.5366666666666666
1806,5.06,4.62,-0.54
1807,5.0,4.66,-0.5433333333333333
1808,4.98,4.69,-0.55
1809,4.94,4.7,-0.55
1810,4.9,4.72,-0.5533333333333333
1811,4.87,4.72,-0.5533333333333333
1812,4.85,4.72,-0.5666666666666667
1813,4.81,4.74,-0.5733333333333334
1814,4.79,4.75,-0.5766666666666667
1815,4.76,4.75,-0.58
1816,4.74,4.75,-0.5833333333333334
1817,4.74,4.75,-0.5866666666666667
1818,4.74,4.74,-0.5866666666666667
1819,4.73,4.76,-0.59
1820,4.73,4.76,-0.59
1821,4.73,4.76,-0.59
1822,4.73,4.76,-0.5933333333333334
1823,4.73,4.76,-0.5933333333333334
1824,4.74,4.75,-0.5933333333333334
1825,4.74,4.75,-0.5966666666666667
1826,4.74,4.73,-0.6
1827,4.74,4.72,-0.6033333333333334
1828,4.75,4.72,-0.61
1829,4.76,4.72,-0.6133333333333333
1830,4.77,4.71,-0.6166666666666667
1831,4.79,4.71,-0.6133333333333333
1832,4.81,4.71,-0.61
1833,4.82,4.71,-0.61
1834,4.84,4.71,-0.6066666666666667
1835,4.86,4.71,-0.6066666666666667
1836,4.87,4.69,-0.6033333333333334
1837,4.89,4.68,-0.6033333333333334
1838,4.89,4.66,-0.6033333333333334
1839,4.9,4.65,-0.6066666666666667
1840,4.91,4.65,-0.6066666666666667
1841,4.91,4.64,-0.6133333333333333
1842,4.91,4.64,-0.6266666666666667
1843,4.91,4.64,-0.64
1844,4.92,4.63,-0.6433333333333333
1845,4.92,4.61,-0.6466666666666666
1846,4.92,4.59,-0.6533333333333333
1847,4.92,4.59,-0.6566666666666666
1848,4.92,4.59,-0.6566666666666666
1849,4.92,4.59,-0.6333333333333333
1850,4.92,4.61,-0.63
1851,4.95,4.67,-0.5933333333333334
1852,4.99,4.73,-0.5866666666666667
1853,5.01,4.77,-0.5866666666666667
1854,5.05,4.82,-0.5866666666666667
1855,5.12,4.88,-0.5833333333333334
1856,5.13,4.93,-0.57
1857,5.15,4.99,-0.5233333333333333
1858,5.16,5.02,-0.47
1859,5.2,5.07,-0.4
1860,5.22,5.1,-0.32
1861,5.25,5.11,-0.33
1862,5.3,5.1,-0.34
1863,5.35,5.08,-0.36
1864,5.42,5.08,-0.3666666666666666
1865,5.48,5.07,-0.3766666666666666
1866,5.52,5.0,-0.3833333333333333
1867,5.58,4.94,-0.4166666666666667
1868,5.68,4.92,-0.4833333333333333
1869,5.75,4.87,-0.5066666666666667
1870,5.85,4.83,-0.51
1871,5.89,4.83,-0.51
1872,5.96,4.84,-0.5333333333333333
1873,6.03,4.84,-0.5766666666666667
1874,6.07,4.86,-0.5833333333333334
1875,6.07,4.86,-0.6133333333333333
1876,6.14,4.86,-0.5933333333333334
1877,6.2,4.86,-0.5933333333333334
1878,6.24,4.86,-0.59
1879,6.25,4.87,-0.6366666666666667
1880,6.25,4.87,-0.6566666666666666
1881,6.28,4.88,-0.6833333333333333
1882,6.28,4.88,-0.6933333333333334
1883,6.28,4.9,-0.69
1884,6.29,4.92,-0.6833333333333333
1885,6.3,4.92,-0.68
1886,6.32,4.92,-0.6733333333333333
1887,6.33,4.92,-0.6733333333333333
1888,6.33,4.9,-0.6666666666666666
1889,6.34,4.87,-0.6733333333333333
1890,6.35,4.86,-0.6833333333333333
1891,6.37,4.86,-0.6833333333333333
1892,6.4,4.86,-0.68
1893,6.42,4.86,-0.68
1894,6.42,4.83,-0.68
1895,6.42,4.78,-0.68
1896,6.41,4.75,-0.68
1897,6.38,4.71,-0.6766666666666666
1898,6.31,4.68,-0.6633333333333333
1899,6.25,4.61,-0.6566666666666666
1900,6.16,4.55,-0.6566666666666666
1901,6.08,4.5,-0.6533333333333333
1902,6.04,4.43,-0.6533333333333333
1903,5.99,4.33,-0.65
1904,5.95,4.25,-0.64
1905,5.87,4.17,-0.6266666666666667
1906,5.84,4.11,-0.6233333333333333
1907,5.79,4.09,-0.6033333333333334
1908,5.74,4.04,-0.5933333333333334
1909,5.66,4.0,-0.5866666666666667
1910,5.6,3.96,-0.58
1911,5.55,3.94,-0.5766666666666667
1912,5.49,3.94,-0.57
1913,5.45,3.92,-0.5633333333333334
1914,5.4,3.91,-0.5633333333333334
1915,5.37,3.93,-0.55
1916,5.34,3.94,-0.5233333333333333
1917,5.3,3.96,-0.5166666666666667
1918,5.26,4.0,-0.5166666666666667
1919,5.22,4.08,-0.5066666666666667
1920,5.15,4.17,-0.4933333333333333
1921,5.1,4.24,-0.4933333333333333
1922,5.05,4.32,-0.4933333333333333
1923,5.01,4.37,-0.4966666666666666
1924,4.94,4.42,-0.4966666666666666
1925,4.9,4.46,-0.4966666666666666
1926,4.9,4.51,-0.5
1927,4.89,4.54,-0.5
1928,4.88,4.58,-0.5066666666666667
1929,4.87,4.63,-0.5233333333333333
1930,4.86,4.65,-0.55
1931,4.83,4.68,-0.5533333333333333
1932,4.82,4.71,-0.5533333333333333
1933,4.79,4.71,-0.55
1934,4.79,4.72,-0.5566666666666666
1935,4.79,4.73,-0.57
1936,4.78,4.71,-0.5733333333333334
1937,4.78,4.7,-0.58
1938,4.78,4.69,-0.58
1939,4.77,4.69,-0.5733333333333334
1940,4.77,4.69,-0.5733333333333334
1941,4.76,4.69,-0.5733333333333334
1942,4.76,4.69,-0.5733333333333334
1943,4.76,4.69,-0.57
1944,4.76,4.69,-0.57
1945,4.76,4.68,-0.5733333333333334
1946,4.76,4.66,-0.5766666666666667
1947,4.76,4.65,-0.5866666666666667
1948,4.77,4.65,-0.59
1949,4.79,4.65,-0.6
1950,4.8,4.65,-0.6
1951,4.81,4.65,-0.5966666666666667
1952,4.82,4.64,-0.5966666666666667
1953,4.84,4.63,-0.5966666666666667
1954,4.85,4.62,-0.5966666666666667
1955,4.85,4.62,-0.5966666666666667
1956,4.86,4.62,-0.5966666666666667
1957,4.86,4.62,-0.6066666666666667
1958,4.87,4.61,-0.6233333333333333
1959,4.88,4.58,-0.64
1960,4.88,4.57,-0.64
1961,4.88,4.54,-0.65
1962,4.87,4.51,-0.65
1963,4.87,4.51,-0.65
1964,4.87,4.51,-0.65
1965,4.88,4.51,-0.64
1966,4.88,4.51,-0.6233333333333333
1967,4.91,4.51,-0.6
1968,4.96,4.56,-0.5933333333333334
1969,4.98,4.62,-0.5666666666666667
1970,5.01,4.67,-0.5333333333333333
1971,5.03,4.77,-0.5266666666666666
1972,5.08,4.81,-0.5133333333333333
1973,5.1,4.91,-0.5
1974,5.13,4.94,-0.51
1975,5.18,4.96,-0.4933333333333333
1976,5.2,4.97,-0.38
1977,5.25,5.0,-0.32
1978,5.29,5.0,-0.27
1979,5.33,5.0,-0.2633333333333333
1980,5.35,5.02,-0.2933333333333333
1981,5.4,5.01,-0.32
1982,5.44,5.01,-0.3266666666666666
1983,5.53,5.0,-0.3333333333333333
1984,5.6,5.0,-0.33
1985,5.68,4.99,-0.33
1986,5.78,4.94,-0.3366666666666666
1987,5.88,4.92,-0.3166666666666666
1988,5.96,4.88,-0.32
1989,6.05,4.84,-0.3933333333333333
1990,6.11,4.82,-0.4066666666666667
1991,6.17,4.82,-0.4566666666666666
1992,6.23,4.82,-0.5133333333333333
1993,6.29,4.87,-0.5666666666666667
1994,6.34,4.87,-0.6
1995,6.35,4.87,-0.64
1996,6.41,4.87,-0.6333333333333333
1997,6.47,4.82,-0.6566666666666666
1998,6.52,4.82,-0.6533333333333333
1999,6.52,4.81,-0.67
2000,6.5,4.81,-0.6566666666666666
2001,6.49,4.8,-0.6633333333333333
2002,6.49,4.8,-0.6666666666666666
2003,6.5,4.77,-0.6566666666666666
2004,6.5,4.68,-0.6533333333333333
2005,6.5,4.66,-0.6566666666666666
2006,6.5,4.63,-0.6533333333333333
2007,6.5,4.63,-0.65
2008,6.51,4.64,-0.65
2009,6.51,4.66,-0.6566666666666666
2010,6.52,4.67,-0.6533333333333333
2011,6.56,4.7,-0.6466666666666666
2012,6.55,4.71,-0.65
2013,6.55,4.71,-0.6433333333333333
2014,6.55,4.69,-0.6366666666666667
2015,6.55,4.68,-0.6366666666666667
2016,6.54,4.64,-0.6366666666666667
2017,6.52,4.62,-0.64
2018,6.49,4.61,-0.64
2019,6.45,4.58,-0.6466666666666666
2020,6.41,4.54,-0.6566666666666666
2021,6.34,4.47,-0.6566666666666666
2022,6.28,4.4,-0.6566666666666666
2023,6.22,4.33,-0.6566666666666666
2024,6.17,4.26,-0.6566666666666666
2025,6.13,4.19,-0.6466666666666666
2026,6.09,4.11,-0.6333333333333333
2027,6.04,4.04,-0.62
2028,5.98,3.99,-0.5966666666666667
2029,5.92,3.95,-0.59
2030,5.86,3.91,-0.5866666666666667
2031,5.81,3.86,-0.5766666666666667
2032,5.76,3.82,-0.57
2033,5.7,3.81,-0.5566666666666666
2034,5.63,3.79,-0.5433333333333333
2035,5.59,3.8,-0.52
2036,5.55,3.82,-0.5066666666666667
2037,5.52,3.82,-0.4966666666666666
2038,5.47,3.83,-0.4866666666666667
2039,5.43,3.83,-0.4933333333333333
2040,5.37,3.84,-0.5
2041,5.33,3.89,-0.5033333333333333
2042,5.3,3.97,-0.5033333333333333
2043,5.24,4.03,-0.5
2044,5.21,4.11,-0.4766666666666667
2045,5.15,4.18,-0.4633333333333333
2046,5.09,4.25,-0.46
2047,5.03,4.32,-0.4566666666666666
2048,5.01,4.36,-0.46
2049,4.99,4.41,-0.4633333333333333
2050,4.96,4.45,-0.4533333333333333
2051,4.93,4.52,-0.4533333333333333
2052,4.91,4.59,-0.4566666666666666
2053,4.92,4.61,-0.4566666666666666
2054,4.91,4.65,-0.4633333333333333
2055,4.91,4.67,-0.4733333333333333
2056,4.87,4.7,-0.4766666666666667
2057,4.84,4.73,-0.4766666666666667
