0,1.42,8.05,-2.0866666666666664
1,1.39,8.05,-2.0
2,1.37,8.05,-1.903333333333333
3,1.37,8.05,-1.9066666666666667
4,1.33,8.05,-1.9866666666666664
5,1.31,8.06,-1.96
6,1.29,8.06,-1.94
7,1.29,8.06,-1.93
8,1.29,8.07,-1.94
9,1.27,8.07,-1.9433333333333331
10,1.26,8.08,-1.97
11,1.27,8.09,-1.9533333333333331
12,1.27,8.09,-1.9366666666666668
13,1.27,8.09,-1.94
14,1.27,8.09,-1.9533333333333331
15,1.27,8.09,-1.9833333333333332
16,1.27,8.09,-2.023333333333333
17,1.27,8.09,-2.056666666666666
18,1.27,8.09,-2.0766666666666667
19,1.27,8.08,-2.08
20,1.27,8.08,-2.1333333333333333
21,1.27,8.06,-2.14
22,1.27,8.05,-2.12
23,1.27,8.03,-2.11
24,1.27,8.02,-2.1266666666666665
25,1.28,8.0,-2.08
26,1.29,7.98,-2.0166666666666666
27,1.29,7.95,-1.9766666666666663
28,1.3,7.92,-1.9166666666666667
29,1.3,7.87,-1.91
30,1.3,7.81,-1.92
31,1.29,7.74,-1.93
32,1.33,7.68,-1.86
33,1.34,7.63,-1.8866666666666667
34,1.36,7.55,-1.893333333333333
35,1.4,7.45,-1.846666666666667
36,1.4,7.35,-1.7433333333333334
37,1.42,7.25,-1.7333333333333334
38,1.47,7.15,-1.7466666666666666
39,1.52,7.02,-1.62
40,1.59,6.88,-1.6266666666666667
41,1.65,6.76,-1.6033333333333333
42,1.73,6.66,-1.6333333333333333
43,1.81,6.54,-1.6933333333333334
44,1.88,6.38,-1.7333333333333334
45,1.98,6.23,-1.7333333333333334
46,2.1,6.09,-1.81
47,2.19,5.97,-1.8333333333333333
48,2.34,5.87,-1.8233333333333333
49,2.47,5.74,-1.81
50,2.58,5.61,-1.77
51,2.69,5.46,-1.606666666666667
52,2.86,5.4,-1.586666666666667
53,2.98,5.29,-1.52
54,3.12,5.22,-1.4733333333333334
55,3.27,5.14,-1.4166666666666667
56,3.38,5.09,-1.3766666666666667
57,3.51,5.03,-1.35
58,3.63,5.05,-1.3
59,3.76,5.03,-1.3533333333333333
60,3.93,4.97,-1.4633333333333334
61,4.04,4.97,-1.5466666666666666
62,4.18,4.93,-1.68
63,4.25,4.91,-1.63
64,4.3,4.93,-1.63
65,4.35,4.92,-1.653333333333333
66,4.37,4.92,-1.6733333333333331
67,4.35,4.93,-1.6733333333333331
68,4.34,4.93,-1.6666666666666667
69,4.34,4.93,-1.6866666666666668
70,4.32,4.93,-1.68
71,4.29,4.93,-1.6866666666666668
72,4.28,4.93,-1.7133333333333334
73,4.26,4.91,-1.71
74,4.26,4.91,-1.7166666666666666
75,4.25,4.91,-1.7433333333333334
76,4.25,4.92,-1.7466666666666666
77,4.24,4.94,-1.77
78,4.24,4.95,-1.7733333333333334
79,4.24,4.95,-1.7766666666666666
80,4.24,4.94,-1.7833333333333334
81,4.24,4.94,-1.8133333333333328
82,4.24,4.94,-1.8333333333333333
83,4.26,4.95,-1.8533333333333333
84,4.3,4.95,-1.856666666666667
85,4.33,4.96,-1.8266666666666669
86,4.38,4.96,-1.8233333333333333
87,4.43,4.96,-1.8233333333333333
88,4.52,4.94,-1.836666666666667
89,4.59,4.94,-1.846666666666667
90,4.64,4.94,-1.8433333333333333
91,4.72,4.95,-1.84
92,4.79,4.95,-1.8733333333333333
93,4.87,4.96,-1.93
94,4.95,4.96,-1.99
95,5.03,4.96,-2.07
96,5.13,4.97,-2.0933333333333333
97,5.21,4.97,-2.1333333333333333
98,5.31,5.0,-2.1566666666666667
99,5.41,5.03,-2.223333333333333
100,5.5,5.05,-2.2533333333333334
101,5.63,5.05,-2.293333333333333
102,5.74,5.08,-2.286666666666666
103,5.79,5.17,-2.236666666666667
104,5.95,5.29,-2.1366666666666667
105,6.1,5.36,-2.01
106,6.17,5.46,-1.9066666666666667
107,6.2,5.57,-1.68
108,6.2,5.67,-1.5766666666666669
109,6.29,5.76,-1.42
110,6.29,5.88,-1.4666666666666666
111,6.32,5.99,-1.42
112,6.36,6.06,-1.46
113,6.44,6.13,-1.3766666666666667
114,6.5,6.24,-1.42
115,6.55,6.35,-1.39
116,6.6,6.46,-1.3833333333333333
117,6.65,6.56,-1.336666666666667
118,6.66,6.65,-1.2066666666666668
119,6.7,6.77,-1.2333333333333334
120,6.68,6.89,-1.19
121,6.65,7.01,-1.0
122,6.65,7.1,-0.9833333333333332
123,6.66,7.18,-0.96
124,6.67,7.29,-0.9066666666666666
125,6.67,7.35,-0.8333333333333334
126,6.66,7.41,-0.7266666666666667
127,6.66,7.49,-0.7466666666666667
128,6.64,7.53,-0.7933333333333333
129,6.64,7.58,-0.8533333333333334
130,6.61,7.62,-0.87
131,6.52,7.65,-0.99
132,6.5,7.66,-1.16
133,6.44,7.71,-1.5333333333333334
134,6.39,7.71,-1.4533333333333334
135,6.35,7.73,-1.5533333333333332
136,6.34,7.74,-1.5666666666666669
137,6.33,7.75,-1.6566666666666667
138,6.34,7.74,-1.6233333333333333
139,6.34,7.76,-1.6133333333333333
140,6.33,7.79,-1.6766666666666667
141,6.33,7.81,-1.7533333333333334
142,6.32,7.83,-1.72
143,6.3,7.83,-1.68
144,6.27,7.85,-1.6466666666666667
145,6.25,7.85,-1.5366666666666666
146,6.23,7.85,-1.61
147,6.22,7.84,-1.7266666666666666
148,6.2,7.84,-1.8233333333333333
149,6.17,7.85,-1.77
150,6.14,7.84,-1.63
151,6.11,7.84,-1.4766666666666666
152,6.07,7.83,-1.4433333333333334
153,6.04,7.83,-1.4933333333333334
154,6.01,7.82,-1.4566666666666668
155,5.98,7.8,-1.4833333333333334
156,5.93,7.77,-1.4766666666666666
157,5.9,7.76,-1.2366666666666666
158,5.9,7.75,-1.2633333333333334
159,5.88,7.74,-1.3033333333333332
160,5.88,7.74,-1.3133333333333332
161,5.86,7.74,-1.856666666666667
162,5.87,7.74,-1.86
163,5.87,7.75,-1.8233333333333333
164,5.88,7.77,-1.7733333333333334
165,5.85,7.82,-1.9533333333333331
166,5.84,7.85,-1.9166666666666667
167,5.84,7.87,-1.903333333333333
168,5.85,7.89,-2.043333333333333
169,5.86,7.89,-1.96
170,5.86,7.89,-1.9433333333333331
171,5.86,7.91,-2.033333333333333
172,5.86,7.92,-1.9866666666666664
173,5.86,7.93,-2.066666666666667
174,5.86,7.91,-2.06
175,5.86,7.9,-2.033333333333333
176,5.87,7.86,-1.9233333333333331
177,5.87,7.81,-1.71
178,5.87,7.77,-1.59
179,5.88,7.73,-1.6766666666666667
180,5.88,7.67,-1.913333333333333
181,5.88,7.64,-1.84
182,5.88,7.6,-1.84
183,5.89,7.55,-1.65
184,5.89,7.55,-1.5166666666666666
185,5.89,7.53,-1.27
186,5.89,7.55,-1.3166666666666669
187,5.89,7.55,-1.2233333333333334
188,5.89,7.59,-1.2133333333333334
189,5.89,7.68,-1.4733333333333334
190,5.88,7.74,-1.596666666666667
191,5.86,7.77,-1.9066666666666667
192,5.86,7.79,-1.8766666666666667
193,5.85,7.8,-2.0766666666666667
194,5.84,7.81,-2.05
195,5.83,7.81,-2.1566666666666667
196,5.83,7.8,-2.06
197,5.83,7.8,-1.9833333333333332
198,5.83,7.75,-1.7833333333333334
199,5.83,7.71,-1.8966666666666667
200,5.85,7.67,-1.8966666666666667
201,5.86,7.65,-1.7966666666666666
202,5.86,7.63,-1.6033333333333333
203,5.87,7.63,-1.6666666666666667
204,5.87,7.63,-1.7066666666666668
205,5.87,7.63,-1.6133333333333333
206,5.87,7.63,-1.64
207,5.87,7.63,-1.66
208,5.87,7.64,-1.69
209,5.86,7.64,-1.74
210,5.86,7.65,-1.73
211,5.85,7.66,-1.7
212,5.84,7.67,-1.7033333333333334
213,5.84,7.68,-1.7133333333333334
214,5.84,7.7,-1.64
215,5.83,7.71,-1.653333333333333
216,5.83,7.72,-1.6333333333333333
217,5.82,7.73,-1.7866666666666666
218,5.81,7.74,-2.0966666666666667
219,5.8,7.74,-2.553333333333333
220,5.8,7.75,-2.65
221,5.8,7.76,-2.6566666666666667
222,5.8,7.76,-2.716666666666667
223,5.8,7.8,-2.776666666666667
224,5.8,7.81,-2.8366666666666664
225,5.79,7.79,-2.786666666666666
226,5.78,7.77,-2.72
227,5.79,7.77,-2.67
228,5.8,7.76,-2.64
229,5.81,7.77,-2.73
230,5.88,7.77,-2.8666666666666667
231,5.91,7.78,-2.9466666666666668
232,5.94,7.78,-2.9633333333333334
233,5.97,7.78,-3.0733333333333333
234,6.01,7.77,-3.1933333333333334
235,6.05,7.76,-3.14
236,6.06,7.75,-3.373333333333333
237,6.08,7.71,-3.4766666666666666
238,6.13,7.64,-3.48
239,6.15,7.61,-3.54
240,6.18,7.59,-3.5733333333333333
241,6.23,7.54,-3.47
242,6.28,7.51,-3.4166666666666665
243,6.34,7.48,-3.3633333333333333
244,6.36,7.48,-3.3633333333333333
245,6.36,7.49,-3.3633333333333333
246,6.38,7.5,-3.3566666666666665
247,6.4,7.49,-3.37
248,6.4,7.5,-3.39
249,6.4,7.5,-3.43
250,6.4,7.51,-3.4566666666666666
251,6.41,7.53,-3.473333333333333
252,6.42,7.55,-3.47
253,6.42,7.56,-3.466666666666667
254,6.43,7.59,-3.4833333333333334
255,6.43,7.6,-3.526666666666667
256,6.43,7.6,-3.54
257,6.43,7.61,-3.526666666666667
258,6.43,7.62,-3.533333333333333
259,6.43,7.63,-3.533333333333333
260,6.43,7.63,-3.526666666666667
261,6.43,7.63,-3.523333333333333
262,6.43,7.63,-3.523333333333333
263,6.43,7.63,-3.4633333333333334
264,6.43,7.63,-3.4566666666666666
265,6.43,7.63,-3.4233333333333333
266,6.43,7.62,-3.4066666666666667
267,6.43,7.61,-3.3233333333333333
268,6.43,7.61,-3.216666666666667
269,6.43,7.6,-3.1466666666666665
270,6.42,7.61,-3.09
271,6.4,7.6,-3.03
272,6.39,7.6,-3.1133333333333333
273,6.37,7.58,-3.13
274,6.34,7.6,-2.9166666666666665
275,6.3,7.6,-2.533333333333333
276,6.27,7.6,-2.013333333333333
277,6.24,7.59,-1.5733333333333333
278,6.22,7.61,-1.6166666666666667
279,6.21,7.65,-2.1266666666666665
280,6.19,7.68,-2.3633333333333333
281,6.16,7.69,-2.3266666666666667
282,6.16,7.7,-1.7666666666666666
283,6.13,7.7,-1.3333333333333333
284,6.11,7.7,-1.0766666666666669
285,6.1,7.67,-0.8633333333333333
286,6.1,7.63,-0.7966666666666666
287,6.11,7.56,-0.81
288,6.11,7.55,-0.8133333333333334
289,6.11,7.54,-0.7233333333333334
290,6.13,7.54,-0.75
291,6.19,7.53,-0.6966666666666667
292,6.23,7.52,-0.4033333333333333
293,6.25,7.51,-0.5233333333333333
294,6.28,7.5,-0.5633333333333334
295,6.32,7.49,-0.64
296,6.35,7.48,-0.6466666666666666
297,6.35,7.48,-0.64
298,6.34,7.48,-0.6633333333333333
299,6.34,7.48,-0.6733333333333333
300,6.34,7.47,-0.6566666666666666
301,6.34,7.47,-0.67
302,6.33,7.48,-0.8333333333333334
303,6.33,7.48,-0.9233333333333332
304,6.33,7.49,-0.8966666666666666
305,6.33,7.49,-0.8666666666666667
306,6.33,7.49,-0.85
307,6.33,7.49,-0.82
308,6.32,7.49,-0.7966666666666666
309,6.32,7.49,-0.7966666666666666
310,6.31,7.49,-0.8233333333333334
311,6.3,7.49,-0.87
312,6.3,7.49,-0.9233333333333332
313,6.28,7.49,-0.93
314,6.26,7.5,-0.91
315,6.24,7.5,-0.86
316,6.23,7.5,-0.83
317,6.22,7.5,-0.8266666666666667
318,6.21,7.5,-0.8266666666666667
319,6.21,7.5,-0.8066666666666666
320,6.21,7.5,-0.7633333333333333
321,6.21,7.5,-0.77
322,6.21,7.5,-0.7766666666666666
323,6.21,7.49,-0.77
324,6.21,7.49,-0.7733333333333333
325,6.21,7.5,-0.78
326,6.21,7.51,-0.8033333333333333
327,6.21,7.51,-0.8633333333333333
328,6.22,7.53,-0.8566666666666667
329,6.22,7.55,-0.8533333333333334
330,6.22,7.56,-0.8933333333333333
331,6.22,7.57,-0.92
332,6.22,7.57,-0.92
333,6.21,7.56,-0.9066666666666666
334,6.21,7.57,-0.9333333333333332
335,6.2,7.58,-1.1566666666666667
336,6.18,7.63,-1.2333333333333334
337,6.18,7.68,-1.8766666666666667
338,6.16,7.71,-2.3966666666666665
339,6.14,7.71,-2.6266666666666665
340,6.12,7.74,-2.92
341,6.11,7.76,-3.056666666666666
342,6.11,7.78,-2.8566666666666665
343,6.11,7.8,-2.88
344,6.11,7.79,-2.8966666666666665
345,6.09,7.79,-2.8666666666666667
346,6.09,7.79,-2.97
347,6.09,7.78,-3.036666666666666
348,6.11,7.78,-3.0
349,6.11,7.77,-3.18
350,6.1,7.77,-3.3766666666666665
351,6.08,7.78,-3.45
352,6.07,7.77,-3.55
353,6.06,7.76,-3.563333333333333
354,6.06,7.73,-3.56
355,6.06,7.7,-3.4833333333333334
356,6.08,7.69,-3.53
357,6.09,7.68,-3.506666666666667
358,6.11,7.68,-3.486666666666667
359,6.13,7.66,-3.41
360,6.16,7.63,-3.3633333333333333
361,6.18,7.58,-3.223333333333333
362,6.18,7.57,-3.216666666666667
363,6.18,7.57,-3.23
364,6.18,7.57,-3.203333333333333
365,6.18,7.57,-3.06
366,6.2,7.58,-2.93
367,6.21,7.6,-2.8266666666666667
368,6.21,7.61,-2.803333333333333
369,6.21,7.65,-2.74
370,6.22,7.65,-2.0933333333333333
371,6.23,7.67,-1.93
372,6.23,7.68,-2.2333333333333334
373,6.22,7.68,-2.2533333333333334
374,6.2,7.66,-1.8633333333333333
375,6.18,7.64,-1.22
376,6.17,7.59,-0.88
377,6.17,7.55,-0.71
378,6.2,7.53,-0.56
379,6.24,7.5,-0.3633333333333333
380,6.3,7.49,-0.26
381,6.34,7.46,-0.1433333333333333
382,6.37,7.46,-0.1533333333333333
383,6.39,7.45,-0.06
384,6.39,7.44,0.0266666666666666
385,6.41,7.42,-0.0666666666666666
386,6.41,7.41,-0.0833333333333333
387,6.41,7.4,-0.07
388,6.43,7.4,0.0866666666666666
389,6.46,7.38,0.0366666666666666
390,6.47,7.38,0.02
391,6.48,7.37,0.04
392,6.47,7.37,0.01
393,6.47,7.38,-0.0133333333333333
394,6.47,7.4,-0.03
395,6.47,7.42,-0.0466666666666666
396,6.47,7.44,-0.11
397,6.47,7.46,-0.1833333333333333
398,6.47,7.47,-0.1966666666666666
399,6.46,7.47,-0.21
400,6.46,7.48,-0.2333333333333333
401,6.47,7.48,-0.26
402,6.47,7.49,-0.2566666666666666
403,6.47,7.49,-0.26
404,6.47,7.49,-0.25
405,6.47,7.49,-0.28
406,6.47,7.49,-0.3
407,6.47,7.48,-0.3366666666666666
408,6.47,7.48,-0.3266666666666666
409,6.47,7.47,-0.33
410,6.47,7.45,-0.33
411,6.47,7.41,-0.3266666666666666
412,6.47,7.4,-0.3366666666666666
413,6.47,7.39,-0.4133333333333333
414,6.45,7.39,-0.6333333333333333
415,6.41,7.42,-0.8633333333333333
416,6.37,7.45,-1.3033333333333332
417,6.35,7.51,-1.653333333333333
418,6.3,7.55,-1.8766666666666667
419,6.28,7.59,-2.046666666666667
420,6.26,7.6,-2.026666666666667
421,6.26,7.59,-1.7366666666666666
422,6.26,7.59,-1.69
423,6.26,7.61,-1.8966666666666667
424,6.26,7.63,-2.12
425,6.28,7.62,-2.4433333333333334
426,6.34,7.61,-2.796666666666667
427,6.38,7.55,-3.1566666666666667
428,6.42,7.52,-3.11
429,6.47,7.48,-3.1166666666666667
430,6.49,7.41,-3.1266666666666665
431,6.53,7.35,-2.92
432,6.56,7.33,-2.8966666666666665
433,6.58,7.3,-2.85
434,6.63,7.29,-2.806666666666666
435,6.7,7.28,-2.786666666666666
436,6.81,7.29,-2.513333333333333
437,6.9,7.29,-2.566666666666667
438,6.96,7.24,-2.393333333333333
439,7.15,7.22,-2.26
440,7.45,7.22,-1.6133333333333333
441,7.79,7.23,-0.4666666666666667
442,7.91,7.24,-0.0666666666666666
443,8.05,7.24,0.4466666666666666
444,8.3,7.28,0.5133333333333333
445,8.68,7.29,0.49
446,8.92,7.3,0.33
447,9.21,7.3,-0.48
448,9.32,7.3,-2.1866666666666665
449,9.58,7.3,-1.8633333333333333
450,9.64,7.33,-1.3233333333333333
451,9.74,7.37,-1.4633333333333334
452,9.72,7.38,-1.4233333333333331
453,9.71,7.38,-1.8066666666666664
454,9.7,7.38,-1.9833333333333332
455,9.72,7.38,-1.84
456,9.71,7.38,-2.05
457,9.69,7.38,-2.1133333333333333
458,9.67,7.38,-2.01
459,9.67,7.39,-1.8966666666666667
460,9.68,7.39,-1.8433333333333333
461,9.69,7.39,-1.83
462,9.7,7.39,-1.83
463,9.7,7.39,-1.8966666666666667
464,9.69,7.4,-1.9333333333333331
465,9.69,7.4,-2.036666666666666
466,9.69,7.4,-2.143333333333333
467,9.69,7.41,-2.056666666666666
468,9.68,7.41,-2.023333333333333
469,9.68,7.41,-1.9566666666666668
470,9.67,7.41,-1.95
471,9.67,7.41,-1.9733333333333332
472,9.67,7.41,-1.97
473,9.67,7.4,-2.0033333333333334
474,9.65,7.39,-2.033333333333333
475,9.65,7.37,-1.9833333333333332
476,9.65,7.35,-1.9
477,9.62,7.33,-1.9633333333333332
478,9.54,7.3,-2.0866666666666664
479,9.52,7.26,-2.07
480,9.5,7.21,-1.84
481,9.39,7.15,-1.8633333333333333
482,9.3,7.08,-0.8733333333333333
483,9.18,7.02,-0.4766666666666667
484,9.05,6.94,-0.3
485,8.82,6.82,-0.1633333333333333
486,8.69,6.77,0.0033333333333333
487,8.38,6.7,0.37
488,8.3,6.67,0.18
489,8.15,6.59,0.3166666666666666
490,8.05,6.56,0.42
491,7.97,6.54,0.27
492,7.85,6.46,0.3533333333333333
493,7.76,6.41,0.33
494,7.67,6.39,0.2866666666666667
495,7.56,6.38,0.1833333333333333
496,7.49,6.4,-0.0766666666666666
497,7.37,6.42,-0.06
498,7.24,6.44,-0.0433333333333333
499,7.11,6.54,-0.21
500,6.98,6.66,-0.2866666666666667
501,6.89,6.72,-0.2666666666666666
502,6.82,6.8,-0.24
503,6.74,6.92,-0.5533333333333333
504,6.68,6.99,-0.3766666666666666
505,6.61,7.09,-0.44
506,6.55,7.17,-0.5766666666666667
507,6.47,7.21,-0.5533333333333333
508,6.46,7.32,-0.63
509,6.43,7.38,-0.7066666666666667
510,6.38,7.45,-0.8866666666666667
511,6.36,7.51,-0.8566666666666667
512,6.36,7.53,-0.9133333333333332
513,6.34,7.55,-0.9066666666666666
514,6.34,7.57,-0.81
515,6.34,7.57,-0.84
516,6.31,7.56,-0.88
517,6.29,7.55,-0.87
518,6.27,7.53,-0.9066666666666666
519,6.24,7.52,-0.8733333333333333
520,6.21,7.52,-0.8633333333333333
521,6.18,7.51,-0.79
522,6.17,7.51,-0.7933333333333333
523,6.16,7.49,-0.7866666666666666
524,6.15,7.48,-0.7866666666666666
525,6.14,7.47,-0.7833333333333333
526,6.12,7.46,-0.7833333333333333
527,6.12,7.44,-0.7633333333333333
528,6.11,7.43,-0.7466666666666667
529,6.12,7.42,-0.75
530,6.12,7.42,-0.7466666666666667
531,6.12,7.42,-0.7533333333333333
532,6.12,7.41,-0.7733333333333333
533,6.12,7.41,-0.79
534,6.12,7.41,-0.8033333333333333
535,6.13,7.42,-0.8
536,6.12,7.42,-0.8066666666666666
537,6.12,7.43,-0.8166666666666667
538,6.12,7.44,-0.8333333333333334
539,6.11,7.44,-0.8466666666666667
540,6.1,7.44,-0.8433333333333334
541,6.07,7.44,-0.85
542,6.04,7.44,-0.92
543,6.04,7.44,-0.8966666666666666
544,6.04,7.43,-0.8866666666666667
545,6.04,7.42,-0.9066666666666666
546,6.04,7.41,-0.8866666666666667
547,6.04,7.41,-0.8866666666666667
548,6.05,7.41,-0.9033333333333332
549,6.05,7.36,-0.86
550,6.06,7.34,-0.8366666666666667
551,6.12,7.34,-0.97
552,6.16,7.33,-1.0166666666666666
553,6.33,7.31,-1.0733333333333333
554,6.41,7.3,-1.17
555,6.49,7.29,-1.12
556,6.54,7.29,-0.63
557,6.62,7.31,-0.1633333333333333
558,6.73,7.31,-0.1833333333333333
559,6.86,7.33,-0.0966666666666666
560,7.0,7.32,0.2366666666666666
561,7.13,7.35,-0.0033333333333333
562,7.4,7.45,0.08
563,7.68,7.49,0.1166666666666666
564,7.99,7.52,0.2833333333333333
565,8.21,7.51,0.2066666666666666
566,8.43,7.5,-1.1233333333333333
567,8.61,7.5,-2.54
568,8.82,7.49,-2.566666666666667
569,9.05,7.49,-2.52
570,9.25,7.49,-2.353333333333333
571,9.43,7.48,-1.9433333333333331
572,9.53,7.48,-1.8666666666666667
573,9.54,7.48,-1.8866666666666667
574,9.58,7.47,-1.8633333333333333
575,9.63,7.44,-1.6733333333333331
576,9.63,7.39,-1.43
577,9.61,7.36,-1.34
578,9.62,7.34,-1.2433333333333334
579,9.63,7.3,-1.1366666666666667
580,9.64,7.28,-1.2433333333333334
581,9.65,7.27,-1.2
582,9.67,7.26,-1.2
583,9.67,7.25,-1.2033333333333334
584,9.67,7.25,-1.1833333333333331
585,9.68,7.24,-1.14
586,9.7,7.24,-1.09
587,9.7,7.24,-1.1366666666666667
588,9.71,7.24,-1.2
589,9.71,7.24,-1.2933333333333332
590,9.71,7.24,-1.3233333333333333
591,9.71,7.24,-1.3966666666666667
592,9.72,7.24,-1.41
593,9.72,7.23,-1.38
594,9.72,7.23,-1.3733333333333333
595,9.73,7.23,-1.3766666666666667
596,9.72,7.23,-1.4333333333333331
597,9.72,7.23,-1.4733333333333334
598,9.72,7.23,-1.5833333333333333
599,9.72,7.23,-1.5833333333333333
600,9.72,7.23,-1.5466666666666666
601,9.72,7.23,-1.5233333333333334
602,9.72,7.23,-1.5
603,9.72,7.23,-1.48
604,9.72,7.23,-1.44
605,9.72,7.23,-1.44
606,9.72,7.23,-1.43
607,9.72,7.23,-1.43
608,9.72,7.23,-1.4366666666666668
609,9.72,7.23,-1.5066666666666666
610,9.72,7.23,-1.4966666666666666
611,9.72,7.23,-1.52
612,9.72,7.23,-1.51
613,9.72,7.23,-1.4733333333333334
614,9.72,7.23,-1.4633333333333334
615,9.72,7.23,-1.4666666666666666
616,9.72,7.23,-1.4666666666666666
617,9.72,7.23,-1.48
618,9.72,7.23,-1.4866666666666666
619,9.72,7.23,-1.6166666666666667
620,9.72,7.22,-1.6166666666666667
621,9.71,7.21,-1.8633333333333333
622,9.7,7.19,-2.0166666666666666
623,9.69,7.16,-1.9666666666666663
624,9.64,7.12,-1.8733333333333333
625,9.62,7.07,-1.6566666666666667
626,9.58,7.03,-1.3533333333333333
627,9.51,6.97,-1.36
628,9.44,6.92,-1.1
629,9.35,6.86,-1.106666666666667
630,9.21,6.77,-0.5266666666666666
631,9.02,6.67,-0.26
632,8.83,6.56,-0.0233333333333333
633,8.71,6.49,0.05
634,8.57,6.42,0.26
635,8.41,6.37,0.3033333333333333
636,8.25,6.33,0.3233333333333333
637,8.11,6.3,0.1733333333333333
638,8.02,6.29,0.06
639,7.86,6.25,0.3766666666666666
640,7.79,6.25,0.4266666666666667
641,7.69,6.26,0.51
642,7.57,6.25,0.4733333333333333
643,7.46,6.24,0.4566666666666666
644,7.38,6.25,0.4333333333333333
645,7.31,6.26,0.3866666666666666
646,7.23,6.31,0.2866666666666667
647,7.13,6.39,0.1666666666666666
648,7.03,6.49,0.07
649,6.94,6.59,0.06
650,6.88,6.68,0.0333333333333333
651,6.79,6.78,0.01
652,6.7,6.82,0.0533333333333333
653,6.57,6.91,0.0733333333333333
654,6.49,7.0,0.0
655,6.39,7.11,-0.1
656,6.28,7.18,-0.2666666666666666
657,6.27,7.25,-0.3033333333333333
658,6.22,7.34,-0.6466666666666666
659,6.25,7.38,-0.6733333333333333
660,6.25,7.44,-0.69
661,6.2,7.51,-0.95
662,6.17,7.52,-0.8466666666666667
663,6.2,7.51,-0.7966666666666666
664,6.15,7.53,-0.8366666666666667
665,6.09,7.55,-0.8266666666666667
666,6.08,7.54,-0.7766666666666666
667,6.07,7.53,-0.5833333333333334
668,6.07,7.52,-0.3533333333333333
669,6.1,7.51,-0.4233333333333333
670,6.11,7.51,-0.5066666666666667
671,6.12,7.51,-0.4566666666666666
672,6.13,7.5,-0.4633333333333333
673,6.13,7.5,-0.5266666666666666
674,6.14,7.5,-0.6133333333333333
675,6.14,7.5,-0.62
676,6.14,7.5,-0.73
677,6.14,7.49,-0.7066666666666667
678,6.16,7.49,-0.7133333333333334
679,6.16,7.49,-0.73
680,6.16,7.49,-0.71
681,6.16,7.52,-0.7066666666666667
682,6.17,7.55,-0.74
683,6.17,7.56,-0.75
684,6.18,7.57,-0.7
685,6.18,7.57,-0.6866666666666666
686,6.18,7.57,-0.6833333333333333
687,6.19,7.57,-0.6833333333333333
688,6.2,7.56,-0.65
689,6.21,7.54,-0.6466666666666666
690,6.21,7.52,-0.64
691,6.22,7.52,-0.64
692,6.22,7.51,-0.5366666666666666
693,6.22,7.49,-0.56
694,6.22,7.49,-0.6233333333333333
695,6.22,7.49,-0.6233333333333333
696,6.22,7.48,-0.6366666666666667
697,6.19,7.48,-0.6733333333333333
698,6.15,7.47,-0.7733333333333333
699,6.11,7.47,-0.8333333333333334
700,6.09,7.47,-1.0266666666666666
701,6.07,7.47,-1.393333333333333
702,5.99,7.49,-1.58
703,5.95,7.51,-1.52
704,5.95,7.55,-1.5466666666666666
705,5.94,7.63,-1.8066666666666664
706,5.95,7.65,-2.083333333333333
707,5.92,7.69,-2.1
708,5.91,7.72,-2.03
709,5.92,7.74,-2.31
710,5.92,7.74,-2.4133333333333336
711,5.92,7.73,-2.7133333333333334
712,5.96,7.73,-3.046666666666667
713,6.02,7.72,-3.03
714,6.07,7.71,-3.1566666666666667
715,6.08,7.69,-3.3
716,6.08,7.65,-3.4233333333333333
717,6.07,7.6,-3.393333333333333
718,6.07,7.57,-3.3566666666666665
719,6.08,7.55,-3.433333333333333
720,6.08,7.54,-3.526666666666667
721,6.1,7.54,-3.4133333333333336
722,6.13,7.52,-3.373333333333333
723,6.15,7.52,-3.4166666666666665
724,6.17,7.52,-3.4266666666666667
725,6.18,7.52,-3.4466666666666668
726,6.19,7.52,-3.43
727,6.21,7.52,-3.43
728,6.23,7.53,-3.466666666666667
729,6.23,7.53,-3.4966666666666666
730,6.23,7.53,-3.533333333333333
731,6.22,7.55,-3.55
732,6.23,7.56,-3.526666666666667
733,6.23,7.57,-3.526666666666667
734,6.23,7.57,-3.526666666666667
735,6.23,7.57,-3.54
736,6.23,7.58,-3.533333333333333
737,6.23,7.59,-3.53
738,6.23,7.59,-3.53
739,6.23,7.59,-3.526666666666667
740,6.23,7.59,-3.523333333333333
741,6.23,7.58,-3.52
742,6.23,7.58,-3.473333333333333
743,6.22,7.58,-3.47
744,6.22,7.58,-3.473333333333333
745,6.2,7.57,-3.473333333333333
746,6.19,7.56,-3.4633333333333334
747,6.17,7.53,-3.44
748,6.17,7.51,-3.393333333333333
749,6.14,7.46,-3.2133333333333334
750,6.14,7.44,-3.083333333333333
751,6.16,7.38,-2.9833333333333334
752,6.19,7.32,-2.8966666666666665
753,6.19,7.22,-2.97
754,6.2,7.11,-2.74
755,6.23,6.95,-2.703333333333333
756,6.26,6.8,-2.536666666666666
757,6.32,6.66,-2.293333333333333
758,6.38,6.52,-2.263333333333333
759,6.53,6.31,-1.2866666666666666
760,6.67,6.05,-0.6
761,6.78,5.72,-0.9366666666666666
762,6.92,5.35,-1.4233333333333331
763,7.1,5.09,-1.8633333333333333
764,7.25,4.87,-1.9966666666666664
765,7.63,4.71,-1.4933333333333334
766,7.94,4.77,-0.9733333333333334
767,8.33,4.96,-0.7866666666666666
768,8.6,5.15,-0.6066666666666667
769,8.86,5.4,-0.4633333333333333
770,9.11,5.84,-0.01
771,9.13,6.25,0.34
772,9.19,6.67,0.3333333333333333
773,9.21,6.96,0.3833333333333333
774,9.17,7.19,0.3566666666666667
775,9.14,7.33,0.3066666666666666
776,9.11,7.36,0.3633333333333333
777,9.11,7.36,0.38
778,9.12,7.31,0.3566666666666667
779,9.14,7.3,0.55
780,9.15,7.27,0.3266666666666666
781,9.15,7.24,0.2966666666666667
782,9.16,7.22,0.36
783,9.17,7.21,0.32
784,9.18,7.22,0.3
785,9.18,7.22,0.3033333333333333
786,9.19,7.24,0.32
787,9.19,7.24,0.3533333333333333
788,9.2,7.24,0.3366666666666666
789,9.2,7.23,0.3333333333333333
790,9.2,7.23,0.27
791,9.2,7.23,0.24
792,9.2,7.22,0.2133333333333333
793,9.2,7.22,0.2033333333333333
794,9.2,7.22,0.2366666666666666
795,9.2,7.22,0.2433333333333333
796,9.2,7.22,0.34
797,9.2,7.22,0.4366666666666666
798,9.19,7.21,0.4666666666666667
799,9.18,7.2,0.4266666666666667
800,9.18,7.2,0.4266666666666667
801,9.17,7.19,0.44
802,9.16,7.18,0.46
803,9.15,7.17,0.4433333333333333
804,9.13,7.15,0.4366666666666666
805,9.12,7.14,0.4433333333333333
806,9.11,7.13,0.63
807,9.09,7.11,0.5566666666666666
808,9.06,7.05,0.5133333333333333
809,9.01,7.02,0.6233333333333333
810,8.96,6.98,0.82
811,8.93,6.94,0.7366666666666667
812,8.87,6.87,0.68
813,8.8,6.8,0.6966666666666667
814,8.77,6.77,0.45
815,8.71,6.73,0.4733333333333333
816,8.64,6.69,0.5
817,8.55,6.6,0.23
818,8.43,6.53,0.2633333333333333
819,8.29,6.48,0.3133333333333333
820,8.18,6.44,0.3466666666666667
821,8.07,6.39,0.34
822,8.0,6.36,0.3533333333333333
823,7.89,6.31,0.37
824,7.8,6.29,0.42
825,7.75,6.3,0.4933333333333333
826,7.67,6.31,0.5366666666666666
827,7.55,6.3,0.5633333333333334
828,7.42,6.3,0.45
829,7.35,6.31,0.26
830,7.28,6.39,-0.0733333333333333
831,7.24,6.5,-0.1133333333333333
832,7.14,6.58,-0.1966666666666666
833,7.06,6.72,-0.2633333333333333
834,6.96,6.83,-0.1133333333333333
835,6.83,6.92,-0.17
836,6.7,7.03,-0.14
837,6.6,7.09,-0.0933333333333333
838,6.47,7.16,-0.0766666666666666
839,6.43,7.26,-0.14
840,6.32,7.37,-0.18
841,6.24,7.46,-0.41
842,6.15,7.52,-0.7066666666666667
843,6.16,7.58,-0.9566666666666668
844,6.11,7.63,-1.0666666666666669
845,6.08,7.64,-1.21
846,6.03,7.65,-1.2733333333333334
847,5.97,7.66,-1.5
848,5.93,7.65,-1.6466666666666667
849,5.9,7.63,-1.55
850,5.89,7.61,-1.42
851,5.9,7.6,-1.2766666666666666
852,5.9,7.6,-1.0833333333333333
853,5.89,7.58,-0.9833333333333332
854,5.86,7.57,-0.9866666666666668
855,5.87,7.56,-0.9566666666666668
856,5.88,7.53,-0.89
857,5.88,7.48,-0.88
858,5.88,7.46,-0.8566666666666667
859,5.88,7.46,-0.86
860,5.89,7.47,-0.8533333333333334
861,5.89,7.48,-0.8533333333333334
862,5.89,7.48,-0.83
863,5.89,7.49,-0.7
864,5.9,7.52,-0.74
865,5.9,7.55,-0.7
866,5.9,7.56,-0.55
867,5.91,7.56,-0.59
868,5.92,7.57,-0.62
869,5.93,7.56,-0.5333333333333333
870,5.93,7.56,-0.5566666666666666
871,5.94,7.55,-0.5366666666666666
872,5.94,7.54,-0.5566666666666666
873,5.94,7.53,-0.6133333333333333
874,5.94,7.53,-0.82
875,5.94,7.52,-0.8366666666666667
876,5.92,7.52,-1.01
877,5.9,7.52,-1.3966666666666667
878,5.9,7.52,-1.43
879,5.9,7.55,-1.2733333333333334
880,5.89,7.6,-1.18
881,5.89,7.61,-1.1233333333333333
882,5.89,7.63,-1.27
883,5.89,7.63,-1.2533333333333334
884,5.89,7.63,-1.2933333333333332
885,5.9,7.64,-1.3533333333333333
886,5.92,7.63,-1.66
887,5.94,7.61,-1.7833333333333334
888,5.99,7.6,-2.34
889,6.04,7.55,-2.82
890,6.08,7.51,-2.9633333333333334
891,6.1,7.46,-3.1633333333333336
892,6.12,7.43,-3.15
893,6.19,7.41,-3.16
894,6.22,7.37,-3.34
895,6.25,7.31,-3.2533333333333334
896,6.28,7.26,-3.16
897,6.35,7.26,-3.056666666666666
898,6.43,7.24,-2.97
899,6.5,7.22,-2.82
900,6.58,7.2,-2.5866666666666664
901,6.67,7.19,-2.3433333333333333
902,6.78,7.18,-2.29
903,6.91,7.19,-2.23
904,7.04,7.2,-2.01
905,7.31,7.25,-2.18
906,7.6,7.31,-1.4766666666666666
907,7.84,7.34,-0.46
908,7.94,7.34,0.12
909,8.09,7.35,0.25
910,8.37,7.39,0.6333333333333333
911,8.5,7.42,0.7833333333333333
912,8.79,7.46,0.5333333333333333
913,9.18,7.47,-0.5666666666666667
914,9.46,7.46,-2.0966666666666667
915,9.71,7.46,-1.53
916,9.79,7.5,-1.2066666666666668
917,9.82,7.52,-1.1
918,9.81,7.51,-1.0633333333333332
919,9.74,7.51,-1.39
920,9.77,7.5,-1.2833333333333334
921,9.8,7.49,-1.2733333333333334
922,9.81,7.47,-1.2166666666666666
923,9.81,7.46,-1.31
924,9.82,7.45,-1.2366666666666666
925,9.81,7.44,-1.2066666666666668
926,9.8,7.44,-1.1966666666666668
927,9.81,7.45,-1.2333333333333334
928,9.82,7.46,-1.1566666666666667
929,9.82,7.47,-1.22
930,9.82,7.47,-1.32
931,9.82,7.48,-1.34
932,9.82,7.49,-1.3633333333333333
933,9.83,7.5,-1.4833333333333334
934,9.84,7.5,-1.4366666666666668
935,9.84,7.5,-1.39
936,9.84,7.5,-1.37
937,9.84,7.5,-1.13
938,9.84,7.5,-1.0566666666666666
939,9.83,7.5,-1.0933333333333333
940,9.82,7.49,-1.31
941,9.77,7.48,-1.2633333333333334
942,9.72,7.48,-1.393333333333333
943,9.71,7.46,-1.2233333333333334
944,9.68,7.44,-1.0466666666666666
945,9.61,7.42,-0.8966666666666666
946,9.53,7.37,-0.7333333333333333
947,9.48,7.33,-0.4266666666666667
948,9.37,7.27,-0.2966666666666667
949,9.18,7.2,-0.06
950,8.95,7.1,0.3
951,8.75,6.98,0.2
952,8.56,6.9,0.2766666666666666
953,8.41,6.82,0.1966666666666666
954,8.33,6.76,0.0633333333333333
955,8.22,6.67,0.0833333333333333
956,8.11,6.59,0.3433333333333333
957,8.01,6.52,0.3
958,7.88,6.38,0.2466666666666666
959,7.77,6.25,0.1933333333333333
960,7.68,6.19,0.2
961,7.6,6.12,0.19
962,7.53,6.1,-0.0233333333333333
963,7.48,6.11,-0.07
964,7.46,6.06,-0.0533333333333333
965,7.36,6.11,-0.1233333333333333
966,7.24,6.15,-0.1766666666666666
967,7.14,6.18,-0.2533333333333333
968,7.02,6.24,-0.3766666666666666
969,6.81,6.42,-0.5466666666666666
970,6.69,6.55,-0.5633333333333334
971,6.59,6.65,-0.4966666666666666
972,6.49,6.78,-0.4433333333333333
973,6.42,6.87,-0.3233333333333333
974,6.35,6.95,-0.27
975,6.29,7.02,-0.2633333333333333
976,6.24,7.12,-0.2666666666666666
977,6.2,7.21,-0.2833333333333333
978,6.18,7.31,-0.4833333333333333
979,6.16,7.4,-0.6133333333333333
980,6.14,7.49,-0.8166666666666667
981,6.09,7.54,-0.87
982,6.05,7.56,-1.153333333333333
983,6.05,7.59,-0.8833333333333333
984,6.04,7.65,-1.1566666666666667
985,6.02,7.65,-1.33
986,6.0,7.61,-1.086666666666667
987,6.0,7.59,-1.0133333333333334
988,5.98,7.58,-0.98
989,5.95,7.57,-0.9633333333333334
990,5.95,7.57,-0.9633333333333334
991,5.94,7.56,-0.9733333333333334
992,5.91,7.54,-0.9233333333333332
993,5.9,7.52,-0.9166666666666666
994,5.91,7.51,-0.99
995,5.92,7.51,-1.1233333333333333
996,5.92,7.49,-1.1
997,5.92,7.49,-1.0766666666666669
998,5.92,7.49,-1.0033333333333334
999,5.92,7.49,-0.9833333333333332
1000,5.94,7.49,-0.9533333333333334
1001,5.94,7.48,-0.97
1002,5.98,7.47,-0.9266666666666666
1003,6.0,7.47,-0.9033333333333332
1004,6.08,7.46,-0.81
1005,6.09,7.46,-0.7766666666666666
1006,6.11,7.46,-0.7566666666666667
1007,6.14,7.46,-0.7366666666666667
1008,6.15,7.46,-0.74
1009,6.16,7.47,-0.7566666666666667
1010,6.19,7.47,-0.72
1011,6.22,7.45,-0.5933333333333334
1012,6.29,7.42,-0.4966666666666666
1013,6.37,7.42,-0.3833333333333333
1014,6.41,7.41,-0.3466666666666667
1015,6.45,7.4,-0.05
1016,6.48,7.38,-0.01
1017,6.49,7.38,-0.0166666666666666
1018,6.5,7.38,-0.0533333333333333
1019,6.53,7.35,0.05
1020,6.54,7.26,0.1233333333333333
1021,6.57,7.19,0.2
1022,6.61,7.18,0.2
1023,6.65,7.17,0.0966666666666666
1024,6.68,7.17,0.0566666666666666
1025,6.7,7.17,0.0433333333333333
1026,6.71,7.17,0.2066666666666666
1027,6.73,7.16,0.22
1028,6.74,7.14,0.16
1029,6.75,7.14,0.01
1030,6.74,7.16,-0.0866666666666666
1031,6.74,7.26,-0.0666666666666666
1032,6.73,7.3,0.02
1033,6.73,7.35,-0.7766666666666666
1034,6.7,7.42,-1.663333333333333
1035,6.66,7.52,-2.306666666666666
1036,6.55,7.57,-2.74
1037,6.45,7.66,-3.043333333333333
1038,6.3,7.76,-3.313333333333333
1039,6.19,7.85,-3.296666666666667
1040,6.13,7.9,-3.21
1041,6.06,7.88,-3.236666666666667
1042,5.92,7.84,-3.286666666666666
1043,5.81,7.9,-3.07
1044,5.84,8.02,-3.2266666666666666
1045,5.84,8.08,-3.44
1046,5.85,8.11,-3.273333333333333
1047,5.88,8.11,-3.22
1048,5.91,8.09,-3.373333333333333
1049,5.97,8.07,-3.4133333333333336
1050,6.04,8.07,-3.393333333333333
1051,6.18,8.07,-3.6266666666666665
1052,6.25,8.04,-3.55
1053,6.31,8.02,-3.433333333333333
1054,6.34,7.96,-3.393333333333333
1055,6.46,7.95,-3.3833333333333333
1056,6.55,7.95,-3.3433333333333333
1057,6.64,7.92,-3.3433333333333333
1058,6.71,7.87,-3.283333333333333
1059,6.76,7.86,-3.4233333333333333
1060,6.81,7.84,-3.453333333333333
1061,6.89,7.83,-3.67
1062,6.92,7.79,-3.6633333333333336
1063,6.95,7.78,-3.5766666666666667
1064,6.99,7.78,-3.523333333333333
1065,7.01,7.78,-3.3633333333333333
1066,7.0,7.78,-3.18
1067,7.0,7.78,-2.99
1068,7.01,7.79,-3.05
1069,7.0,7.81,-3.0733333333333333
1070,7.01,7.79,-2.8866666666666667
1071,7.06,7.77,-2.63
1072,7.09,7.73,-2.643333333333333
1073,7.16,7.69,-2.4566666666666666
1074,7.21,7.61,-2.4433333333333334
1075,7.3,7.6,-2.026666666666667
1076,7.36,7.55,-1.91
1077,7.43,7.46,-1.4933333333333334
1078,7.54,7.34,-0.6133333333333333
1079,7.57,7.25,-0.3
1080,7.59,7.19,-0.05
1081,7.63,7.15,-0.0366666666666666
1082,7.62,7.02,0.2133333333333333
1083,7.63,7.07,0.3666666666666666
1084,7.6,7.05,0.4733333333333333
1085,7.59,7.06,0.1466666666666666
1086,7.58,7.06,0.2633333333333333
1087,7.57,7.05,0.3433333333333333
1088,7.55,7.02,0.19
1089,7.51,6.97,0.1033333333333333
1090,7.45,6.9,0.2933333333333333
1091,7.41,6.86,0.32
1092,7.35,6.84,0.3733333333333333
1093,7.3,6.8,0.4333333333333333
1094,7.24,6.77,0.39
1095,7.18,6.73,0.37
1096,7.1,6.73,0.32
1097,7.03,6.75,0.3
1098,6.97,6.76,0.29
1099,6.91,6.78,0.2833333333333333
1100,6.85,6.84,0.2766666666666666
1101,6.78,6.91,0.2166666666666666
1102,6.75,6.98,0.22
1103,6.72,7.08,0.2133333333333333
1104,6.67,7.15,0.14
1105,6.64,7.22,0.09
1106,6.6,7.26,0.02
1107,6.57,7.31,-0.0533333333333333
1108,6.54,7.35,-0.14
1109,6.5,7.38,-0.2533333333333333
1110,6.46,7.42,-0.33
1111,6.45,7.45,-0.3566666666666667
1112,6.43,7.46,-0.31
1113,6.42,7.49,-0.2366666666666666
1114,6.4,7.5,-0.2233333333333333
1115,6.4,7.5,-0.2066666666666666
1116,6.39,7.5,-0.16
1117,6.4,7.49,-0.0166666666666666
1118,6.4,7.48,-0.0466666666666666
1119,6.4,7.47,0.0466666666666666
1120,6.41,7.47,0.1
1121,6.41,7.46,0.1
1122,6.41,7.45,0.1366666666666666
1123,6.42,7.44,0.1833333333333333
1124,6.43,7.41,0.1633333333333333
1125,6.44,7.4,0.24
1126,6.45,7.39,0.25
1127,6.46,7.38,0.25
1128,6.48,7.37,0.24
1129,6.48,7.36,0.2733333333333333
1130,6.5,7.34,0.3366666666666666
1131,6.53,7.33,0.3333333333333333
1132,6.56,7.33,0.3266666666666666
1133,6.59,7.32,0.3166666666666666
1134,6.6,7.28,0.3133333333333333
1135,6.6,7.26,0.3966666666666666
1136,6.61,7.24,0.37
1137,6.61,7.22,0.4
1138,6.62,7.19,0.4633333333333333
1139,6.64,7.14,0.4733333333333333
1140,6.66,7.11,0.5166666666666667
1141,6.68,7.07,0.5266666666666666
1142,6.7,7.02,0.5433333333333333
1143,6.73,6.98,0.5133333333333333
1144,6.77,6.94,0.5066666666666667
1145,6.79,6.89,0.5166666666666667
1146,6.82,6.84,0.52
1147,6.86,6.85,0.5166666666666667
1148,6.89,6.84,0.46
1149,6.91,6.86,0.3833333333333333
1150,6.92,6.87,0.3933333333333333
1151,6.92,6.92,0.3033333333333333
1152,6.93,6.98,0.2
1153,6.92,7.06,-0.37
1154,6.91,7.11,-1.8033333333333328
1155,6.91,7.16,-2.52
1156,6.84,7.22,-2.99
1157,6.81,7.31,-3.083333333333333
1158,6.72,7.45,-3.036666666666666
1159,6.62,7.52,-3.31
1160,6.45,7.65,-3.4633333333333334
1161,6.4,7.8,-3.3866666666666667
1162,6.36,7.8,-3.4366666666666665
1163,6.22,7.79,-3.2266666666666666
1164,6.12,7.84,-3.2666666666666666
1165,6.14,7.93,-3.103333333333333
1166,6.15,8.01,-3.3
1167,6.17,8.04,-3.353333333333333
1168,6.18,8.05,-3.4433333333333334
1169,6.2,8.06,-3.3566666666666665
1170,6.21,8.05,-3.303333333333333
1171,6.26,8.02,-3.4166666666666665
1172,6.28,8.01,-3.3833333333333333
1173,6.35,8.01,-3.373333333333333
1174,6.39,7.98,-3.33
1175,6.45,7.95,-3.393333333333333
1176,6.5,7.93,-3.35
1177,6.52,7.91,-3.313333333333333
1178,6.56,7.88,-3.1133333333333333
1179,6.58,7.87,-2.973333333333333
1180,6.62,7.86,-2.9633333333333334
1181,6.7,7.86,-2.793333333333333
1182,6.8,7.86,-2.6866666666666665
1183,6.83,7.85,-2.773333333333333
1184,6.92,7.84,-2.806666666666666
1185,7.01,7.81,-2.8433333333333333
1186,7.1,7.81,-2.78
1187,7.12,7.8,-2.7666666666666666
1188,7.13,7.76,-2.793333333333333
1189,7.15,7.71,-2.803333333333333
1190,7.21,7.67,-2.78
1191,7.27,7.64,-2.723333333333333
1192,7.33,7.6,-2.506666666666667
1193,7.38,7.58,-2.083333333333333
1194,7.45,7.58,-1.79
1195,7.54,7.56,-1.7066666666666668
1196,7.55,7.51,-1.65
1197,7.59,7.42,-1.3866666666666667
1198,7.7,7.28,-0.66
1199,7.85,7.2,-0.1833333333333333
1200,7.86,7.11,-0.0266666666666666
1201,7.87,7.0,0.0166666666666666
1202,7.87,6.98,0.0766666666666666
1203,7.88,7.01,0.4833333333333333
1204,7.87,7.0,0.5666666666666667
1205,7.86,6.98,0.6066666666666667
1206,7.89,6.98,0.6233333333333333
1207,7.9,6.97,0.5466666666666666
1208,7.9,6.95,0.5466666666666666
1209,7.89,6.92,0.5433333333333333
1210,7.88,6.87,0.5066666666666667
1211,7.88,6.83,0.48
1212,7.85,6.76,0.4366666666666666
1213,7.8,6.68,0.4066666666666667
1214,7.71,6.58,0.4033333333333333
1215,7.68,6.55,0.3266666666666666
1216,7.62,6.5,0.2633333333333333
1217,7.55,6.44,0.14
1218,7.47,6.39,0.0866666666666666
1219,7.42,6.4,0.0633333333333333
1220,7.37,6.44,-0.01
1221,7.31,6.46,0.06
1222,7.25,6.48,0.0933333333333333
1223,7.14,6.48,0.2166666666666666
1224,7.04,6.51,0.3
1225,6.97,6.62,0.2833333333333333
1226,6.91,6.7,0.2933333333333333
1227,6.84,6.78,0.3233333333333333
1228,6.77,6.87,0.2833333333333333
1229,6.73,6.97,-0.02
1230,6.71,7.04,-0.14
1231,6.7,7.11,-0.14
1232,6.72,7.16,-0.14
1233,6.68,7.2,-0.15
1234,6.68,7.24,-0.2166666666666666
1235,6.67,7.31,-0.2933333333333333
1236,6.63,7.37,-0.5
1237,6.58,7.4,-0.5066666666666667
1238,6.54,7.45,-0.5866666666666667
1239,6.52,7.5,-0.6
1240,6.49,7.51,-0.6166666666666667
1241,6.46,7.5,-0.5333333333333333
1242,6.41,7.47,-0.5533333333333333
1243,6.42,7.45,-0.51
1244,6.43,7.44,-0.52
1245,6.45,7.43,-0.51
1246,6.45,7.43,-0.4266666666666667
1247,6.46,7.43,-0.5433333333333333
1248,6.46,7.43,-0.5933333333333334
1249,6.47,7.42,-0.5866666666666667
1250,6.47,7.42,-0.6666666666666666
1251,6.47,7.42,-0.6266666666666667
1252,6.48,7.42,-0.6066666666666667
1253,6.49,7.42,-0.6033333333333334
1254,6.5,7.42,-0.54
1255,6.5,7.42,-0.54
1256,6.5,7.42,-0.5633333333333334
1257,6.5,7.42,-0.5833333333333334
1258,6.5,7.43,-0.58
1259,6.5,7.43,-0.68
1260,6.5,7.44,-0.7066666666666667
1261,6.5,7.45,-0.8
1262,6.49,7.46,-0.8933333333333333
1263,6.48,7.46,-0.87
1264,6.48,7.46,-0.8733333333333333
1265,6.47,7.45,-0.9133333333333332
1266,6.45,7.45,-0.8933333333333333
1267,6.44,7.44,-0.8633333333333333
1268,6.42,7.41,-0.78
1269,6.37,7.39,-0.73
1270,6.31,7.37,-0.7266666666666667
1271,6.3,7.34,-0.6666666666666666
1272,6.27,7.34,-0.69
1273,6.27,7.34,-0.6966666666666667
1274,6.25,7.37,-0.8033333333333333
1275,6.24,7.4,-0.7166666666666667
1276,6.2,7.44,-0.71
1277,6.16,7.45,-0.8766666666666667
1278,6.16,7.42,-0.8433333333333334
1279,6.15,7.48,-1.2833333333333334
1280,6.16,7.52,-1.79
1281,6.15,7.51,-2.1366666666666667
1282,6.16,7.51,-2.43
1283,6.16,7.51,-2.5866666666666664
1284,6.16,7.51,-2.74
1285,6.16,7.51,-2.9266666666666667
1286,6.16,7.5,-3.19
1287,6.19,7.5,-3.2133333333333334
1288,6.2,7.5,-3.21
1289,6.2,7.49,-3.37
1290,6.24,7.48,-3.4166666666666665
1291,6.31,7.48,-3.313333333333333
1292,6.36,7.45,-3.316666666666667
1293,6.41,7.41,-3.2666666666666666
1294,6.5,7.4,-3.1866666666666665
1295,6.62,7.38,-3.0033333333333334
1296,6.72,7.35,-2.813333333333333
1297,6.84,7.35,-2.58
1298,6.95,7.29,-2.32
1299,7.1,7.29,-1.596666666666667
1300,7.41,7.34,-1.6966666666666668
1301,7.7,7.37,-1.3133333333333332
1302,7.9,7.38,-0.2433333333333333
1303,8.0,7.39,0.2866666666666667
1304,8.2,7.39,0.6333333333333333
1305,8.41,7.4,0.9733333333333334
1306,8.69,7.42,0.7333333333333333
1307,9.11,7.45,0.15
1308,9.28,7.46,-1.3433333333333333
1309,9.48,7.46,-2.05
1310,9.63,7.45,-2.28
1311,9.78,7.46,-1.7366666666666666
1312,9.81,7.47,-1.5133333333333334
1313,9.78,7.48,-1.65
1314,9.73,7.48,-1.5633333333333332
1315,9.71,7.47,-1.64
1316,9.75,7.45,-1.75
1317,9.81,7.43,-1.6133333333333333
1318,9.81,7.41,-1.4766666666666666
1319,9.78,7.4,-1.4
1320,9.78,7.39,-1.5033333333333334
1321,9.76,7.39,-1.7366666666666666
1322,9.76,7.38,-1.403333333333333
1323,9.74,7.37,-1.3033333333333332
1324,9.73,7.36,-0.9966666666666668
1325,9.73,7.34,-1.11
1326,9.69,7.33,-1.1666666666666667
1327,9.67,7.33,-0.9733333333333334
1328,9.61,7.32,-0.4433333333333333
1329,9.54,7.3,-0.7166666666666667
1330,9.47,7.3,-0.06
1331,9.44,7.28,-0.14
1332,9.33,7.26,-0.29
1333,9.26,7.24,0.1333333333333333
1334,9.07,7.2,0.4466666666666666
1335,8.81,7.14,0.4566666666666666
1336,8.69,7.09,0.45
1337,8.55,7.03,0.2866666666666667
1338,8.42,6.99,0.2133333333333333
1339,8.34,6.91,0.1333333333333333
1340,8.26,6.88,0.1
1341,8.19,6.82,0.0866666666666666
1342,8.08,6.72,0.0133333333333333
1343,7.97,6.61,0.01
1344,7.88,6.59,0.01
1345,7.8,6.48,0.0166666666666666
1346,7.71,6.48,-0.1866666666666666
1347,7.64,6.47,-0.1233333333333333
1348,7.53,6.44,-0.0033333333333333
1349,7.42,6.42,-0.0133333333333333
1350,7.32,6.46,-0.2533333333333333
1351,7.16,6.5,-0.62
1352,7.05,6.55,-0.8066666666666666
1353,6.96,6.65,-0.9633333333333334
1354,6.86,6.72,-0.9233333333333332
1355,6.78,6.78,-1.13
1356,6.71,6.81,-0.8133333333333334
1357,6.66,6.89,-0.6266666666666667
1358,6.59,6.97,-0.4533333333333333
1359,6.54,7.04,-0.39
1360,6.47,7.11,-0.38
1361,6.41,7.18,-0.4933333333333333
1362,6.36,7.25,-0.4166666666666667
1363,6.31,7.33,-0.44
1364,6.29,7.46,-0.5966666666666667
1365,6.28,7.56,-1.0833333333333333
1366,6.25,7.61,-1.1
1367,6.21,7.64,-1.18
1368,6.2,7.69,-1.3166666666666669
1369,6.16,7.67,-1.2633333333333334
1370,6.12,7.66,-1.2333333333333334
1371,6.09,7.63,-1.2066666666666668
1372,6.06,7.61,-1.2
1373,6.04,7.6,-1.25
1374,6.02,7.59,-1.18
1375,6.01,7.57,-1.1466666666666667
1376,6.0,7.55,-1.3133333333333332
1377,5.99,7.5,-1.3533333333333333
1378,5.98,7.48,-1.45
1379,5.98,7.46,-1.44
1380,5.97,7.45,-1.3666666666666667
1381,5.98,7.45,-1.2266666666666666
1382,5.98,7.45,-1.106666666666667
1383,5.98,7.45,-1.0733333333333333
1384,6.01,7.48,-1.06
1385,6.04,7.5,-1.0066666666666666
1386,6.07,7.52,-0.9333333333333332
1387,6.09,7.55,-0.92
1388,6.1,7.57,-0.94
1389,6.1,7.57,-0.9266666666666666
1390,6.11,7.58,-0.8633333333333333
1391,6.11,7.58,-0.8533333333333334
1392,6.11,7.59,-0.8666666666666667
1393,6.1,7.59,-0.8866666666666667
1394,6.08,7.59,-0.9433333333333334
1395,6.07,7.59,-1.0066666666666666
1396,6.05,7.59,-1.0733333333333333
1397,6.03,7.59,-1.1166666666666667
1398,6.01,7.57,-1.2566666666666666
1399,5.97,7.55,-1.4233333333333331
1400,5.94,7.55,-1.4866666666666666
1401,5.93,7.55,-1.41
1402,5.9,7.54,-1.33
1403,5.87,7.52,-1.26
1404,5.84,7.5,-1.2566666666666666
1405,5.82,7.46,-1.2133333333333334
1406,5.81,7.42,-0.9733333333333334
1407,5.8,7.41,-1.02
1408,5.79,7.4,-1.1766666666666667
1409,5.79,7.39,-1.4933333333333334
1410,5.78,7.36,-1.5466666666666666
1411,5.76,7.34,-1.7166666666666666
1412,5.76,7.32,-2.023333333333333
1413,5.76,7.29,-2.046666666666667
1414,5.77,7.26,-2.083333333333333
1415,5.77,7.17,-2.16
1416,5.78,7.13,-2.1
1417,5.8,7.07,-1.9666666666666663
1418,5.82,6.96,-1.97
1419,5.84,6.86,-2.0766666666666667
1420,5.85,6.74,-2.056666666666666
1421,5.86,6.62,-2.0166666666666666
1422,5.91,6.51,-1.7933333333333332
1423,5.94,6.33,-1.23
1424,6.01,6.14,-0.6666666666666666
1425,6.19,5.87,-0.4766666666666667
1426,6.42,5.65,-0.85
1427,6.71,5.28,-1.0066666666666666
1428,7.0,4.98,-1.8333333333333333
1429,7.36,4.75,-2.26
1430,7.79,4.69,-2.2133333333333334
1431,8.21,4.87,-1.55
1432,8.69,5.12,-1.22
1433,8.96,5.49,-1.106666666666667
1434,9.26,6.05,-0.8966666666666666
1435,9.27,6.59,-0.7433333333333333
1436,9.31,7.0,-0.36
1437,9.23,7.33,-0.1333333333333333
1438,9.17,7.52,0.0866666666666666
1439,9.12,7.54,0.0266666666666666
1440,9.08,7.47,0.18
1441,9.12,7.39,0.0666666666666666
1442,9.15,7.28,-0.1
1443,9.19,7.16,-0.14
1444,9.18,6.93,0.1633333333333333
1445,9.17,6.73,0.2966666666666667
1446,9.16,6.61,0.3533333333333333
1447,9.14,6.49,0.1666666666666666
1448,9.12,6.33,0.12
1449,9.09,6.24,0.08
1450,9.03,6.13,0.0733333333333333
1451,8.96,6.06,0.0366666666666666
1452,8.91,6.03,0.0
1453,8.8,5.97,-0.0833333333333333
1454,8.7,5.92,0.06
1455,8.62,5.89,0.1233333333333333
1456,8.55,5.88,0.1466666666666666
1457,8.45,5.87,0.12
1458,8.38,5.86,0.0566666666666666
1459,8.28,5.86,-0.12
1460,8.15,5.87,0.0333333333333333
1461,8.07,5.89,0.0333333333333333
1462,7.99,5.96,0.15
1463,7.94,6.04,0.1866666666666666
1464,7.91,6.08,0.2233333333333333
1465,7.82,6.08,0.2
1466,7.71,6.09,0.2666666666666666
1467,7.63,6.1,0.2833333333333333
1468,7.6,6.11,0.27
1469,7.52,6.12,0.1166666666666666
1470,7.45,6.13,0.0566666666666666
1471,7.41,6.21,-0.1066666666666666
1472,7.29,6.29,-0.23
1473,7.17,6.41,-0.27
1474,7.0,6.55,-0.5133333333333333
1475,6.83,6.64,-0.7066666666666667
1476,6.74,6.73,-0.57
1477,6.61,6.84,-0.53
1478,6.53,6.97,-0.57
1479,6.44,7.08,-0.5133333333333333
1480,6.38,7.2,-0.85
1481,6.35,7.28,-0.66
1482,6.33,7.41,-0.7533333333333333
1483,6.25,7.44,-0.88
1484,6.22,7.52,-0.78
1485,6.14,7.58,-1.17
1486,6.06,7.6,-1.02
1487,6.02,7.62,-1.37
1488,6.03,7.65,-1.15
1489,6.01,7.67,-1.2433333333333334
1490,5.97,7.67,-1.56
1491,5.93,7.65,-1.5766666666666669
1492,5.9,7.62,-1.79
1493,5.87,7.61,-1.7966666666666666
1494,5.84,7.6,-1.64
1495,5.8,7.59,-1.6233333333333333
1496,5.77,7.58,-1.6
1497,5.76,7.57,-1.5433333333333332
1498,5.74,7.55,-1.64
1499,5.73,7.54,-1.84
1500,5.72,7.54,-1.83
1501,5.71,7.53,-1.7433333333333334
1502,5.72,7.53,-1.1333333333333333
1503,5.72,7.53,-1.17
1504,5.72,7.53,-1.21
1505,5.72,7.52,-1.2433333333333334
1506,5.71,7.52,-1.21
1507,5.69,7.52,-1.25
1508,5.69,7.52,-1.1933333333333334
1509,5.68,7.52,-1.4333333333333331
1510,5.68,7.52,-1.52
1511,5.68,7.52,-1.5333333333333334
1512,5.68,7.52,-1.49
1513,5.68,7.53,-1.4233333333333331
1514,5.68,7.53,-1.4233333333333331
1515,5.69,7.54,-1.4233333333333331
1516,5.69,7.54,-1.4733333333333334
1517,5.69,7.54,-1.48
1518,5.69,7.54,-1.4766666666666666
1519,5.69,7.52,-1.43
1520,5.7,7.5,-1.3033333333333332
1521,5.7,7.47,-0.9866666666666668
1522,5.7,7.44,-0.8566666666666667
1523,5.73,7.43,-0.8733333333333333
1524,5.76,7.42,-0.9466666666666668
1525,5.8,7.41,-1.0633333333333332
1526,5.82,7.36,-1.08
1527,5.86,7.36,-1.1966666666666668
1528,5.87,7.27,-1.6166666666666667
1529,5.88,7.22,-1.64
1530,5.9,7.19,-2.063333333333333
1531,5.94,7.17,-2.0733333333333333
1532,5.98,7.12,-1.97
1533,6.03,7.04,-1.9833333333333332
1534,6.06,6.92,-2.12
1535,6.11,6.79,-1.6833333333333331
1536,6.19,6.73,-0.9766666666666668
1537,6.24,6.53,-0.99
1538,6.43,6.31,-0.3966666666666666
1539,6.65,6.02,-0.13
1540,6.93,5.64,-0.4966666666666666
1541,7.25,5.29,-0.7833333333333333
1542,7.64,5.01,-1.8533333333333333
1543,7.98,4.8,-1.3833333333333333
1544,8.39,4.76,-1.03
1545,8.82,4.99,-0.71
1546,8.98,5.22,-0.5433333333333333
1547,9.27,5.6,-0.5266666666666666
1548,9.31,6.06,0.0
1549,9.39,6.51,0.4066666666666667
1550,9.3,6.91,0.15
1551,9.22,7.15,0.1933333333333333
1552,9.12,7.24,0.16
1553,9.05,7.29,0.14
1554,9.04,7.28,0.25
1555,9.06,7.2,0.26
1556,9.12,7.11,0.4233333333333333
1557,9.17,7.02,0.59
1558,9.18,6.96,0.6
1559,9.17,6.8,0.62
1560,9.15,6.59,0.7866666666666666
1561,9.13,6.45,0.7933333333333333
1562,9.12,6.38,0.82
1563,9.11,6.29,0.87
1564,9.06,6.24,0.8166666666666667
1565,8.99,6.17,0.9033333333333332
1566,8.94,6.11,0.94
1567,8.89,6.04,0.8466666666666667
1568,8.82,5.99,0.68
1569,8.77,5.99,0.3233333333333333
1570,8.69,5.95,0.3966666666666666
1571,8.63,5.91,0.3633333333333333
1572,8.56,5.9,0.3533333333333333
1573,8.46,5.86,0.19
1574,8.35,5.84,0.1133333333333333
1575,8.25,5.85,-0.0466666666666666
1576,8.13,5.86,-0.0566666666666666
1577,8.07,5.88,0.1
1578,7.96,5.9,0.3233333333333333
1579,7.87,5.9,0.3633333333333333
1580,7.82,5.91,0.3566666666666667
1581,7.76,5.92,0.3433333333333333
1582,7.67,5.92,0.2133333333333333
1583,7.57,5.94,0.2266666666666666
1584,7.48,5.96,0.2233333333333333
1585,7.44,6.0,0.2233333333333333
1586,7.43,6.09,0.16
1587,7.35,6.19,0.0866666666666666
1588,7.26,6.3,-0.0066666666666666
1589,7.15,6.4,-0.04
1590,7.01,6.51,-0.1266666666666666
1591,6.85,6.61,-0.1866666666666666
1592,6.71,6.72,-0.12
1593,6.6,6.85,-0.1433333333333333
1594,6.54,6.97,-0.25
1595,6.51,7.07,-0.1733333333333333
1596,6.44,7.19,-0.1833333333333333
1597,6.42,7.31,-0.3033333333333333
1598,6.42,7.42,-0.6233333333333333
1599,6.42,7.49,-0.7666666666666667
1600,6.4,7.53,-0.9466666666666668
1601,6.36,7.57,-1.0133333333333334
1602,6.37,7.6,-0.95
1603,6.36,7.64,-1.0266666666666666
1604,6.35,7.65,-0.9566666666666668
1605,6.31,7.63,-0.8566666666666667
1606,6.27,7.59,-0.8
1607,6.28,7.56,-0.5166666666666667
1608,6.26,7.51,-0.5833333333333334
1609,6.24,7.42,-0.52
1610,6.23,7.37,-0.46
1611,6.22,7.3,-0.4133333333333333
1612,6.23,7.29,-0.4366666666666666
1613,6.24,7.25,-0.47
1614,6.24,7.22,-0.48
1615,6.24,7.23,-0.5633333333333334
1616,6.24,7.24,-0.5833333333333334
1617,6.26,7.24,-0.66
1618,6.29,7.24,-0.62
1619,6.37,7.28,-0.4233333333333333
1620,6.44,7.32,-0.2466666666666666
1621,6.47,7.36,-0.07
1622,6.48,7.39,-0.1066666666666666
1623,6.49,7.41,-0.1366666666666666
1624,6.5,7.43,-0.1233333333333333
1625,6.51,7.46,-0.0733333333333333
1626,6.52,7.47,-0.0266666666666666
1627,6.53,7.46,-0.02
1628,6.54,7.46,0.0
1629,6.55,7.42,-0.0066666666666666
1630,6.56,7.37,-0.0433333333333333
1631,6.56,7.35,-0.0766666666666666
1632,6.56,7.3,-0.1333333333333333
1633,6.55,7.29,-0.31
1634,6.53,7.3,-0.4133333333333333
1635,6.51,7.3,-0.4766666666666667
1636,6.39,7.35,-0.4366666666666666
1637,6.34,7.4,-0.5233333333333333
1638,6.28,7.45,-0.5766666666666667
1639,6.28,7.53,-1.0566666666666666
1640,6.28,7.6,-1.3233333333333333
1641,6.28,7.63,-1.8133333333333328
1642,6.26,7.66,-2.22
1643,6.24,7.66,-2.58
1644,6.25,7.69,-2.66
1645,6.26,7.71,-2.93
1646,6.23,7.7,-3.16
1647,6.16,7.7,-3.373333333333333
1648,6.12,7.7,-3.3366666666666664
1649,6.12,7.7,-3.53
1650,6.12,7.7,-3.506666666666667
1651,6.08,7.7,-3.59
1652,6.06,7.68,-3.55
1653,6.07,7.65,-3.563333333333333
1654,6.07,7.62,-3.64
1655,6.08,7.59,-3.52
1656,6.11,7.58,-3.566666666666667
1657,6.14,7.56,-3.5933333333333333
1658,6.21,7.54,-3.54
1659,6.25,7.54,-3.563333333333333
1660,6.29,7.54,-3.54
1661,6.32,7.54,-3.513333333333333
1662,6.36,7.54,-3.5
1663,6.38,7.54,-3.42
1664,6.44,7.54,-3.283333333333333
1665,6.51,7.54,-3.203333333333333
1666,6.57,7.55,-3.0766666666666667
1667,6.61,7.57,-2.9633333333333334
1668,6.68,7.56,-2.86
1669,6.72,7.53,-2.563333333333333
1670,6.78,7.5,-2.33
1671,6.81,7.49,-1.8
1672,6.88,7.47,-1.7166666666666666
1673,6.95,7.44,-1.846666666666667
1674,7.06,7.42,-1.336666666666667
1675,7.22,7.38,-0.86
1676,7.39,7.21,-0.5766666666666667
1677,7.48,7.21,-0.75
1678,7.47,7.21,-0.7833333333333333
1679,7.49,7.21,-0.28
1680,7.51,7.22,-0.1166666666666666
1681,7.52,7.22,-0.0033333333333333
1682,7.53,7.21,0.0566666666666666
1683,7.53,7.19,-0.0066666666666666
1684,7.55,7.18,-0.0566666666666666
1685,7.53,7.17,0.02
1686,7.52,7.16,-0.01
1687,7.51,7.16,-0.11
1688,7.5,7.16,-0.1066666666666666
1689,7.49,7.16,-0.4033333333333333
1690,7.48,7.14,-0.1666666666666666
1691,7.44,7.13,-0.1933333333333333
1692,7.4,7.12,-0.2466666666666666
1693,7.32,7.12,-0.13
1694,7.25,7.08,-0.23
1695,7.15,7.04,-0.2566666666666666
1696,6.99,7.04,-0.4566666666666666
1697,6.88,7.05,-0.4866666666666667
1698,6.79,7.04,-0.4833333333333333
1699,6.71,7.02,-0.3366666666666666
1700,6.63,7.02,-0.3033333333333333
1701,6.51,7.02,-0.44
1702,6.42,7.04,-0.4466666666666666
1703,6.39,7.08,-0.3266666666666666
1704,6.33,7.14,-0.33
1705,6.24,7.25,-0.2966666666666667
1706,6.21,7.34,-0.3866666666666666
1707,6.21,7.39,-0.55
1708,6.21,7.45,-0.7
1709,6.23,7.52,-0.8833333333333333
1710,6.26,7.6,-1.2966666666666666
1711,6.27,7.62,-1.16
1712,6.29,7.66,-1.3866666666666667
1713,6.27,7.7,-1.9
1714,6.27,7.68,-1.9266666666666667
1715,6.23,7.67,-1.96
1716,6.24,7.67,-1.68
1717,6.24,7.66,-1.66
1718,6.25,7.65,-1.086666666666667
1719,6.24,7.64,-1.1266666666666667
1720,6.24,7.6,-0.78
1721,6.26,7.52,-0.66
1722,6.27,7.47,-0.62
1723,6.28,7.45,-0.6166666666666667
1724,6.29,7.43,-0.6666666666666666
1725,6.33,7.39,-0.63
1726,6.35,7.38,-0.6566666666666666
1727,6.35,7.37,-0.7066666666666667
1728,6.33,7.37,-0.7233333333333334
1729,6.28,7.37,-0.78
1730,6.24,7.37,-0.91
1731,6.24,7.38,-0.8866666666666667
1732,6.24,7.38,-0.8766666666666667
1733,6.23,7.41,-1.0233333333333334
1734,6.18,7.43,-0.9666666666666668
1735,6.16,7.44,-0.89
1736,6.17,7.46,-1.1
1737,6.14,7.46,-1.3433333333333333
1738,6.12,7.44,-1.1566666666666667
1739,6.11,7.43,-1.2633333333333334
1740,6.11,7.4,-1.3633333333333333
1741,6.11,7.36,-1.9333333333333331
1742,6.15,7.35,-2.3266666666666667
1743,6.22,7.35,-2.536666666666666
1744,6.32,7.35,-2.7066666666666666
1745,6.36,7.35,-2.9433333333333334
1746,6.41,7.35,-3.17
1747,6.39,7.33,-3.2666666666666666
1748,6.4,7.32,-3.4
1749,6.47,7.31,-3.0933333333333333
1750,6.56,7.3,-2.97
1751,6.67,7.27,-2.93
1752,6.72,7.26,-2.6866666666666665
1753,6.77,7.23,-2.603333333333333
1754,6.87,7.23,-2.486666666666667
1755,6.97,7.18,-2.39
1756,7.14,7.16,-2.4066666666666667
1757,7.63,7.22,-1.7
1758,7.94,7.31,-0.41
1759,7.96,7.31,0.2066666666666666
1760,8.1,7.3,1.0033333333333334
1761,8.32,7.35,0.6633333333333333
1762,9.12,7.49,-1.2233333333333334
1763,9.46,7.57,-2.3366666666666664
1764,9.66,7.63,-2.276666666666667
1765,9.75,7.73,-2.2133333333333334
1766,9.71,7.75,-2.3466666666666667
1767,9.7,7.72,-2.25
1768,9.65,7.69,-2.14
1769,9.49,7.67,-2.026666666666667
1770,9.4,7.64,-2.01
1771,9.34,7.6,-1.9766666666666663
1772,9.33,7.55,-1.8233333333333333
1773,9.2,7.47,0.8433333333333334
1774,9.01,7.41,1.29
1775,8.89,7.36,1.403333333333333
1776,8.78,7.31,1.38
1777,8.62,7.26,1.02
1778,8.53,7.22,0.6933333333333334
1779,8.44,7.18,0.43
1780,8.24,7.12,0.4133333333333333
1781,8.18,7.09,0.3366666666666666
1782,8.16,7.1,0.22
1783,8.03,6.97,0.23
1784,7.94,6.89,0.3233333333333333
1785,7.91,6.82,0.43
1786,7.87,6.8,0.4566666666666666
1787,7.85,6.78,0.48
1788,7.87,6.75,0.4833333333333333
1789,7.84,6.74,0.45
1790,7.8,6.71,0.4333333333333333
1791,7.74,6.69,0.4233333333333333
1792,7.68,6.66,0.38
1793,7.65,6.59,0.31
1794,7.58,6.56,0.21
1795,7.54,6.55,0.2333333333333333
1796,7.45,6.55,0.31
1797,7.36,6.57,0.23
1798,7.25,6.58,0.1633333333333333
1799,7.08,6.66,0.1
1800,6.95,6.77,-0.0433333333333333
1801,6.8,6.86,-0.1633333333333333
1802,6.73,6.91,-0.1866666666666666
1803,6.62,6.98,-0.3133333333333333
1804,6.58,7.05,-0.3
1805,6.53,7.15,-0.3366666666666666
1806,6.54,7.25,-0.32
1807,6.54,7.35,-0.4366666666666666
1808,6.51,7.4,-0.4933333333333333
1809,6.46,7.45,-0.5466666666666666
1810,6.42,7.5,-0.76
1811,6.43,7.54,-0.7766666666666666
1812,6.41,7.58,-0.9366666666666666
1813,6.4,7.61,-1.16
1814,6.35,7.64,-1.2433333333333334
1815,6.28,7.65,-1.836666666666667
1816,6.25,7.66,-1.6266666666666667
1817,6.21,7.64,-1.3966666666666667
1818,6.13,7.63,-1.55
1819,6.11,7.62,-0.9266666666666666
1820,6.13,7.58,-0.8566666666666667
1821,6.14,7.58,-0.92
1822,6.11,7.53,-0.8333333333333334
1823,6.13,7.51,-0.7266666666666667
1824,6.13,7.47,-0.6633333333333333
1825,6.14,7.46,-0.72
1826,6.15,7.44,-0.7133333333333334
1827,6.15,7.42,-0.7233333333333334
1828,6.18,7.41,-0.6866666666666666
1829,6.21,7.41,-0.76
1830,6.27,7.39,-0.6866666666666666
1831,6.31,7.39,-0.5166666666666667
1832,6.35,7.41,-0.3633333333333333
1833,6.37,7.43,-0.3366666666666666
1834,6.41,7.43,-0.1633333333333333
1835,6.44,7.43,-0.05
1836,6.45,7.43,-0.05
1837,6.47,7.42,0.0766666666666666
1838,6.5,7.41,0.1833333333333333
1839,6.54,7.39,0.26
1840,6.58,7.37,0.21
1841,6.6,7.31,0.1666666666666666
1842,6.61,7.26,0.3566666666666667
1843,6.64,7.21,0.32
1844,6.67,7.17,0.3833333333333333
1845,6.69,7.12,0.4
1846,6.72,7.1,0.3466666666666667
1847,6.75,7.06,0.2833333333333333
1848,6.8,7.04,0.1
1849,6.82,7.07,-0.1433333333333333
1850,6.82,7.07,-0.0466666666666666
1851,6.82,7.17,-0.44
1852,6.82,7.23,-1.096666666666667
1853,6.81,7.29,-2.236666666666667
1854,6.78,7.36,-2.773333333333333
1855,6.75,7.38,-2.56
1856,6.72,7.42,-2.6866666666666665
1857,6.59,7.43,-2.783333333333333
1858,6.49,7.43,-3.11
1859,6.33,7.51,-3.373333333333333
1860,6.24,7.59,-3.373333333333333
1861,6.2,7.67,-3.223333333333333
1862,6.2,7.78,-3.3366666666666664
1863,6.22,7.85,-3.29
1864,6.24,7.89,-3.556666666666666
1865,6.25,7.87,-3.6666666666666665
1866,6.23,7.87,-3.58
1867,6.15,7.85,-3.4366666666666665
1868,6.17,7.83,-3.4233333333333333
1869,6.24,7.82,-3.1266666666666665
1870,6.35,7.79,-2.8966666666666665
1871,6.55,7.67,-2.9066666666666667
1872,6.68,7.54,-2.6533333333333333
1873,6.79,7.51,-2.716666666666667
1874,7.0,7.51,-2.473333333333333
1875,7.38,7.52,-2.353333333333333
1876,7.82,7.53,-1.6766666666666667
1877,7.98,7.55,0.5233333333333333
1878,8.3,7.57,0.6533333333333333
1879,9.15,7.55,-0.14
1880,9.35,7.54,-0.93
1881,9.64,7.54,-1.12
1882,9.82,7.54,-1.1966666666666668
1883,9.82,7.54,-1.1966666666666668
1884,9.79,7.49,-1.1733333333333331
1885,9.75,7.39,-1.0033333333333334
1886,9.62,7.28,-1.0766666666666669
1887,9.57,7.17,-0.8266666666666667
1888,9.51,7.08,-0.4766666666666667
1889,9.55,6.93,0.0833333333333333
1890,9.53,6.87,0.39
1891,9.49,6.84,0.48
1892,9.34,6.84,0.7
1893,9.07,6.82,0.36
1894,8.84,6.82,0.4833333333333333
1895,8.66,6.8,0.33
1896,8.49,6.79,0.06
1897,8.3,6.78,-0.09
1898,8.22,6.77,-0.0966666666666666
1899,8.12,6.76,0.4
1900,7.98,6.68,0.49
1901,7.93,6.59,0.4266666666666667
1902,7.92,6.51,0.4333333333333333
1903,7.93,6.44,0.47
1904,7.96,6.34,0.4966666666666666
1905,8.0,6.26,0.4666666666666667
1906,8.02,6.16,0.4166666666666667
1907,8.01,6.11,0.2466666666666666
1908,7.97,6.07,0.1466666666666666
1909,7.88,6.03,0.1
1910,7.8,6.01,0.0366666666666666
1911,7.74,5.92,0.1033333333333333
1912,7.65,5.93,0.1033333333333333
1913,7.55,5.96,0.0166666666666666
1914,7.42,5.99,-0.12
1915,7.28,6.0,-0.2333333333333333
1916,7.15,6.1,-0.2866666666666667
1917,7.05,6.21,-0.4766666666666667
1918,6.94,6.33,-0.86
1919,6.83,6.39,-0.7233333333333334
1920,6.74,6.46,-0.56
1921,6.66,6.58,-0.5833333333333334
1922,6.62,6.71,-0.5466666666666666
1923,6.55,6.83,-0.5333333333333333
1924,6.5,6.98,-0.55
1925,6.46,7.09,-0.6133333333333333
1926,6.41,7.19,-0.6866666666666666
1927,6.37,7.28,-1.03
1928,6.34,7.35,-0.9633333333333334
1929,6.29,7.4,-0.9033333333333332
1930,6.26,7.5,-1.36
1931,6.24,7.58,-1.596666666666667
1932,6.2,7.61,-1.4933333333333334
1933,6.17,7.64,-1.2633333333333334
1934,6.12,7.64,-1.1866666666666668
1935,6.1,7.66,-1.403333333333333
1936,6.1,7.66,-1.4233333333333331
1937,6.09,7.63,-1.3733333333333333
1938,6.11,7.62,-1.1733333333333331
1939,6.12,7.6,-0.9733333333333334
1940,6.12,7.6,-0.8033333333333333
1941,6.13,7.59,-0.75
1942,6.13,7.56,-0.71
1943,6.16,7.51,-0.6466666666666666
1944,6.21,7.46,-0.6233333333333333
1945,6.23,7.42,-0.72
1946,6.24,7.4,-0.7633333333333333
1947,6.25,7.39,-0.7633333333333333
1948,6.27,7.39,-0.78
1949,6.32,7.39,-0.74
1950,6.37,7.39,-0.4933333333333333
1951,6.43,7.38,-0.32
1952,6.5,7.35,-0.05
1953,6.54,7.35,-0.09
1954,6.56,7.35,-0.0066666666666666
1955,6.57,7.34,0.0633333333333333
1956,6.58,7.25,0.0666666666666666
1957,6.59,7.22,0.12
1958,6.61,7.09,0.2966666666666667
1959,6.68,7.11,0.35
1960,6.71,7.06,0.4033333333333333
1961,6.76,7.01,0.3633333333333333
1962,6.81,7.02,0.3166666666666666
1963,6.84,6.95,0.3266666666666666
1964,6.87,6.95,0.2666666666666666
1965,6.9,6.96,0.05
1966,6.89,7.01,0.0366666666666666
1967,6.87,7.05,-0.1333333333333333
1968,6.86,7.08,-0.2166666666666666
1969,6.85,7.19,-1.2
1970,6.81,7.29,-2.1
1971,6.71,7.36,-2.5933333333333333
1972,6.59,7.41,-2.6766666666666667
1973,6.48,7.43,-2.87
1974,6.32,7.46,-3.1366666666666667
1975,6.16,7.52,-3.28
1976,6.06,7.63,-3.1466666666666665
1977,5.96,7.69,-2.993333333333333
1978,5.91,7.84,-2.96
1979,5.83,7.91,-3.0966666666666667
1980,5.65,7.89,-3.08
1981,5.7,7.87,-3.276666666666667
1982,5.72,7.87,-3.4233333333333333
1983,5.75,7.84,-3.2533333333333334
1984,5.8,7.83,-3.1933333333333334
1985,5.8,7.76,-3.2533333333333334
1986,5.81,7.67,-3.17
1987,5.82,7.62,-3.01
1988,5.85,7.56,-2.8866666666666667
1989,6.05,7.54,-2.6066666666666665
1990,6.4,7.55,-2.5866666666666664
1991,6.68,7.55,-2.4466666666666668
1992,6.9,7.52,-2.52
1993,7.08,7.51,-2.473333333333333
1994,7.26,7.55,-2.4833333333333334
1995,7.65,7.6,-2.21
1996,8.05,7.62,-0.7633333333333333
1997,8.23,7.59,0.3266666666666666
1998,8.67,7.58,0.8033333333333333
1999,9.11,7.56,0.5366666666666666
2000,9.62,7.55,-0.6133333333333333
2001,9.82,7.52,-0.9666666666666668
2002,10.07,7.46,-0.6266666666666667
2003,10.07,7.41,-1.2533333333333334
2004,10.0,7.32,-1.7966666666666666
2005,9.95,7.2,-1.67
2006,9.79,7.1,-1.846666666666667
2007,9.68,7.01,-1.9833333333333332
2008,9.62,6.89,-1.9533333333333331
2009,9.58,6.8,-1.9466666666666668
2010,9.51,6.76,-1.8
2011,9.47,6.69,-0.6966666666666667
2012,9.45,6.65,-1.0533333333333332
2013,9.37,6.66,0.3066666666666666
2014,9.26,6.68,1.0066666666666666
2015,9.07,6.65,0.8466666666666667
2016,8.97,6.65,0.6533333333333333
2017,8.92,6.67,0.7066666666666667
2018,8.81,6.67,0.73
2019,8.74,6.65,0.7033333333333334
2020,8.59,6.56,0.5666666666666667
2021,8.54,6.52,0.4633333333333333
2022,8.47,6.52,0.3833333333333333
2023,8.43,6.48,0.4366666666666666
2024,8.37,6.39,0.71
2025,8.3,6.25,0.6766666666666666
2026,8.28,6.17,0.6366666666666667
2027,8.26,6.08,0.5733333333333334
2028,8.25,6.02,0.49
2029,8.22,5.89,0.37
2030,8.16,5.79,0.32
2031,8.1,5.78,0.09
2032,8.09,5.66,0.13
2033,7.96,5.7,0.07
2034,7.86,5.75,0.0566666666666666
2035,7.71,5.79,0.09
2036,7.66,5.76,0.1
2037,7.41,5.88,-0.1633333333333333
2038,7.36,5.93,-0.2266666666666666
2039,7.21,6.05,-0.5133333333333333
2040,7.12,6.15,-1.0133333333333334
2041,7.01,6.24,-1.0033333333333334
2042,6.92,6.33,-1.07
2043,6.82,6.46,-1.3666666666666667
2044,6.69,6.54,-1.2
2045,6.6,6.66,-1.336666666666667
2046,6.51,6.78,-1.38
2047,6.41,6.88,-1.3966666666666667
2048,6.32,7.01,-1.53
2049,6.24,7.1,-1.56
2050,6.16,7.18,-1.88
2051,6.1,7.3,-1.7466666666666666
2052,6.04,7.39,-1.6866666666666668
2053,6.0,7.51,-1.7666666666666666
2054,5.96,7.55,-1.9933333333333332
2055,5.94,7.59,-2.02
2056,5.91,7.61,-2.0733333333333333
2057,5.87,7.64,-2.286666666666666
