0,4.33,2.82,-0.5166666666666667
1,4.33,2.86,-0.75
2,4.34,2.87,-0.8233333333333334
3,4.34,2.87,-0.82
4,4.33,2.86,-0.8333333333333334
5,4.32,2.85,-0.8266666666666667
6,4.31,2.85,-0.8866666666666667
7,4.31,2.85,-0.8766666666666667
8,4.31,2.86,-0.91
9,4.31,2.86,-0.9566666666666668
10,4.3,2.86,-0.9366666666666666
11,4.3,2.86,-0.9466666666666668
12,4.3,2.86,-0.9466666666666668
13,4.3,2.87,-0.95
14,4.3,2.88,-0.9533333333333334
15,4.3,2.88,-0.95
16,4.3,2.88,-0.9466666666666668
17,4.3,2.88,-0.9433333333333334
18,4.3,2.88,-0.9466666666666668
19,4.31,2.89,-0.9466666666666668
20,4.3,2.89,-0.9533333333333334
21,4.3,2.89,-0.9566666666666668
22,4.3,2.89,-0.9566666666666668
23,4.31,2.89,-0.9633333333333334
24,4.31,2.89,-0.9633333333333334
25,4.31,2.89,-0.96
26,4.31,2.89,-0.96
27,4.31,2.89,-0.95
28,4.31,2.89,-0.9166666666666666
29,4.31,2.89,-0.9
30,4.31,2.89,-0.8933333333333333
31,4.31,2.89,-0.8933333333333333
32,4.31,2.89,-0.8833333333333333
33,4.31,2.89,-0.88
34,4.31,2.88,-0.88
35,4.31,2.88,-0.88
36,4.31,2.88,-0.88
37,4.31,2.88,-0.9166666666666666
38,4.31,2.88,-0.9633333333333334
39,4.32,2.88,-0.98
40,4.32,2.89,-0.9933333333333332
41,4.33,2.9,-0.9833333333333332
42,4.33,2.89,-0.97
43,4.33,2.87,-0.9566666666666668
44,4.34,2.87,-0.9566666666666668
45,4.34,2.88,-0.9566666666666668
46,4.36,2.89,-0.94
47,4.36,2.89,-0.9233333333333332
48,4.37,2.89,-0.9233333333333332
49,4.38,2.89,-0.8966666666666666
50,4.38,2.89,-0.8966666666666666
51,4.39,2.89,-0.9
52,4.39,2.89,-0.8933333333333333
53,4.39,2.88,-0.88
54,4.39,2.86,-0.8433333333333334
55,4.39,2.86,-0.8433333333333334
56,4.39,2.86,-0.8466666666666667
57,4.39,2.86,-0.8433333333333334
58,4.39,2.86,-0.85
59,4.38,2.85,-0.8666666666666667
60,4.38,2.85,-0.88
61,4.38,2.84,-0.9166666666666666
62,4.36,2.83,-0.9133333333333332
63,4.35,2.82,-0.89
64,4.35,2.81,-0.8866666666666667
65,4.35,2.81,-0.86
66,4.34,2.81,-0.8433333333333334
67,4.34,2.81,-0.8433333333333334
68,4.34,2.81,-0.8533333333333334
69,4.35,2.82,-0.8533333333333334
70,4.35,2.82,-0.8466666666666667
71,4.35,2.82,-0.8366666666666667
72,4.35,2.82,-0.82
73,4.35,2.81,-0.7866666666666666
74,4.35,2.8,-0.7666666666666667
75,4.35,2.8,-0.7733333333333333
76,4.35,2.79,-0.78
77,4.35,2.79,-0.7833333333333333
78,4.35,2.78,-0.7866666666666666
79,4.35,2.78,-0.79
80,4.35,2.78,-0.79
81,4.35,2.77,-0.7833333333333333
82,4.35,2.76,-0.7666666666666667
83,4.35,2.75,-0.75
84,4.35,2.74,-0.72
85,4.35,2.74,-0.7233333333333334
86,4.35,2.74,-0.71
87,4.34,2.74,-0.6666666666666666
88,4.33,2.73,-0.6133333333333333
89,4.33,2.72,-0.5366666666666666
90,4.33,2.72,-0.5033333333333333
91,4.34,2.74,-0.5
92,4.35,2.74,-0.4933333333333333
93,4.35,2.75,-0.4833333333333333
94,4.36,2.75,-0.4566666666666666
95,4.36,2.75,-0.44
96,4.37,2.75,-0.3933333333333333
97,4.38,2.75,-0.36
98,4.39,2.75,-0.3933333333333333
99,4.39,2.75,-0.4133333333333333
100,4.39,2.75,-0.4833333333333333
101,4.39,2.75,-0.48
102,4.39,2.75,-0.47
103,4.39,2.75,-0.51
104,4.39,2.76,-0.5333333333333333
105,4.39,2.76,-0.5733333333333334
106,4.39,2.76,-0.59
107,4.39,2.77,-0.6133333333333333
108,4.39,2.8,-0.6766666666666666
109,4.39,2.8,-0.6966666666666667
110,4.4,2.82,-0.7666666666666667
111,4.4,2.83,-0.7733333333333333
112,4.4,2.84,-0.7766666666666666
113,4.4,2.84,-0.78
114,4.4,2.84,-0.7666666666666667
115,4.4,2.84,-0.76
116,4.4,2.83,-0.7466666666666667
117,4.4,2.83,-0.7433333333333333
118,4.4,2.83,-0.7433333333333333
119,4.4,2.83,-0.7366666666666667
120,4.4,2.83,-0.7533333333333333
121,4.4,2.83,-0.77
122,4.41,2.83,-0.7733333333333333
123,4.41,2.83,-0.77
124,4.41,2.83,-0.7666666666666667
125,4.42,2.83,-0.7633333333333333
126,4.42,2.83,-0.7533333333333333
127,4.42,2.83,-0.73
128,4.42,2.82,-0.7533333333333333
129,4.42,2.81,-0.7733333333333333
130,4.42,2.81,-0.7966666666666666
131,4.43,2.81,-0.8133333333333334
132,4.43,2.79,-0.8166666666666667
133,4.43,2.78,-0.81
134,4.44,2.78,-0.8066666666666666
135,4.45,2.77,-0.8033333333333333
136,4.46,2.77,-0.8
137,4.47,2.77,-0.8
138,4.47,2.77,-0.7933333333333333
139,4.48,2.77,-0.79
140,4.48,2.77,-0.7866666666666666
141,4.48,2.76,-0.7866666666666666
142,4.48,2.76,-0.79
143,4.48,2.75,-0.79
144,4.48,2.74,-0.79
145,4.48,2.73,-0.79
146,4.48,2.73,-0.7866666666666666
147,4.48,2.73,-0.8
148,4.47,2.73,-0.82
149,4.47,2.72,-0.8166666666666667
150,4.47,2.71,-0.7733333333333333
151,4.47,2.7,-0.6966666666666667
152,4.47,2.7,-0.6933333333333334
153,4.46,2.7,-0.6966666666666667
154,4.46,2.7,-0.6733333333333333
155,4.44,2.69,-0.64
156,4.41,2.68,-0.5366666666666666
157,4.39,2.68,-0.4833333333333333
158,4.39,2.68,-0.4733333333333333
159,4.38,2.68,-0.4466666666666666
160,4.37,2.68,-0.46
161,4.36,2.68,-0.4566666666666666
162,4.35,2.68,-0.46
163,4.35,2.68,-0.4766666666666667
164,4.34,2.68,-0.5166666666666667
165,4.33,2.68,-0.5166666666666667
166,4.32,2.68,-0.5666666666666667
167,4.32,2.68,-0.5933333333333334
168,4.31,2.68,-0.6166666666666667
169,4.31,2.67,-0.63
170,4.31,2.66,-0.63
171,4.32,2.64,-0.6233333333333333
172,4.33,2.62,-0.62
173,4.36,2.61,-0.6166666666666667
174,4.4,2.6,-0.5666666666666667
175,4.44,2.6,-0.5566666666666666
176,4.47,2.6,-0.5366666666666666
177,4.5,2.59,-0.5366666666666666
178,4.52,2.59,-0.54
179,4.55,2.59,-0.53
180,4.57,2.59,-0.4866666666666667
181,4.58,2.59,-0.4966666666666666
182,4.59,2.59,-0.5033333333333333
183,4.58,2.59,-0.5066666666666667
184,4.58,2.59,-0.51
185,4.58,2.6,-0.5733333333333334
186,4.58,2.62,-0.61
187,4.57,2.63,-0.6233333333333333
188,4.57,2.65,-0.6666666666666666
189,4.55,2.65,-0.66
190,4.54,2.65,-0.6566666666666666
191,4.52,2.65,-0.67
192,4.52,2.65,-0.6966666666666667
193,4.51,2.66,-0.7066666666666667
194,4.5,2.66,-0.7133333333333334
195,4.5,2.66,-0.7066666666666667
196,4.49,2.66,-0.7166666666666667
197,4.49,2.65,-0.71
198,4.48,2.65,-0.7133333333333334
199,4.48,2.64,-0.65
200,4.48,2.63,-0.5966666666666667
201,4.48,2.62,-0.6
202,4.48,2.61,-0.6
203,4.48,2.61,-0.6
204,4.48,2.61,-0.6033333333333334
205,4.48,2.61,-0.6033333333333334
206,4.48,2.61,-0.6066666666666667
207,4.48,2.61,-0.61
208,4.48,2.61,-0.6133333333333333
209,4.48,2.61,-0.62
210,4.48,2.61,-0.62
211,4.48,2.61,-0.6433333333333333
212,4.48,2.61,-0.6466666666666666
213,4.49,2.61,-0.6666666666666666
214,4.49,2.61,-0.6633333333333333
215,4.5,2.61,-0.6666666666666666
216,4.5,2.61,-0.67
217,4.51,2.61,-0.68
218,4.53,2.61,-0.74
219,4.54,2.61,-0.8333333333333334
220,4.55,2.62,-0.8166666666666667
221,4.55,2.62,-0.8033333333333333
222,4.54,2.62,-0.79
223,4.53,2.63,-0.86
224,4.52,2.64,-0.9466666666666668
225,4.49,2.64,-0.97
226,4.47,2.67,-0.9966666666666668
227,4.44,2.67,-0.9766666666666668
228,4.4,2.66,-0.9766666666666668
229,4.38,2.66,-0.9633333333333334
230,4.36,2.66,-0.9766666666666668
231,4.35,2.67,-0.9866666666666668
232,4.35,2.68,-0.9866666666666668
233,4.36,2.72,-1.0266666666666666
234,4.36,2.71,-1.0166666666666666
235,4.42,2.73,-1.0433333333333332
236,4.46,2.73,-1.07
237,4.55,2.74,-1.0766666666666669
238,4.64,2.75,-1.1133333333333333
239,4.72,2.76,-1.1366666666666667
240,4.78,2.78,-1.18
241,4.79,2.78,-1.153333333333333
242,4.83,2.77,-1.14
243,4.84,2.77,-1.1233333333333333
244,4.83,2.77,-1.0666666666666669
245,4.84,2.77,-1.0633333333333332
246,4.83,2.76,-1.0433333333333332
247,4.83,2.76,-1.0433333333333332
248,4.82,2.76,-1.0333333333333334
249,4.82,2.76,-1.0333333333333334
250,4.82,2.76,-1.0466666666666666
251,4.81,2.76,-1.0533333333333332
252,4.81,2.76,-1.0633333333333332
253,4.81,2.75,-1.0733333333333333
254,4.81,2.75,-1.0733333333333333
255,4.81,2.75,-1.06
256,4.81,2.75,-1.05
257,4.81,2.76,-1.05
258,4.8,2.76,-1.05
259,4.8,2.76,-1.0466666666666666
260,4.8,2.76,-1.0466666666666666
261,4.8,2.76,-1.0466666666666666
262,4.8,2.76,-1.0433333333333332
263,4.81,2.78,-1.0466666666666666
264,4.81,2.78,-1.0533333333333332
265,4.81,2.78,-1.04
266,4.83,2.78,-1.0466666666666666
267,4.84,2.78,-1.0466666666666666
268,4.84,2.77,-1.04
269,4.84,2.74,-1.0266666666666666
270,4.85,2.73,-0.9933333333333332
271,4.86,2.72,-0.9633333333333334
272,4.86,2.71,-0.9766666666666668
273,4.87,2.7,-0.9966666666666668
274,4.88,2.72,-1.08
275,4.88,2.72,-0.9933333333333332
276,4.87,2.74,-0.8666666666666667
277,4.81,2.74,-0.7
278,4.76,2.74,-0.55
279,4.69,2.74,-0.5133333333333333
280,4.63,2.73,-0.55
281,4.62,2.74,-0.6166666666666667
282,4.59,2.72,-0.6
283,4.6,2.72,-0.6066666666666667
284,4.6,2.72,-0.6333333333333333
285,4.61,2.73,-0.6433333333333333
286,4.62,2.74,-0.65
287,4.62,2.75,-0.6533333333333333
288,4.64,2.75,-0.67
289,4.64,2.75,-0.6966666666666667
290,4.66,2.76,-0.7133333333333334
291,4.67,2.76,-0.6933333333333334
292,4.68,2.76,-0.6966666666666667
293,4.68,2.76,-0.6333333333333333
294,4.68,2.74,-0.6166666666666667
295,4.68,2.74,-0.5966666666666667
296,4.68,2.74,-0.6066666666666667
297,4.68,2.72,-0.6
298,4.69,2.72,-0.6066666666666667
299,4.7,2.72,-0.6066666666666667
300,4.71,2.74,-0.6333333333333333
301,4.71,2.75,-0.6333333333333333
302,4.71,2.76,-0.6266666666666667
303,4.71,2.75,-0.6
304,4.71,2.76,-0.6033333333333334
305,4.71,2.76,-0.61
306,4.71,2.75,-0.6066666666666667
307,4.71,2.75,-0.6133333333333333
308,4.71,2.75,-0.6333333333333333
309,4.71,2.75,-0.6466666666666666
310,4.71,2.75,-0.66
311,4.71,2.75,-0.6566666666666666
312,4.71,2.75,-0.6566666666666666
313,4.71,2.74,-0.6533333333333333
314,4.71,2.74,-0.6533333333333333
315,4.71,2.74,-0.6633333333333333
316,4.7,2.74,-0.6666666666666666
317,4.7,2.74,-0.66
318,4.7,2.74,-0.6533333333333333
319,4.7,2.73,-0.6533333333333333
320,4.7,2.73,-0.6533333333333333
321,4.7,2.73,-0.6466666666666666
322,4.7,2.73,-0.6433333333333333
323,4.7,2.73,-0.6466666666666666
324,4.7,2.73,-0.6466666666666666
325,4.7,2.73,-0.6466666666666666
326,4.7,2.72,-0.65
327,4.7,2.72,-0.6333333333333333
328,4.7,2.72,-0.63
329,4.7,2.72,-0.6333333333333333
330,4.7,2.72,-0.6333333333333333
331,4.7,2.71,-0.6333333333333333
332,4.7,2.71,-0.6266666666666667
333,4.7,2.71,-0.6266666666666667
334,4.7,2.71,-0.6266666666666667
335,4.7,2.71,-0.6466666666666666
336,4.7,2.71,-0.6766666666666666
337,4.7,2.71,-0.6866666666666666
338,4.7,2.71,-0.85
339,4.69,2.71,-0.8866666666666667
340,4.69,2.71,-0.9766666666666668
341,4.67,2.71,-0.92
342,4.65,2.71,-0.9466666666666668
343,4.62,2.7,-0.95
344,4.58,2.69,-1.03
345,4.54,2.69,-1.0466666666666666
346,4.51,2.69,-1.0333333333333334
347,4.49,2.69,-1.06
348,4.48,2.69,-1.086666666666667
349,4.48,2.69,-1.09
350,4.48,2.69,-1.08
351,4.49,2.7,-1.06
352,4.5,2.72,-1.0533333333333332
353,4.52,2.73,-1.07
354,4.55,2.74,-1.143333333333333
355,4.58,2.74,-1.13
356,4.61,2.74,-1.1166666666666667
357,4.63,2.73,-1.1166666666666667
358,4.64,2.73,-1.1166666666666667
359,4.66,2.73,-1.1266666666666667
360,4.66,2.74,-1.143333333333333
361,4.66,2.76,-1.15
362,4.67,2.77,-1.1466666666666667
363,4.67,2.77,-1.1366666666666667
364,4.67,2.78,-1.12
365,4.67,2.78,-1.08
366,4.67,2.78,-1.0633333333333332
367,4.67,2.77,-1.03
368,4.67,2.77,-0.98
369,4.68,2.76,-0.8766666666666667
370,4.68,2.76,-0.7633333333333333
371,4.69,2.77,-0.7733333333333333
372,4.68,2.77,-0.6633333333333333
373,4.68,2.77,-0.7333333333333333
374,4.67,2.79,-0.7666666666666667
375,4.66,2.79,-0.7066666666666667
376,4.65,2.79,-0.6566666666666666
377,4.64,2.79,-0.6066666666666667
378,4.63,2.78,-0.6066666666666667
379,4.63,2.78,-0.5633333333333334
380,4.63,2.77,-0.5533333333333333
381,4.63,2.73,-0.5966666666666667
382,4.63,2.73,-0.6066666666666667
383,4.64,2.71,-0.59
384,4.66,2.71,-0.58
385,4.66,2.7,-0.5233333333333333
386,4.66,2.69,-0.52
387,4.67,2.69,-0.5266666666666666
388,4.67,2.69,-0.51
389,4.67,2.69,-0.4866666666666667
390,4.67,2.69,-0.49
391,4.67,2.69,-0.4366666666666666
392,4.67,2.69,-0.4366666666666666
393,4.67,2.69,-0.4533333333333333
394,4.67,2.69,-0.4933333333333333
395,4.67,2.69,-0.53
396,4.67,2.69,-0.5433333333333333
397,4.67,2.7,-0.5866666666666667
398,4.67,2.71,-0.6133333333333333
399,4.67,2.71,-0.6266666666666667
400,4.67,2.72,-0.6233333333333333
401,4.67,2.73,-0.63
402,4.67,2.74,-0.63
403,4.67,2.74,-0.63
404,4.67,2.75,-0.6333333333333333
405,4.68,2.75,-0.6333333333333333
406,4.68,2.75,-0.63
407,4.68,2.74,-0.6233333333333333
408,4.68,2.73,-0.62
409,4.68,2.73,-0.6166666666666667
410,4.69,2.71,-0.5966666666666667
411,4.69,2.71,-0.59
412,4.7,2.71,-0.5866666666666667
413,4.7,2.7,-0.5866666666666667
414,4.72,2.7,-0.6033333333333334
415,4.72,2.7,-0.6033333333333334
416,4.72,2.7,-0.6033333333333334
417,4.72,2.7,-0.61
418,4.72,2.73,-0.66
419,4.72,2.75,-0.7866666666666666
420,4.71,2.77,-0.9633333333333334
421,4.68,2.77,-0.9866666666666668
422,4.67,2.78,-1.0233333333333334
423,4.65,2.78,-1.0166666666666666
424,4.62,2.78,-1.0066666666666666
425,4.6,2.79,-1.0633333333333332
426,4.59,2.79,-1.096666666666667
427,4.59,2.79,-1.096666666666667
428,4.59,2.79,-1.08
429,4.61,2.79,-1.0633333333333332
430,4.69,2.8,-1.09
431,4.77,2.84,-1.12
432,4.86,2.87,-1.143333333333333
433,4.96,2.9,-1.2166666666666666
434,5.08,2.93,-1.2133333333333334
435,5.15,2.93,-1.2
436,5.25,2.93,-1.1966666666666668
437,5.34,2.93,-1.1466666666666667
438,5.43,2.94,-1.1366666666666667
439,5.48,2.93,-1.0933333333333333
440,5.54,2.92,-1.086666666666667
441,5.61,2.92,-1.0766666666666669
442,5.69,2.93,-1.0533333333333332
443,5.75,2.94,-1.0333333333333334
444,5.78,2.94,-1.0266666666666666
445,5.79,2.92,-0.8866666666666667
446,5.81,2.91,-0.8166666666666667
447,5.84,2.9,-0.8266666666666667
448,5.86,2.9,-0.8766666666666667
449,5.91,2.9,-0.9533333333333334
450,5.93,2.9,-0.89
451,5.92,2.9,-0.8133333333333334
452,5.93,2.9,-0.74
453,5.93,2.9,-0.7233333333333334
454,5.94,2.9,-0.77
455,5.95,2.91,-0.7766666666666666
456,5.95,2.92,-0.8766666666666667
457,5.95,2.92,-0.9366666666666666
458,5.95,2.93,-0.9666666666666668
459,5.95,2.93,-0.96
460,5.95,2.93,-0.96
461,5.94,2.92,-0.9533333333333334
462,5.94,2.91,-0.91
463,5.94,2.9,-0.88
464,5.94,2.9,-0.8666666666666667
465,5.94,2.9,-0.87
466,5.94,2.89,-0.8733333333333333
467,5.93,2.89,-0.8733333333333333
468,5.93,2.89,-0.8733333333333333
469,5.93,2.89,-0.8833333333333333
470,5.93,2.9,-0.9
471,5.92,2.9,-0.9
472,5.91,2.9,-0.9
473,5.91,2.9,-0.9
474,5.9,2.9,-0.9266666666666666
475,5.9,2.9,-0.95
476,5.9,2.9,-0.9533333333333334
477,5.89,2.89,-0.95
478,5.86,2.87,-0.9266666666666666
479,5.84,2.85,-0.9233333333333332
480,5.83,2.83,-0.9233333333333332
481,5.82,2.81,-0.9333333333333332
482,5.81,2.79,-0.9166666666666666
483,5.79,2.75,-0.92
484,5.78,2.71,-0.9233333333333332
485,5.76,2.67,-0.9266666666666666
486,5.75,2.63,-0.9333333333333332
487,5.75,2.6,-1.0166666666666666
488,5.73,2.55,-1.0366666666666666
489,5.71,2.5,-1.0266666666666666
490,5.68,2.45,-0.9533333333333334
491,5.65,2.39,-0.86
492,5.62,2.37,-0.7366666666666667
493,5.58,2.33,-0.6433333333333333
494,5.56,2.3,-0.7066666666666667
495,5.51,2.28,-0.7333333333333333
496,5.48,2.29,-0.7466666666666667
497,5.44,2.31,-0.7633333333333333
498,5.38,2.32,-0.6933333333333334
499,5.33,2.32,-0.72
500,5.27,2.37,-0.73
501,5.2,2.4,-0.66
502,5.11,2.43,-0.65
503,5.06,2.47,-0.59
504,5.01,2.51,-0.49
505,4.96,2.54,-0.4766666666666667
506,4.88,2.55,-0.5033333333333333
507,4.84,2.59,-0.5466666666666666
508,4.81,2.61,-0.6866666666666666
509,4.78,2.62,-0.71
510,4.74,2.64,-0.7
511,4.73,2.67,-0.69
512,4.7,2.69,-0.6866666666666666
513,4.67,2.7,-0.6933333333333334
514,4.65,2.71,-0.7366666666666667
515,4.63,2.7,-0.75
516,4.61,2.69,-0.75
517,4.6,2.69,-0.7433333333333333
518,4.61,2.69,-0.7366666666666667
519,4.61,2.69,-0.7333333333333333
520,4.61,2.67,-0.7333333333333333
521,4.62,2.67,-0.7333333333333333
522,4.62,2.67,-0.72
523,4.63,2.67,-0.72
524,4.63,2.66,-0.7066666666666667
525,4.63,2.65,-0.6733333333333333
526,4.64,2.65,-0.6766666666666666
527,4.64,2.65,-0.6833333333333333
528,4.65,2.65,-0.6933333333333334
529,4.65,2.65,-0.7133333333333334
530,4.65,2.64,-0.6866666666666666
531,4.65,2.64,-0.6666666666666666
532,4.66,2.64,-0.6566666666666666
533,4.66,2.64,-0.6566666666666666
534,4.66,2.64,-0.6666666666666666
535,4.66,2.64,-0.6733333333333333
536,4.66,2.64,-0.6933333333333334
537,4.66,2.64,-0.6933333333333334
538,4.66,2.64,-0.6966666666666667
539,4.66,2.64,-0.7
540,4.67,2.64,-0.7066666666666667
541,4.67,2.64,-0.7266666666666667
542,4.67,2.64,-0.7233333333333334
543,4.67,2.64,-0.7233333333333334
544,4.68,2.64,-0.7233333333333334
545,4.68,2.64,-0.7133333333333334
546,4.68,2.64,-0.6766666666666666
547,4.68,2.64,-0.6166666666666667
548,4.69,2.64,-0.57
549,4.69,2.63,-0.5766666666666667
550,4.7,2.63,-0.5933333333333334
551,4.71,2.63,-0.5766666666666667
552,4.71,2.62,-0.5433333333333333
553,4.71,2.62,-0.5166666666666667
554,4.72,2.62,-0.4533333333333333
555,4.72,2.62,-0.4466666666666666
556,4.73,2.62,-0.4366666666666666
557,4.74,2.62,-0.42
558,4.77,2.64,-0.4766666666666667
559,4.79,2.65,-0.4933333333333333
560,4.81,2.65,-0.54
561,4.82,2.65,-0.6133333333333333
562,4.84,2.65,-0.5966666666666667
563,4.86,2.65,-0.59
564,4.94,2.65,-0.64
565,5.07,2.67,-0.6766666666666666
566,5.18,2.69,-0.69
567,5.27,2.69,-0.7
568,5.36,2.69,-0.7966666666666666
569,5.41,2.69,-0.81
570,5.46,2.68,-0.8166666666666667
571,5.5,2.64,-0.7566666666666667
572,5.53,2.58,-0.6833333333333333
573,5.53,2.55,-0.6733333333333333
574,5.54,2.52,-0.6166666666666667
575,5.57,2.51,-0.6266666666666667
576,5.6,2.51,-0.6733333333333333
577,5.63,2.51,-0.7433333333333333
578,5.65,2.51,-0.7733333333333333
579,5.66,2.51,-0.78
580,5.66,2.51,-0.7533333333333333
581,5.65,2.51,-0.7233333333333334
582,5.66,2.51,-0.6933333333333334
583,5.65,2.51,-0.6866666666666666
584,5.65,2.51,-0.6866666666666666
585,5.63,2.51,-0.68
586,5.62,2.52,-0.6733333333333333
587,5.63,2.52,-0.67
588,5.63,2.53,-0.68
589,5.63,2.53,-0.67
590,5.61,2.53,-0.6466666666666666
591,5.61,2.53,-0.6266666666666667
592,5.62,2.53,-0.6
593,5.62,2.53,-0.5833333333333334
594,5.63,2.53,-0.59
595,5.64,2.53,-0.5866666666666667
596,5.64,2.52,-0.5933333333333334
597,5.64,2.52,-0.5966666666666667
598,5.65,2.52,-0.62
599,5.65,2.51,-0.61
600,5.65,2.51,-0.62
601,5.64,2.51,-0.6033333333333334
602,5.64,2.51,-0.62
603,5.64,2.51,-0.62
604,5.64,2.51,-0.6466666666666666
605,5.64,2.51,-0.6433333333333333
606,5.64,2.51,-0.6366666666666667
607,5.64,2.5,-0.6333333333333333
608,5.64,2.5,-0.6333333333333333
609,5.65,2.5,-0.69
610,5.65,2.5,-0.73
611,5.66,2.51,-0.75
612,5.66,2.51,-0.76
613,5.66,2.51,-0.7433333333333333
614,5.65,2.51,-0.6933333333333334
615,5.65,2.51,-0.6433333333333333
616,5.64,2.51,-0.6166666666666667
617,5.63,2.51,-0.59
618,5.63,2.51,-0.56
619,5.63,2.51,-0.5766666666666667
620,5.63,2.51,-0.57
621,5.62,2.51,-0.5866666666666667
622,5.62,2.51,-0.66
623,5.62,2.51,-0.6866666666666666
624,5.62,2.51,-0.6866666666666666
625,5.62,2.51,-0.7
626,5.62,2.5,-0.7433333333333333
627,5.62,2.5,-0.8166666666666667
628,5.62,2.5,-0.84
629,5.63,2.5,-0.8533333333333334
630,5.63,2.49,-0.8666666666666667
631,5.64,2.49,-0.9033333333333332
632,5.64,2.47,-0.9166666666666666
633,5.64,2.44,-0.9
634,5.66,2.41,-0.9733333333333334
635,5.67,2.38,-0.99
636,5.68,2.36,-0.9966666666666668
637,5.68,2.33,-0.9833333333333332
638,5.67,2.29,-0.9766666666666668
639,5.64,2.26,-0.9733333333333334
640,5.6,2.23,-0.8566666666666667
641,5.57,2.22,-0.7733333333333333
642,5.51,2.22,-0.7333333333333333
643,5.45,2.22,-0.6433333333333333
644,5.39,2.23,-0.63
645,5.35,2.23,-0.5733333333333334
646,5.29,2.23,-0.4933333333333333
647,5.24,2.25,-0.4866666666666667
648,5.16,2.26,-0.51
649,5.08,2.29,-0.5166666666666667
650,5.05,2.36,-0.5433333333333333
651,4.99,2.42,-0.5466666666666666
652,4.95,2.46,-0.48
653,4.91,2.51,-0.5
654,4.87,2.54,-0.47
655,4.83,2.57,-0.49
656,4.77,2.57,-0.53
657,4.72,2.58,-0.5466666666666666
658,4.68,2.58,-0.5466666666666666
659,4.66,2.59,-0.55
660,4.62,2.6,-0.5433333333333333
661,4.61,2.61,-0.5433333333333333
662,4.61,2.63,-0.6133333333333333
663,4.58,2.62,-0.65
664,4.59,2.63,-0.6533333333333333
665,4.59,2.65,-0.7166666666666667
666,4.59,2.65,-0.7333333333333333
667,4.59,2.66,-0.73
668,4.59,2.66,-0.71
669,4.57,2.64,-0.7066666666666667
670,4.55,2.6,-0.63
671,4.55,2.58,-0.63
672,4.55,2.54,-0.6266666666666667
673,4.55,2.52,-0.61
674,4.55,2.52,-0.58
675,4.55,2.52,-0.5866666666666667
676,4.56,2.52,-0.59
677,4.56,2.53,-0.61
678,4.56,2.53,-0.61
679,4.56,2.53,-0.6033333333333334
680,4.56,2.53,-0.6166666666666667
681,4.56,2.54,-0.6166666666666667
682,4.56,2.54,-0.6133333333333333
683,4.56,2.54,-0.6066666666666667
684,4.57,2.55,-0.6133333333333333
685,4.58,2.56,-0.63
686,4.58,2.56,-0.6266666666666667
687,4.58,2.56,-0.5966666666666667
688,4.58,2.56,-0.5866666666666667
689,4.58,2.56,-0.5666666666666667
690,4.58,2.56,-0.5433333333333333
691,4.58,2.56,-0.5433333333333333
692,4.59,2.56,-0.5433333333333333
693,4.6,2.56,-0.54
694,4.61,2.56,-0.5366666666666666
695,4.62,2.56,-0.54
696,4.62,2.56,-0.5366666666666666
697,4.63,2.56,-0.5466666666666666
698,4.65,2.56,-0.5633333333333334
699,4.65,2.56,-0.5966666666666667
700,4.66,2.56,-0.61
701,4.66,2.57,-0.6766666666666666
702,4.66,2.58,-0.82
703,4.65,2.58,-0.82
704,4.64,2.59,-0.8566666666666667
705,4.63,2.59,-0.86
706,4.59,2.59,-0.8766666666666667
707,4.57,2.61,-1.0166666666666666
708,4.54,2.63,-1.0166666666666666
709,4.52,2.65,-0.9666666666666668
710,4.51,2.7,-0.9433333333333334
711,4.51,2.72,-1.01
712,4.51,2.73,-1.0933333333333333
713,4.51,2.73,-1.0766666666666669
714,4.51,2.72,-1.0666666666666669
715,4.52,2.72,-1.1033333333333333
716,4.53,2.7,-1.12
717,4.54,2.68,-1.11
718,4.56,2.65,-1.11
719,4.6,2.65,-1.1
720,4.66,2.66,-1.0933333333333333
721,4.73,2.69,-1.09
722,4.75,2.72,-1.1
723,4.76,2.73,-1.1
724,4.76,2.73,-1.096666666666667
725,4.75,2.73,-1.096666666666667
726,4.75,2.74,-1.0833333333333333
727,4.74,2.74,-1.0733333333333333
728,4.74,2.74,-1.0733333333333333
729,4.74,2.75,-1.0766666666666669
730,4.73,2.75,-1.0766666666666669
731,4.71,2.75,-1.07
732,4.7,2.74,-1.0666666666666669
733,4.69,2.74,-1.0666666666666669
734,4.68,2.74,-1.0633333333333332
735,4.68,2.74,-1.0666666666666669
736,4.68,2.74,-1.07
737,4.68,2.74,-1.07
738,4.68,2.74,-1.0733333333333333
739,4.68,2.75,-1.0766666666666669
740,4.68,2.75,-1.0833333333333333
741,4.68,2.75,-1.086666666666667
742,4.68,2.75,-1.086666666666667
743,4.68,2.76,-1.09
744,4.68,2.76,-1.09
745,4.68,2.76,-1.106666666666667
746,4.68,2.76,-1.1166666666666667
747,4.68,2.75,-1.1266666666666667
748,4.67,2.74,-1.13
749,4.67,2.74,-1.1333333333333333
750,4.66,2.72,-1.1333333333333333
751,4.66,2.71,-1.1333333333333333
752,4.66,2.68,-1.0933333333333333
753,4.69,2.68,-1.1
754,4.72,2.69,-1.1033333333333333
755,4.79,2.69,-1.1033333333333333
756,4.87,2.69,-1.0666666666666669
757,4.97,2.7,-0.95
758,5.04,2.7,-0.91
759,5.18,2.73,-0.9566666666666668
760,5.28,2.75,-1.0233333333333334
761,5.36,2.76,-1.09
762,5.42,2.76,-1.04
763,5.52,2.79,-1.0566666666666666
764,5.68,2.87,-1.1333333333333333
765,5.78,2.88,-1.1266666666666667
766,5.8,2.9,-1.1233333333333333
767,5.82,2.89,-1.1166666666666667
768,5.83,2.89,-1.1133333333333333
769,5.84,2.9,-1.11
770,5.83,2.88,-0.9733333333333334
771,5.81,2.84,-0.9033333333333332
772,5.8,2.82,-0.8833333333333333
773,5.8,2.81,-0.8466666666666667
774,5.82,2.79,-0.8233333333333334
775,5.84,2.78,-0.7933333333333333
776,5.86,2.78,-0.77
777,5.88,2.78,-0.7766666666666666
778,5.92,2.79,-0.8
779,5.96,2.81,-0.8166666666666667
780,5.99,2.84,-0.8666666666666667
781,5.99,2.85,-0.9
782,5.99,2.85,-0.9
783,5.98,2.85,-0.9066666666666666
784,5.97,2.85,-0.91
785,5.97,2.85,-0.9133333333333332
786,5.97,2.84,-0.9133333333333332
787,5.96,2.84,-0.9033333333333332
788,5.95,2.82,-0.9
789,5.94,2.82,-0.8933333333333333
790,5.93,2.81,-0.8866666666666667
791,5.93,2.81,-0.8833333333333333
792,5.93,2.81,-0.88
793,5.92,2.81,-0.88
794,5.92,2.82,-0.8766666666666667
795,5.92,2.82,-0.87
796,5.91,2.81,-0.8566666666666667
797,5.88,2.81,-0.8433333333333334
798,5.85,2.81,-0.8366666666666667
799,5.84,2.81,-0.83
800,5.83,2.8,-0.83
801,5.82,2.8,-0.8266666666666667
802,5.81,2.79,-0.8266666666666667
803,5.81,2.79,-0.8266666666666667
804,5.81,2.79,-0.8366666666666667
805,5.8,2.78,-0.8366666666666667
806,5.8,2.76,-0.83
807,5.8,2.75,-0.8233333333333334
808,5.8,2.75,-0.82
809,5.79,2.73,-0.82
810,5.78,2.7,-0.82
811,5.77,2.67,-0.8233333333333334
812,5.77,2.64,-0.8133333333333334
813,5.76,2.62,-0.8133333333333334
814,5.76,2.6,-0.8433333333333334
815,5.75,2.55,-0.85
816,5.75,2.5,-0.8466666666666667
817,5.75,2.46,-0.8733333333333333
818,5.75,2.42,-0.8933333333333333
819,5.75,2.41,-0.9233333333333332
820,5.71,2.34,-0.97
821,5.65,2.3,-0.9633333333333334
822,5.6,2.26,-0.9466666666666668
823,5.57,2.25,-0.8533333333333334
824,5.53,2.24,-0.8066666666666666
825,5.48,2.24,-0.72
826,5.45,2.24,-0.6266666666666667
827,5.42,2.25,-0.6566666666666666
828,5.37,2.26,-0.5766666666666667
829,5.3,2.27,-0.5433333333333333
830,5.2,2.27,-0.4866666666666667
831,5.12,2.28,-0.5133333333333333
832,5.06,2.33,-0.4733333333333333
833,5.0,2.37,-0.47
834,4.93,2.43,-0.51
835,4.87,2.47,-0.49
836,4.82,2.5,-0.4566666666666666
837,4.78,2.52,-0.4433333333333333
838,4.74,2.57,-0.4666666666666667
839,4.69,2.59,-0.5466666666666666
840,4.64,2.6,-0.6466666666666666
841,4.61,2.62,-0.6466666666666666
842,4.57,2.62,-0.68
843,4.54,2.62,-0.66
844,4.51,2.62,-0.7033333333333334
845,4.48,2.62,-0.68
846,4.45,2.62,-0.6866666666666666
847,4.42,2.62,-0.6766666666666666
848,4.41,2.62,-0.6533333333333333
849,4.4,2.62,-0.6466666666666666
850,4.39,2.62,-0.6033333333333334
851,4.39,2.59,-0.5433333333333333
852,4.4,2.59,-0.5533333333333333
853,4.41,2.58,-0.5633333333333334
854,4.41,2.55,-0.57
855,4.41,2.53,-0.55
856,4.42,2.52,-0.55
857,4.42,2.51,-0.52
858,4.42,2.51,-0.4933333333333333
859,4.42,2.51,-0.5
860,4.43,2.52,-0.5933333333333334
861,4.43,2.52,-0.62
862,4.43,2.53,-0.62
863,4.44,2.53,-0.6166666666666667
864,4.46,2.54,-0.6133333333333333
865,4.46,2.54,-0.61
866,4.47,2.54,-0.6066666666666667
867,4.47,2.54,-0.6
868,4.48,2.54,-0.59
869,4.49,2.54,-0.59
870,4.49,2.54,-0.5866666666666667
871,4.5,2.54,-0.6033333333333334
872,4.52,2.55,-0.6366666666666667
873,4.53,2.55,-0.6433333333333333
874,4.54,2.55,-0.6533333333333333
875,4.55,2.55,-0.6533333333333333
876,4.55,2.55,-0.6433333333333333
877,4.56,2.56,-0.6733333333333333
878,4.56,2.57,-0.7633333333333333
879,4.56,2.58,-0.8133333333333334
880,4.56,2.6,-0.85
881,4.55,2.62,-0.85
882,4.51,2.63,-0.85
883,4.48,2.66,-0.86
884,4.45,2.69,-0.9933333333333332
885,4.43,2.7,-1.0133333333333334
886,4.4,2.71,-1.0266666666666666
887,4.4,2.71,-1.0
888,4.4,2.72,-1.02
889,4.4,2.74,-1.06
890,4.4,2.73,-1.0266666666666666
891,4.4,2.71,-1.0233333333333334
892,4.43,2.7,-1.0166666666666666
893,4.46,2.68,-1.0166666666666666
894,4.52,2.67,-1.0166666666666666
895,4.6,2.68,-1.0266666666666666
896,4.71,2.69,-1.09
897,4.8,2.7,-1.096666666666667
898,4.91,2.72,-1.14
899,5.03,2.74,-1.1466666666666667
900,5.13,2.77,-1.14
901,5.23,2.78,-1.1266666666666667
902,5.33,2.8,-1.086666666666667
903,5.4,2.83,-1.0333333333333334
904,5.44,2.83,-0.9533333333333334
905,5.51,2.83,-0.9033333333333332
906,5.59,2.83,-0.7233333333333334
907,5.65,2.84,-0.7366666666666667
908,5.71,2.87,-0.77
909,5.82,2.96,-0.8433333333333334
910,5.82,2.95,-0.78
911,5.82,2.94,-0.6866666666666666
912,5.88,2.93,-0.72
913,5.91,2.93,-0.75
914,5.92,2.92,-0.7766666666666666
915,5.93,2.92,-0.68
916,5.93,2.92,-0.62
917,5.93,2.92,-0.6033333333333334
918,5.92,2.91,-0.5766666666666667
919,5.92,2.89,-0.4966666666666666
920,5.92,2.88,-0.5
921,5.92,2.88,-0.5433333333333333
922,5.93,2.88,-0.57
923,5.94,2.88,-0.6066666666666667
924,5.95,2.88,-0.6166666666666667
925,5.96,2.88,-0.6166666666666667
926,5.96,2.88,-0.62
927,5.96,2.87,-0.62
928,5.96,2.87,-0.6233333333333333
929,5.96,2.86,-0.6566666666666666
930,5.96,2.85,-0.6466666666666666
931,5.96,2.85,-0.6466666666666666
932,5.96,2.85,-0.6566666666666666
933,5.96,2.85,-0.7
934,5.95,2.85,-0.6933333333333334
935,5.95,2.85,-0.7033333333333334
936,5.94,2.85,-0.73
937,5.94,2.85,-0.7233333333333334
938,5.93,2.86,-0.7166666666666667
939,5.93,2.86,-0.7133333333333334
940,5.92,2.86,-0.6766666666666666
941,5.91,2.85,-0.6166666666666667
942,5.9,2.84,-0.5966666666666667
943,5.89,2.82,-0.6
944,5.87,2.81,-0.5866666666666667
945,5.85,2.8,-0.6
946,5.85,2.79,-0.69
947,5.83,2.76,-0.7
948,5.82,2.72,-0.6933333333333334
949,5.8,2.68,-0.7166666666666667
950,5.78,2.64,-0.7733333333333333
951,5.74,2.59,-0.81
952,5.72,2.53,-0.79
953,5.67,2.46,-0.78
954,5.66,2.44,-0.7733333333333333
955,5.66,2.41,-0.6966666666666667
956,5.64,2.38,-0.5533333333333333
957,5.62,2.33,-0.58
958,5.59,2.29,-0.4966666666666666
959,5.55,2.25,-0.4566666666666666
960,5.5,2.23,-0.5166666666666667
961,5.47,2.22,-0.5433333333333333
962,5.41,2.18,-0.5866666666666667
963,5.31,2.18,-0.55
964,5.25,2.17,-0.5733333333333334
965,5.21,2.17,-0.57
966,5.16,2.17,-0.56
967,5.09,2.18,-0.48
968,5.04,2.19,-0.46
969,5.02,2.23,-0.4966666666666666
970,4.99,2.27,-0.5066666666666667
971,4.92,2.29,-0.4133333333333333
972,4.88,2.36,-0.4466666666666666
973,4.85,2.41,-0.4633333333333333
974,4.81,2.44,-0.5366666666666666
975,4.78,2.51,-0.5866666666666667
976,4.75,2.56,-0.62
977,4.71,2.62,-0.6633333333333333
978,4.67,2.66,-0.7
979,4.65,2.68,-0.7133333333333334
980,4.62,2.69,-0.7233333333333334
981,4.59,2.71,-0.7566666666666667
982,4.57,2.72,-0.78
983,4.56,2.73,-0.7666666666666667
984,4.54,2.72,-0.7733333333333333
985,4.52,2.71,-0.8066666666666666
986,4.51,2.71,-0.82
987,4.52,2.71,-0.8033333333333333
988,4.52,2.7,-0.7766666666666666
989,4.53,2.7,-0.7066666666666667
990,4.53,2.7,-0.6733333333333333
991,4.54,2.68,-0.6433333333333333
992,4.54,2.68,-0.6566666666666666
993,4.54,2.68,-0.66
994,4.54,2.68,-0.6433333333333333
995,4.54,2.68,-0.6266666666666667
996,4.55,2.68,-0.6333333333333333
997,4.55,2.68,-0.63
998,4.55,2.68,-0.6333333333333333
999,4.55,2.67,-0.65
1000,4.55,2.66,-0.64
1001,4.55,2.65,-0.6366666666666667
1002,4.56,2.65,-0.64
1003,4.57,2.65,-0.6433333333333333
1004,4.58,2.65,-0.67
1005,4.59,2.65,-0.6766666666666666
1006,4.6,2.65,-0.6833333333333333
1007,4.6,2.65,-0.6833333333333333
1008,4.61,2.65,-0.6733333333333333
1009,4.62,2.65,-0.63
1010,4.62,2.65,-0.61
1011,4.63,2.65,-0.6033333333333334
1012,4.64,2.65,-0.61
1013,4.64,2.65,-0.5966666666666667
1014,4.65,2.65,-0.6
1015,4.66,2.64,-0.5966666666666667
1016,4.67,2.64,-0.5633333333333334
1017,4.68,2.63,-0.51
1018,4.69,2.62,-0.4833333333333333
1019,4.71,2.62,-0.4633333333333333
1020,4.73,2.62,-0.4666666666666667
1021,4.78,2.62,-0.4833333333333333
1022,4.82,2.62,-0.4466666666666666
1023,4.84,2.61,-0.4566666666666666
1024,4.86,2.61,-0.4666666666666667
1025,4.88,2.61,-0.47
1026,4.91,2.61,-0.4733333333333333
1027,4.94,2.6,-0.4533333333333333
1028,4.96,2.61,-0.4833333333333333
1029,4.96,2.61,-0.53
1030,4.95,2.61,-0.5333333333333333
1031,4.93,2.61,-0.65
1032,4.92,2.62,-0.72
1033,4.84,2.62,-0.78
1034,4.74,2.63,-0.78
1035,4.66,2.63,-0.7666666666666667
1036,4.59,2.66,-0.8233333333333334
1037,4.53,2.7,-0.8433333333333334
1038,4.47,2.74,-0.8033333333333333
1039,4.48,2.8,-0.7833333333333333
1040,4.5,2.88,-0.7733333333333333
1041,4.52,2.98,-0.77
1042,4.53,3.02,-0.7666666666666667
1043,4.53,3.09,-0.83
1044,4.54,3.07,-0.8166666666666667
1045,4.54,3.04,-0.8166666666666667
1046,4.55,3.03,-0.8066666666666666
1047,4.55,3.01,-0.7766666666666666
1048,4.58,3.0,-0.8033333333333333
1049,4.6,2.97,-0.8266666666666667
1050,4.63,2.94,-0.8333333333333334
1051,4.65,2.92,-0.8433333333333334
1052,4.69,2.92,-0.8466666666666667
1053,4.75,2.91,-0.8966666666666666
1054,4.79,2.89,-0.9333333333333332
1055,4.83,2.89,-0.9133333333333332
1056,4.85,2.87,-0.9066666666666666
1057,4.87,2.87,-0.9333333333333332
1058,4.88,2.87,-0.9266666666666666
1059,4.88,2.87,-0.9366666666666666
1060,4.89,2.87,-0.9466666666666668
1061,4.9,2.88,-0.9633333333333334
1062,4.91,2.89,-0.9633333333333334
1063,4.92,2.92,-0.9633333333333334
1064,4.94,2.94,-0.98
1065,4.94,2.95,-1.0033333333333334
1066,4.94,2.95,-1.01
1067,4.96,2.95,-1.0166666666666666
1068,4.97,2.95,-1.0433333333333332
1069,4.99,2.96,-1.086666666666667
1070,5.01,2.96,-1.1266666666666667
1071,5.04,2.98,-1.2366666666666666
1072,5.06,2.97,-1.1766666666666667
1073,5.07,2.97,-1.26
1074,5.08,2.93,-1.23
1075,5.08,2.87,-1.21
1076,5.1,2.86,-1.163333333333333
1077,5.12,2.85,-1.1033333333333333
1078,5.14,2.85,-1.01
1079,5.16,2.84,-0.9066666666666666
1080,5.16,2.8,-0.9266666666666666
1081,5.17,2.76,-0.8266666666666667
1082,5.2,2.74,-0.7166666666666667
1083,5.23,2.7,-0.62
1084,5.23,2.63,-0.5533333333333333
1085,5.25,2.6,-0.5366666666666666
1086,5.25,2.55,-0.4666666666666667
1087,5.27,2.52,-0.4466666666666666
1088,5.26,2.48,-0.3766666666666666
1089,5.27,2.43,-0.3566666666666667
1090,5.28,2.4,-0.4066666666666667
1091,5.28,2.35,-0.3966666666666666
1092,5.29,2.34,-0.3166666666666666
1093,5.28,2.32,-0.31
1094,5.27,2.3,-0.2566666666666666
1095,5.23,2.3,-0.2833333333333333
1096,5.19,2.31,-0.2333333333333333
1097,5.16,2.31,-0.2266666666666666
1098,5.11,2.32,-0.19
1099,5.06,2.33,-0.2333333333333333
1100,5.02,2.33,-0.25
1101,4.99,2.38,-0.26
1102,4.96,2.44,-0.2633333333333333
1103,4.92,2.47,-0.2666666666666666
1104,4.89,2.51,-0.2666666666666666
1105,4.86,2.55,-0.2666666666666666
1106,4.83,2.55,-0.27
1107,4.81,2.56,-0.2666666666666666
1108,4.77,2.56,-0.2666666666666666
1109,4.74,2.56,-0.27
1110,4.74,2.57,-0.33
1111,4.72,2.58,-0.33
1112,4.72,2.58,-0.3966666666666666
1113,4.7,2.58,-0.44
1114,4.69,2.58,-0.4733333333333333
1115,4.69,2.58,-0.4433333333333333
1116,4.69,2.58,-0.4466666666666666
1117,4.69,2.56,-0.4366666666666666
1118,4.69,2.55,-0.43
1119,4.69,2.54,-0.4233333333333333
1120,4.7,2.53,-0.4233333333333333
1121,4.7,2.53,-0.4133333333333333
1122,4.71,2.53,-0.4233333333333333
1123,4.72,2.53,-0.4366666666666666
1124,4.74,2.53,-0.48
1125,4.75,2.53,-0.4966666666666666
1126,4.75,2.53,-0.4833333333333333
1127,4.76,2.53,-0.4766666666666667
1128,4.77,2.53,-0.4733333333333333
1129,4.77,2.53,-0.38
1130,4.77,2.52,-0.3166666666666666
1131,4.78,2.51,-0.3
1132,4.79,2.5,-0.3
1133,4.79,2.49,-0.31
1134,4.8,2.49,-0.35
1135,4.82,2.48,-0.4233333333333333
1136,4.84,2.47,-0.4133333333333333
1137,4.9,2.47,-0.4866666666666667
1138,4.96,2.48,-0.51
1139,4.99,2.47,-0.5466666666666666
1140,5.02,2.47,-0.5833333333333334
1141,5.04,2.45,-0.5766666666666667
1142,5.05,2.43,-0.5533333333333333
1143,5.08,2.39,-0.5433333333333333
1144,5.09,2.35,-0.5466666666666666
1145,5.11,2.34,-0.56
1146,5.11,2.34,-0.5433333333333333
1147,5.11,2.34,-0.54
1148,5.11,2.34,-0.55
1149,5.1,2.35,-0.56
1150,5.1,2.37,-0.5366666666666666
1151,5.1,2.43,-0.6133333333333333
1152,5.05,2.45,-0.6233333333333333
1153,4.99,2.46,-0.6366666666666667
1154,4.94,2.49,-0.7233333333333334
1155,4.86,2.5,-0.77
1156,4.81,2.56,-0.8733333333333333
1157,4.76,2.58,-0.9233333333333332
1158,4.7,2.66,-0.87
1159,4.66,2.72,-0.8266666666666667
1160,4.65,2.77,-0.8166666666666667
1161,4.65,2.8,-0.8166666666666667
1162,4.67,2.84,-0.8233333333333334
1163,4.68,2.88,-0.85
1164,4.68,2.91,-0.8566666666666667
1165,4.69,2.9,-0.8866666666666667
1166,4.71,2.93,-0.8866666666666667
1167,4.72,2.91,-0.9233333333333332
1168,4.76,2.91,-0.9266666666666666
1169,4.8,2.91,-0.8666666666666667
1170,4.82,2.9,-0.8433333333333334
1171,4.87,2.9,-0.8366666666666667
1172,4.93,2.9,-0.9366666666666666
1173,5.01,2.93,-0.9933333333333332
1174,5.07,2.97,-0.9866666666666668
1175,5.08,2.96,-0.9633333333333334
1176,5.1,2.96,-0.9733333333333334
1177,5.11,2.97,-0.98
1178,5.11,2.97,-1.07
1179,5.12,2.98,-1.1233333333333333
1180,5.12,2.99,-1.1033333333333333
1181,5.16,3.02,-1.153333333333333
1182,5.17,3.03,-1.1966666666666668
1183,5.16,3.03,-1.15
1184,5.16,3.02,-1.12
1185,5.16,3.02,-1.0466666666666666
1186,5.16,3.02,-1.05
1187,5.16,3.02,-1.05
1188,5.17,3.02,-1.11
1189,5.18,3.02,-1.0766666666666669
1190,5.2,3.03,-1.06
1191,5.22,3.03,-1.0833333333333333
1192,5.25,3.02,-1.09
1193,5.26,3.0,-1.09
1194,5.26,2.96,-1.0766666666666669
1195,5.28,2.94,-1.0533333333333332
1196,5.3,2.93,-1.0533333333333332
1197,5.31,2.92,-1.0566666666666666
1198,5.33,2.9,-1.0233333333333334
1199,5.34,2.88,-0.8833333333333333
1200,5.35,2.86,-0.87
1201,5.37,2.83,-0.8533333333333334
1202,5.37,2.79,-0.7933333333333333
1203,5.37,2.76,-0.77
1204,5.38,2.72,-0.7366666666666667
1205,5.38,2.69,-0.7066666666666667
1206,5.38,2.66,-0.6766666666666666
1207,5.38,2.63,-0.66
1208,5.38,2.6,-0.65
1209,5.38,2.56,-0.6333333333333333
1210,5.38,2.51,-0.6
1211,5.38,2.49,-0.5666666666666667
1212,5.38,2.47,-0.5366666666666666
1213,5.37,2.44,-0.45
1214,5.37,2.42,-0.4833333333333333
1215,5.37,2.37,-0.48
1216,5.35,2.32,-0.4666666666666667
1217,5.34,2.31,-0.4833333333333333
1218,5.31,2.28,-0.4733333333333333
1219,5.27,2.26,-0.4833333333333333
1220,5.24,2.26,-0.41
1221,5.22,2.27,-0.4366666666666666
1222,5.2,2.28,-0.39
1223,5.18,2.3,-0.48
1224,5.15,2.34,-0.5133333333333333
1225,5.11,2.38,-0.4533333333333333
1226,5.07,2.41,-0.4333333333333333
1227,5.03,2.44,-0.44
1228,4.98,2.49,-0.4466666666666666
1229,4.91,2.51,-0.4
1230,4.87,2.55,-0.3933333333333333
1231,4.84,2.56,-0.3733333333333333
1232,4.79,2.58,-0.37
1233,4.75,2.6,-0.37
1234,4.75,2.61,-0.3833333333333333
1235,4.75,2.62,-0.4066666666666667
1236,4.74,2.63,-0.54
1237,4.72,2.63,-0.5466666666666666
1238,4.71,2.63,-0.5233333333333333
1239,4.71,2.62,-0.56
1240,4.71,2.62,-0.6033333333333334
1241,4.7,2.61,-0.62
1242,4.71,2.6,-0.6433333333333333
1243,4.71,2.59,-0.6166666666666667
1244,4.71,2.59,-0.6033333333333334
1245,4.72,2.58,-0.6
1246,4.74,2.58,-0.5966666666666667
1247,4.76,2.57,-0.5933333333333334
1248,4.78,2.56,-0.59
1249,4.79,2.56,-0.56
1250,4.79,2.55,-0.5333333333333333
1251,4.79,2.55,-0.51
1252,4.79,2.54,-0.5133333333333333
1253,4.79,2.54,-0.5033333333333333
1254,4.79,2.54,-0.5066666666666667
1255,4.79,2.55,-0.5
1256,4.79,2.55,-0.5033333333333333
1257,4.79,2.55,-0.5033333333333333
1258,4.79,2.55,-0.4966666666666666
1259,4.79,2.55,-0.49
1260,4.78,2.55,-0.49
1261,4.78,2.55,-0.4966666666666666
1262,4.78,2.55,-0.5033333333333333
1263,4.78,2.55,-0.51
1264,4.78,2.55,-0.51
1265,4.79,2.54,-0.51
1266,4.79,2.54,-0.5066666666666667
1267,4.79,2.53,-0.5166666666666667
1268,4.8,2.53,-0.5466666666666666
1269,4.8,2.53,-0.57
1270,4.8,2.52,-0.5833333333333334
1271,4.8,2.52,-0.5766666666666667
1272,4.8,2.52,-0.5733333333333334
1273,4.79,2.52,-0.5666666666666667
1274,4.78,2.53,-0.63
1275,4.76,2.54,-0.6366666666666667
1276,4.71,2.54,-0.6733333333333333
1277,4.67,2.54,-0.71
1278,4.65,2.56,-0.79
1279,4.62,2.61,-0.84
1280,4.62,2.68,-0.9233333333333332
1281,4.58,2.7,-0.8833333333333333
1282,4.59,2.75,-0.93
1283,4.59,2.77,-0.9633333333333334
1284,4.58,2.77,-0.9633333333333334
1285,4.58,2.8,-0.9233333333333332
1286,4.58,2.81,-0.9066666666666666
1287,4.62,2.86,-0.9366666666666666
1288,4.64,2.84,-0.9266666666666666
1289,4.68,2.83,-0.9766666666666668
1290,4.72,2.83,-1.0266666666666666
1291,4.8,2.84,-1.0466666666666666
1292,4.89,2.85,-1.153333333333333
1293,4.99,2.88,-1.163333333333333
1294,5.1,2.89,-1.2666666666666666
1295,5.22,2.92,-1.2633333333333334
1296,5.33,2.94,-1.23
1297,5.4,2.95,-1.1966666666666668
1298,5.45,2.95,-1.1466666666666667
1299,5.51,2.94,-1.0933333333333333
1300,5.56,2.94,-0.91
1301,5.6,2.94,-0.68
1302,5.67,2.94,-0.6866666666666666
1303,5.76,3.0,-0.7033333333333334
1304,5.8,3.0,-0.8266666666666667
1305,5.86,3.0,-0.8666666666666667
1306,5.92,3.0,-0.81
1307,5.95,2.99,-0.7966666666666666
1308,5.98,2.98,-0.7966666666666666
1309,5.99,2.97,-0.8166666666666667
1310,6.01,2.96,-0.7666666666666667
1311,6.03,2.95,-0.6433333333333333
1312,6.05,2.95,-0.66
1313,6.05,2.95,-0.5533333333333333
1314,6.04,2.94,-0.4666666666666667
1315,6.05,2.94,-0.5166666666666667
1316,6.05,2.94,-0.57
1317,6.06,2.94,-0.59
1318,6.07,2.94,-0.5933333333333334
1319,6.07,2.94,-0.6266666666666667
1320,6.08,2.94,-0.65
1321,6.07,2.94,-0.65
1322,6.07,2.94,-0.65
1323,6.07,2.94,-0.6866666666666666
1324,6.05,2.94,-0.6866666666666666
1325,6.04,2.93,-0.7
1326,6.02,2.92,-0.71
1327,5.99,2.91,-0.7166666666666667
1328,5.97,2.91,-0.7133333333333334
1329,5.95,2.9,-0.7133333333333334
1330,5.91,2.88,-0.7366666666666667
1331,5.88,2.86,-0.73
1332,5.86,2.83,-0.7266666666666667
1333,5.83,2.82,-0.7233333333333334
1334,5.8,2.79,-0.7266666666666667
1335,5.77,2.74,-0.8366666666666667
1336,5.74,2.68,-0.8533333333333334
1337,5.72,2.63,-0.86
1338,5.68,2.57,-0.86
1339,5.65,2.54,-0.8433333333333334
1340,5.61,2.48,-0.75
1341,5.58,2.44,-0.4633333333333333
1342,5.55,2.41,-0.5366666666666666
1343,5.51,2.38,-0.5833333333333334
1344,5.49,2.33,-0.5833333333333334
1345,5.48,2.3,-0.6033333333333334
1346,5.44,2.29,-0.61
1347,5.38,2.27,-0.6233333333333333
1348,5.33,2.26,-0.6266666666666667
1349,5.28,2.26,-0.6866666666666666
1350,5.22,2.26,-0.6466666666666666
1351,5.18,2.26,-0.6533333333333333
1352,5.15,2.27,-0.7133333333333334
1353,5.11,2.27,-0.71
1354,5.07,2.29,-0.6533333333333333
1355,5.04,2.31,-0.58
1356,5.02,2.36,-0.5766666666666667
1357,5.02,2.42,-0.55
1358,4.99,2.48,-0.5233333333333333
1359,4.96,2.54,-0.5133333333333333
1360,4.91,2.57,-0.5333333333333333
1361,4.88,2.62,-0.57
1362,4.82,2.64,-0.57
1363,4.78,2.7,-0.5933333333333334
1364,4.74,2.71,-0.67
1365,4.7,2.73,-0.6966666666666667
1366,4.7,2.81,-0.8166666666666667
1367,4.68,2.81,-0.8766666666666667
1368,4.67,2.82,-0.85
1369,4.65,2.8,-0.8266666666666667
1370,4.65,2.8,-0.8033333333333333
1371,4.64,2.8,-0.79
1372,4.63,2.79,-0.7833333333333333
1373,4.63,2.78,-0.78
1374,4.62,2.75,-0.75
1375,4.63,2.73,-0.7166666666666667
1376,4.63,2.69,-0.6333333333333333
1377,4.63,2.67,-0.6333333333333333
1378,4.63,2.66,-0.62
1379,4.63,2.65,-0.61
1380,4.64,2.64,-0.6233333333333333
1381,4.64,2.64,-0.6666666666666666
1382,4.64,2.63,-0.6766666666666666
1383,4.64,2.63,-0.68
1384,4.64,2.63,-0.6833333333333333
1385,4.64,2.63,-0.72
1386,4.64,2.64,-0.7466666666666667
1387,4.64,2.64,-0.75
1388,4.64,2.65,-0.7466666666666667
1389,4.64,2.66,-0.7533333333333333
1390,4.64,2.67,-0.7566666666666667
1391,4.64,2.67,-0.7566666666666667
1392,4.65,2.67,-0.75
1393,4.65,2.67,-0.75
1394,4.65,2.67,-0.76
1395,4.65,2.67,-0.73
1396,4.65,2.67,-0.7233333333333334
1397,4.65,2.67,-0.7066666666666667
1398,4.65,2.67,-0.68
1399,4.65,2.67,-0.6866666666666666
1400,4.65,2.66,-0.6
1401,4.66,2.66,-0.5566666666666666
1402,4.66,2.66,-0.5833333333333334
1403,4.66,2.66,-0.5733333333333334
1404,4.65,2.66,-0.5633333333333334
1405,4.65,2.66,-0.57
1406,4.65,2.67,-0.5666666666666667
1407,4.65,2.67,-0.56
1408,4.64,2.67,-0.5433333333333333
1409,4.63,2.67,-0.5466666666666666
1410,4.62,2.67,-0.55
1411,4.62,2.68,-0.5833333333333334
1412,4.61,2.68,-0.6033333333333334
1413,4.6,2.68,-0.6533333333333333
1414,4.6,2.69,-0.7066666666666667
1415,4.6,2.7,-0.6933333333333334
1416,4.6,2.7,-0.6933333333333334
1417,4.61,2.7,-0.6733333333333333
1418,4.65,2.7,-0.7
1419,4.69,2.7,-0.6933333333333334
1420,4.75,2.7,-0.77
1421,4.85,2.69,-0.7866666666666666
1422,4.94,2.69,-0.7733333333333333
1423,5.03,2.68,-0.7666666666666667
1424,5.12,2.65,-0.67
1425,5.26,2.64,-0.6733333333333333
1426,5.39,2.64,-0.73
1427,5.53,2.64,-0.7166666666666667
1428,5.62,2.65,-0.6733333333333333
1429,5.69,2.71,-0.73
1430,5.8,2.79,-0.84
1431,5.86,2.81,-0.9
1432,5.88,2.84,-0.89
1433,5.89,2.84,-0.9466666666666668
1434,5.91,2.84,-0.9033333333333332
1435,5.91,2.84,-0.88
1436,5.89,2.83,-0.8733333333333333
1437,5.88,2.81,-0.8666666666666667
1438,5.88,2.8,-0.8666666666666667
1439,5.88,2.77,-0.82
1440,5.88,2.75,-0.7966666666666666
1441,5.88,2.74,-0.7966666666666666
1442,5.9,2.74,-0.8
1443,5.92,2.74,-0.8
1444,5.96,2.74,-0.8233333333333334
1445,5.98,2.74,-0.8633333333333333
1446,6.0,2.74,-0.99
1447,6.04,2.76,-1.1
1448,6.04,2.76,-1.0633333333333332
1449,6.03,2.76,-1.0733333333333333
1450,6.03,2.77,-1.1133333333333333
1451,6.03,2.76,-1.106666666666667
1452,6.02,2.74,-1.0766666666666669
1453,5.98,2.71,-1.0633333333333332
1454,5.95,2.7,-1.07
1455,5.91,2.69,-1.0633333333333332
1456,5.87,2.68,-1.0566666666666666
1457,5.82,2.67,-1.0133333333333334
1458,5.79,2.65,-0.9533333333333334
1459,5.75,2.62,-0.8833333333333333
1460,5.71,2.58,-0.8466666666666667
1461,5.67,2.52,-0.82
1462,5.59,2.49,-0.74
1463,5.53,2.43,-0.6233333333333333
1464,5.47,2.39,-0.57
1465,5.43,2.38,-0.4566666666666666
1466,5.4,2.37,-0.4
1467,5.37,2.36,-0.3966666666666666
1468,5.32,2.35,-0.2666666666666666
1469,5.29,2.34,-0.36
1470,5.26,2.34,-0.41
1471,5.22,2.32,-0.45
1472,5.19,2.33,-0.4933333333333333
1473,5.14,2.33,-0.4866666666666667
1474,5.1,2.33,-0.4733333333333333
1475,5.04,2.33,-0.4766666666666667
1476,5.0,2.37,-0.4733333333333333
1477,4.93,2.4,-0.4566666666666666
1478,4.9,2.45,-0.41
1479,4.88,2.5,-0.4166666666666667
1480,4.83,2.53,-0.4266666666666667
1481,4.78,2.54,-0.4266666666666667
1482,4.74,2.55,-0.48
1483,4.71,2.57,-0.5266666666666666
1484,4.67,2.58,-0.6233333333333333
1485,4.67,2.6,-0.66
1486,4.65,2.62,-0.7033333333333334
1487,4.65,2.62,-0.6966666666666667
1488,4.64,2.62,-0.68
1489,4.63,2.62,-0.67
1490,4.61,2.62,-0.6633333333333333
1491,4.59,2.61,-0.6933333333333334
1492,4.57,2.6,-0.71
1493,4.56,2.58,-0.62
1494,4.55,2.57,-0.61
1495,4.54,2.54,-0.5733333333333334
1496,4.53,2.53,-0.5366666666666666
1497,4.52,2.51,-0.4433333333333333
1498,4.5,2.5,-0.4466666666666666
1499,4.5,2.49,-0.4666666666666667
1500,4.5,2.48,-0.4766666666666667
1501,4.5,2.48,-0.48
1502,4.5,2.48,-0.4933333333333333
1503,4.5,2.49,-0.5266666666666666
1504,4.51,2.5,-0.5533333333333333
1505,4.51,2.51,-0.5733333333333334
1506,4.52,2.52,-0.59
1507,4.54,2.53,-0.62
1508,4.56,2.55,-0.6366666666666667
1509,4.57,2.55,-0.62
1510,4.57,2.56,-0.6133333333333333
1511,4.58,2.56,-0.6066666666666667
1512,4.58,2.56,-0.6066666666666667
1513,4.58,2.56,-0.6033333333333334
1514,4.59,2.56,-0.6033333333333334
1515,4.59,2.56,-0.5933333333333334
1516,4.59,2.56,-0.5566666666666666
1517,4.59,2.56,-0.5566666666666666
1518,4.59,2.56,-0.5666666666666667
1519,4.59,2.56,-0.59
1520,4.59,2.56,-0.59
1521,4.58,2.56,-0.58
1522,4.57,2.56,-0.58
1523,4.56,2.56,-0.5833333333333334
1524,4.55,2.57,-0.6133333333333333
1525,4.54,2.58,-0.6333333333333333
1526,4.53,2.58,-0.6433333333333333
1527,4.52,2.6,-0.64
1528,4.52,2.63,-0.6466666666666666
1529,4.52,2.64,-0.6566666666666666
1530,4.52,2.64,-0.6966666666666667
1531,4.56,2.67,-0.7066666666666667
1532,4.6,2.68,-0.7033333333333334
1533,4.67,2.69,-0.7
1534,4.79,2.7,-0.7066666666666667
1535,4.9,2.7,-0.71
1536,5.02,2.7,-0.73
1537,5.16,2.7,-0.7766666666666666
1538,5.29,2.71,-0.9
1539,5.37,2.71,-0.9133333333333332
1540,5.5,2.72,-1.02
1541,5.68,2.73,-1.05
1542,5.75,2.74,-1.09
1543,5.81,2.74,-1.0566666666666666
1544,5.85,2.74,-1.0833333333333333
1545,5.88,2.74,-1.096666666666667
1546,5.9,2.74,-1.06
1547,5.91,2.73,-1.04
1548,5.89,2.71,-0.94
1549,5.88,2.68,-0.86
1550,5.89,2.66,-0.85
1551,5.9,2.65,-0.8366666666666667
1552,5.92,2.65,-0.7866666666666666
1553,5.91,2.64,-0.7766666666666666
1554,5.92,2.63,-0.7833333333333333
1555,5.94,2.63,-0.78
1556,5.98,2.63,-0.7733333333333333
1557,6.01,2.64,-0.7833333333333333
1558,6.05,2.67,-0.81
1559,6.06,2.68,-0.8233333333333334
1560,6.07,2.7,-0.8233333333333334
1561,6.08,2.71,-0.8233333333333334
1562,6.08,2.71,-0.8233333333333334
1563,6.07,2.71,-0.8433333333333334
1564,6.07,2.71,-0.8533333333333334
1565,6.07,2.71,-0.8833333333333333
1566,6.03,2.71,-0.9166666666666666
1567,5.99,2.71,-0.9133333333333332
1568,5.96,2.7,-0.9233333333333332
1569,5.93,2.69,-0.9566666666666668
1570,5.91,2.67,-1.0466666666666666
1571,5.88,2.65,-1.06
1572,5.87,2.63,-1.0233333333333334
1573,5.84,2.62,-1.0066666666666666
1574,5.76,2.6,-0.9433333333333334
1575,5.7,2.57,-0.92
1576,5.66,2.53,-0.8866666666666667
1577,5.61,2.49,-0.87
1578,5.55,2.44,-0.79
1579,5.5,2.41,-0.71
1580,5.46,2.37,-0.59
1581,5.41,2.36,-0.5366666666666666
1582,5.4,2.36,-0.4966666666666666
1583,5.36,2.37,-0.44
1584,5.33,2.37,-0.5066666666666667
1585,5.29,2.36,-0.3633333333333333
1586,5.25,2.37,-0.4166666666666667
1587,5.18,2.37,-0.4566666666666666
1588,5.12,2.38,-0.47
1589,5.06,2.4,-0.49
1590,5.01,2.42,-0.4933333333333333
1591,4.98,2.46,-0.5433333333333333
1592,4.95,2.5,-0.5433333333333333
1593,4.9,2.52,-0.5433333333333333
1594,4.86,2.55,-0.47
1595,4.8,2.58,-0.3833333333333333
1596,4.75,2.59,-0.37
1597,4.7,2.6,-0.4066666666666667
1598,4.67,2.62,-0.3966666666666666
1599,4.64,2.64,-0.4333333333333333
1600,4.64,2.65,-0.4333333333333333
1601,4.63,2.65,-0.5033333333333333
1602,4.62,2.65,-0.5366666666666666
1603,4.61,2.65,-0.5333333333333333
1604,4.6,2.65,-0.5766666666666667
1605,4.59,2.65,-0.5966666666666667
1606,4.58,2.64,-0.6333333333333333
1607,4.57,2.62,-0.6133333333333333
1608,4.57,2.6,-0.6066666666666667
1609,4.57,2.6,-0.6233333333333333
1610,4.58,2.59,-0.6433333333333333
1611,4.58,2.58,-0.66
1612,4.59,2.57,-0.6866666666666666
1613,4.59,2.57,-0.6733333333333333
1614,4.59,2.55,-0.59
1615,4.59,2.54,-0.5566666666666666
1616,4.6,2.54,-0.57
1617,4.61,2.54,-0.5666666666666667
1618,4.61,2.54,-0.57
1619,4.62,2.55,-0.5366666666666666
1620,4.62,2.55,-0.51
1621,4.63,2.56,-0.5133333333333333
1622,4.63,2.56,-0.51
1623,4.64,2.56,-0.45
1624,4.65,2.56,-0.4133333333333333
1625,4.68,2.57,-0.4366666666666666
1626,4.71,2.57,-0.4333333333333333
1627,4.74,2.57,-0.44
1628,4.76,2.57,-0.4233333333333333
1629,4.78,2.56,-0.37
1630,4.79,2.56,-0.3733333333333333
1631,4.8,2.55,-0.38
1632,4.81,2.55,-0.4033333333333333
1633,4.82,2.55,-0.43
1634,4.82,2.55,-0.4233333333333333
1635,4.79,2.54,-0.4
1636,4.77,2.54,-0.46
1637,4.72,2.54,-0.6466666666666666
1638,4.67,2.55,-0.7
1639,4.61,2.55,-0.7766666666666666
1640,4.58,2.58,-0.8833333333333333
1641,4.55,2.64,-0.9533333333333334
1642,4.54,2.71,-0.9866666666666668
1643,4.53,2.73,-0.9133333333333332
1644,4.52,2.75,-0.9066666666666666
1645,4.5,2.76,-0.8933333333333333
1646,4.49,2.78,-0.8766666666666667
1647,4.49,2.81,-0.8633333333333333
1648,4.49,2.84,-0.8566666666666667
1649,4.49,2.85,-0.8533333333333334
1650,4.52,2.88,-0.87
1651,4.55,2.88,-0.9133333333333332
1652,4.6,2.87,-0.9566666666666668
1653,4.64,2.87,-0.96
1654,4.69,2.86,-1.0133333333333334
1655,4.74,2.85,-0.98
1656,4.78,2.85,-0.9533333333333334
1657,4.79,2.82,-0.9466666666666668
1658,4.81,2.82,-0.96
1659,4.81,2.81,-0.9733333333333334
1660,4.83,2.81,-0.99
1661,4.86,2.83,-1.0
1662,4.88,2.86,-1.03
1663,4.88,2.87,-1.03
1664,4.89,2.89,-1.04
1665,4.91,2.92,-1.0433333333333332
1666,4.93,2.94,-1.05
1667,4.92,2.94,-1.0666666666666669
1668,4.93,2.94,-1.07
1669,4.94,2.94,-1.0633333333333332
1670,4.95,2.94,-1.1033333333333333
1671,4.97,2.94,-1.096666666666667
1672,4.99,2.92,-0.9133333333333332
1673,5.0,2.91,-0.9033333333333332
1674,5.05,2.91,-0.8833333333333333
1675,5.08,2.9,-0.7233333333333334
1676,5.11,2.89,-0.7166666666666667
1677,5.13,2.86,-0.7033333333333334
1678,5.15,2.83,-0.6833333333333333
1679,5.17,2.8,-0.6766666666666666
1680,5.18,2.8,-0.71
1681,5.19,2.79,-0.7166666666666667
1682,5.19,2.79,-0.7366666666666667
1683,5.19,2.78,-0.7466666666666667
1684,5.19,2.78,-0.75
1685,5.19,2.77,-0.7533333333333333
1686,5.19,2.76,-0.7866666666666666
1687,5.18,2.75,-0.7866666666666666
1688,5.18,2.73,-0.7866666666666666
1689,5.17,2.71,-0.7866666666666666
1690,5.16,2.67,-0.7566666666666667
1691,5.16,2.65,-0.7466666666666667
1692,5.15,2.61,-0.68
1693,5.15,2.58,-0.6566666666666666
1694,5.15,2.56,-0.5966666666666667
1695,5.15,2.56,-0.5766666666666667
1696,5.15,2.55,-0.58
1697,5.15,2.54,-0.6033333333333334
1698,5.14,2.51,-0.55
1699,5.11,2.5,-0.54
1700,5.06,2.51,-0.5166666666666667
1701,5.01,2.51,-0.4533333333333333
1702,4.98,2.51,-0.4233333333333333
1703,4.91,2.52,-0.4266666666666667
1704,4.89,2.56,-0.5066666666666667
1705,4.85,2.58,-0.52
1706,4.82,2.61,-0.59
1707,4.8,2.67,-0.6933333333333334
1708,4.77,2.68,-0.7266666666666667
1709,4.74,2.69,-0.78
1710,4.71,2.71,-0.8133333333333334
1711,4.7,2.73,-0.8233333333333334
1712,4.68,2.74,-0.7866666666666666
1713,4.66,2.73,-0.8
1714,4.64,2.72,-0.82
1715,4.62,2.72,-0.82
1716,4.6,2.7,-0.8166666666666667
1717,4.6,2.7,-0.84
1718,4.61,2.7,-0.8533333333333334
1719,4.61,2.7,-0.8633333333333333
1720,4.62,2.68,-0.85
1721,4.62,2.66,-0.8466666666666667
1722,4.64,2.65,-0.85
1723,4.66,2.64,-0.85
1724,4.68,2.63,-0.8466666666666667
1725,4.71,2.63,-0.8433333333333334
1726,4.73,2.63,-0.84
1727,4.74,2.62,-0.83
1728,4.75,2.62,-0.81
1729,4.75,2.62,-0.81
1730,4.76,2.62,-0.81
1731,4.76,2.63,-0.7666666666666667
1732,4.75,2.64,-0.75
1733,4.75,2.64,-0.7133333333333334
1734,4.71,2.63,-0.6333333333333333
1735,4.66,2.64,-0.6433333333333333
1736,4.62,2.63,-0.6633333333333333
1737,4.56,2.63,-0.68
1738,4.51,2.65,-0.89
1739,4.49,2.67,-0.8666666666666667
1740,4.48,2.72,-0.9133333333333332
1741,4.48,2.79,-0.8866666666666667
1742,4.49,2.87,-0.9
1743,4.49,2.89,-0.91
1744,4.5,2.93,-0.9533333333333334
1745,4.56,2.94,-0.98
1746,4.65,2.97,-1.01
1747,4.7,2.96,-1.0133333333333334
1748,4.78,2.97,-1.086666666666667
1749,4.86,2.97,-1.153333333333333
1750,4.96,2.97,-1.19
1751,5.1,2.96,-1.3033333333333332
1752,5.22,2.96,-1.3066666666666666
1753,5.34,2.94,-1.2666666666666666
1754,5.45,2.93,-1.2566666666666666
1755,5.56,2.92,-1.0566666666666666
1756,5.65,2.92,-1.0533333333333332
1757,5.72,2.91,-1.0
1758,5.77,2.9,-0.9233333333333332
1759,5.82,2.89,-0.9666666666666668
1760,5.85,2.89,-0.9633333333333334
1761,5.88,2.9,-0.94
1762,5.89,2.9,-0.8466666666666667
1763,5.91,2.9,-0.8833333333333333
1764,5.94,2.9,-0.9
1765,5.98,2.9,-0.8866666666666667
1766,6.03,2.9,-0.89
1767,6.06,2.91,-0.9
1768,6.12,2.92,-0.9833333333333332
1769,6.15,2.93,-0.9966666666666668
1770,6.16,2.94,-1.0166666666666666
1771,6.18,2.95,-1.0366666666666666
1772,6.21,2.96,-1.03
1773,6.23,2.97,-0.96
1774,6.23,2.97,-0.95
1775,6.24,2.97,-0.95
1776,6.24,2.97,-0.97
1777,6.23,2.95,-0.98
1778,6.22,2.93,-1.0033333333333334
1779,6.19,2.91,-1.0766666666666669
1780,6.18,2.89,-1.1966666666666668
1781,6.15,2.86,-1.2033333333333334
1782,6.12,2.82,-1.1733333333333331
1783,6.09,2.78,-1.163333333333333
1784,6.07,2.75,-1.15
1785,6.03,2.72,-1.05
1786,5.98,2.69,-1.02
1787,5.93,2.67,-0.9933333333333332
1788,5.88,2.62,-0.9666666666666668
1789,5.81,2.57,-0.8766666666666667
1790,5.73,2.54,-0.8333333333333334
1791,5.66,2.49,-0.7966666666666666
1792,5.59,2.44,-0.7733333333333333
1793,5.52,2.4,-0.68
1794,5.49,2.38,-0.7233333333333334
1795,5.46,2.37,-0.7166666666666667
1796,5.43,2.38,-0.7433333333333333
1797,5.35,2.38,-0.7533333333333333
1798,5.28,2.37,-0.6466666666666666
1799,5.22,2.38,-0.54
1800,5.18,2.38,-0.6033333333333334
1801,5.14,2.38,-0.64
1802,5.08,2.41,-0.6566666666666666
1803,5.05,2.48,-0.6533333333333333
1804,5.01,2.5,-0.5733333333333334
1805,4.97,2.54,-0.5333333333333333
1806,4.94,2.56,-0.5366666666666666
1807,4.9,2.58,-0.5633333333333334
1808,4.86,2.59,-0.5666666666666667
1809,4.84,2.62,-0.5733333333333334
1810,4.81,2.64,-0.6066666666666667
1811,4.77,2.64,-0.6033333333333334
1812,4.74,2.64,-0.63
1813,4.71,2.65,-0.6933333333333334
1814,4.7,2.64,-0.7
1815,4.66,2.64,-0.7033333333333334
1816,4.66,2.64,-0.7166666666666667
1817,4.65,2.64,-0.7066666666666667
1818,4.63,2.63,-0.7166666666666667
1819,4.63,2.63,-0.7366666666666667
1820,4.63,2.63,-0.7133333333333334
1821,4.64,2.63,-0.72
1822,4.64,2.62,-0.72
1823,4.64,2.62,-0.7
1824,4.65,2.62,-0.68
1825,4.66,2.62,-0.6766666666666666
1826,4.68,2.61,-0.6766666666666666
1827,4.7,2.61,-0.6866666666666666
1828,4.71,2.61,-0.71
1829,4.72,2.6,-0.71
1830,4.73,2.6,-0.7066666666666667
1831,4.73,2.6,-0.6466666666666666
1832,4.74,2.6,-0.63
1833,4.74,2.6,-0.5966666666666667
1834,4.74,2.61,-0.5933333333333334
1835,4.75,2.61,-0.5833333333333334
1836,4.75,2.6,-0.5466666666666666
1837,4.75,2.59,-0.5433333333333333
1838,4.75,2.58,-0.51
1839,4.77,2.58,-0.53
1840,4.79,2.58,-0.5166666666666667
1841,4.81,2.57,-0.5133333333333333
1842,4.84,2.56,-0.52
1843,4.89,2.56,-0.5566666666666666
1844,4.95,2.56,-0.6233333333333333
1845,4.97,2.56,-0.6233333333333333
1846,4.99,2.56,-0.6333333333333333
1847,5.01,2.56,-0.63
1848,5.01,2.56,-0.6266666666666667
1849,5.0,2.57,-0.59
1850,4.97,2.57,-0.6366666666666667
1851,4.94,2.58,-0.7166666666666667
1852,4.87,2.6,-0.8033333333333333
1853,4.77,2.6,-0.8033333333333333
1854,4.65,2.6,-0.84
1855,4.65,2.68,-0.9
1856,4.61,2.71,-0.91
1857,4.6,2.78,-0.9033333333333332
1858,4.59,2.83,-0.8733333333333333
1859,4.6,2.91,-0.87
1860,4.61,2.95,-0.86
1861,4.61,2.99,-0.8433333333333334
1862,4.65,3.01,-0.8533333333333334
1863,4.66,2.98,-0.87
1864,4.72,2.97,-0.9466666666666668
1865,4.79,2.96,-0.99
1866,4.86,2.96,-0.9566666666666668
1867,4.95,2.94,-0.9766666666666668
1868,5.03,2.93,-1.0733333333333333
1869,5.06,2.89,-1.0933333333333333
1870,5.12,2.87,-1.0833333333333333
1871,5.22,2.86,-1.153333333333333
1872,5.31,2.86,-1.1333333333333333
1873,5.42,2.87,-1.1566666666666667
1874,5.5,2.9,-1.1733333333333331
1875,5.55,2.92,-1.1833333333333331
1876,5.58,2.93,-0.8633333333333333
1877,5.64,2.92,-0.9433333333333334
1878,5.69,2.93,-0.84
1879,5.76,2.93,-1.04
1880,5.8,2.92,-1.16
1881,5.82,2.9,-1.2333333333333334
1882,5.83,2.89,-1.16
1883,5.87,2.89,-1.1833333333333331
1884,5.9,2.9,-1.2066666666666668
1885,5.93,2.9,-1.15
1886,5.94,2.89,-1.0466666666666666
1887,5.96,2.88,-0.9633333333333334
1888,5.97,2.87,-0.86
1889,5.97,2.85,-0.8033333333333333
1890,5.97,2.85,-0.8166666666666667
1891,5.99,2.85,-0.8566666666666667
1892,6.0,2.85,-0.8666666666666667
1893,6.01,2.84,-0.8733333333333333
1894,6.02,2.82,-0.8733333333333333
1895,6.02,2.81,-0.98
1896,6.03,2.79,-1.02
1897,6.05,2.76,-1.0766666666666669
1898,6.05,2.74,-1.0466666666666666
1899,6.05,2.68,-1.04
1900,6.05,2.63,-1.02
1901,6.05,2.6,-0.99
1902,6.05,2.55,-0.9766666666666668
1903,6.03,2.49,-0.97
1904,5.95,2.4,-0.94
1905,5.87,2.31,-0.7966666666666666
1906,5.79,2.22,-0.7366666666666667
1907,5.71,2.17,-0.7266666666666667
1908,5.65,2.12,-0.6633333333333333
1909,5.61,2.11,-0.6366666666666667
1910,5.55,2.09,-0.68
1911,5.52,2.08,-0.5433333333333333
1912,5.48,2.07,-0.5666666666666667
1913,5.41,2.04,-0.5133333333333333
1914,5.39,2.05,-0.5
1915,5.35,2.07,-0.5266666666666666
1916,5.3,2.09,-0.5366666666666666
1917,5.21,2.11,-0.57
1918,5.16,2.13,-0.5833333333333334
1919,5.11,2.17,-0.59
1920,5.06,2.24,-0.6
1921,5.0,2.28,-0.59
1922,4.97,2.33,-0.5933333333333334
1923,4.92,2.37,-0.57
1924,4.87,2.43,-0.56
1925,4.83,2.45,-0.5166666666666667
1926,4.8,2.49,-0.52
1927,4.78,2.51,-0.53
1928,4.76,2.53,-0.59
1929,4.74,2.56,-0.6333333333333333
1930,4.72,2.59,-0.7
1931,4.69,2.62,-0.6866666666666666
1932,4.69,2.63,-0.6866666666666666
1933,4.67,2.63,-0.6833333333333333
1934,4.65,2.63,-0.7133333333333334
1935,4.65,2.63,-0.8166666666666667
1936,4.64,2.63,-0.7933333333333333
1937,4.64,2.62,-0.77
1938,4.64,2.62,-0.7666666666666667
1939,4.64,2.62,-0.66
1940,4.65,2.62,-0.6533333333333333
1941,4.65,2.61,-0.63
1942,4.65,2.61,-0.6033333333333334
1943,4.66,2.61,-0.6066666666666667
1944,4.67,2.61,-0.6133333333333333
1945,4.67,2.61,-0.62
1946,4.67,2.59,-0.6
1947,4.67,2.59,-0.6066666666666667
1948,4.67,2.59,-0.6233333333333333
1949,4.68,2.59,-0.6466666666666666
1950,4.7,2.58,-0.6633333333333333
1951,4.72,2.58,-0.6633333333333333
1952,4.74,2.58,-0.6566666666666666
1953,4.76,2.58,-0.6133333333333333
1954,4.78,2.58,-0.6133333333333333
1955,4.83,2.57,-0.6033333333333334
1956,4.85,2.56,-0.5933333333333334
1957,4.89,2.56,-0.5933333333333334
1958,4.94,2.54,-0.5666666666666667
1959,4.97,2.51,-0.5733333333333334
1960,4.99,2.5,-0.5733333333333334
1961,5.03,2.49,-0.58
1962,5.04,2.48,-0.5633333333333334
1963,5.05,2.48,-0.5666666666666667
1964,5.06,2.48,-0.5666666666666667
1965,5.06,2.49,-0.57
1966,5.05,2.49,-0.6166666666666667
1967,5.05,2.49,-0.6266666666666667
1968,5.02,2.5,-0.64
1969,4.97,2.5,-0.7166666666666667
1970,4.93,2.52,-0.7533333333333333
1971,4.86,2.57,-0.8333333333333334
1972,4.78,2.61,-0.85
1973,4.74,2.69,-0.8666666666666667
1974,4.69,2.72,-0.9133333333333332
1975,4.65,2.76,-0.9233333333333332
1976,4.62,2.81,-0.9133333333333332
1977,4.6,2.84,-0.8466666666666667
1978,4.6,2.87,-0.7933333333333333
1979,4.62,2.92,-0.7833333333333333
1980,4.63,2.95,-0.7866666666666666
1981,4.65,2.93,-0.7466666666666667
1982,4.67,2.92,-0.7233333333333334
1983,4.71,2.91,-0.7266666666666667
1984,4.75,2.9,-0.6866666666666666
1985,4.82,2.89,-0.6933333333333334
1986,4.91,2.89,-0.7066666666666667
1987,5.01,2.9,-0.7066666666666667
1988,5.13,2.9,-0.7133333333333334
1989,5.23,2.9,-0.9066666666666666
1990,5.32,2.9,-1.0433333333333332
1991,5.43,2.9,-1.25
1992,5.58,2.91,-1.33
1993,5.67,2.92,-1.3166666666666669
1994,5.75,2.93,-1.3733333333333333
1995,5.82,2.93,-1.3033333333333332
1996,5.91,2.93,-1.2366666666666666
1997,5.99,2.92,-1.24
1998,6.05,2.86,-1.0833333333333333
1999,6.12,2.81,-1.0933333333333333
2000,6.19,2.78,-1.17
2001,6.23,2.74,-1.1166666666666667
2002,6.28,2.71,-1.0066666666666666
2003,6.31,2.67,-0.9666666666666668
2004,6.31,2.61,-1.0033333333333334
2005,6.37,2.59,-0.9766666666666668
2006,6.39,2.57,-0.9166666666666666
2007,6.36,2.56,-0.9233333333333332
2008,6.39,2.57,-0.95
2009,6.42,2.58,-0.96
2010,6.43,2.58,-0.9533333333333334
2011,6.43,2.58,-0.9366666666666666
2012,6.44,2.59,-1.0
2013,6.44,2.59,-1.0066666666666666
2014,6.43,2.58,-0.9833333333333332
2015,6.42,2.57,-0.9866666666666668
2016,6.42,2.55,-1.1033333333333333
2017,6.42,2.53,-1.16
2018,6.42,2.52,-1.2133333333333334
2019,6.41,2.5,-1.18
2020,6.4,2.49,-1.1766666666666667
2021,6.39,2.47,-1.16
2022,6.36,2.45,-1.143333333333333
2023,6.33,2.4,-1.06
2024,6.28,2.34,-1.0366666666666666
2025,6.24,2.28,-0.96
2026,6.15,2.21,-0.91
2027,6.09,2.13,-0.8966666666666666
2028,6.04,2.09,-0.8066666666666666
2029,5.98,2.04,-0.72
2030,5.9,1.98,-0.7433333333333333
2031,5.81,1.94,-0.6433333333333333
2032,5.71,1.91,-0.6066666666666667
2033,5.67,1.92,-0.5766666666666667
2034,5.59,1.92,-0.5366666666666666
2035,5.52,1.92,-0.5733333333333334
2036,5.46,1.94,-0.6066666666666667
2037,5.36,1.93,-0.5833333333333334
2038,5.29,1.94,-0.61
2039,5.25,1.95,-0.62
2040,5.21,1.97,-0.6633333333333333
2041,5.16,2.04,-0.6866666666666666
2042,5.11,2.1,-0.7
2043,5.06,2.16,-0.61
2044,5.02,2.22,-0.6133333333333333
2045,4.96,2.27,-0.6066666666666667
2046,4.9,2.33,-0.57
2047,4.84,2.37,-0.51
2048,4.81,2.42,-0.5233333333333333
2049,4.76,2.45,-0.5466666666666666
2050,4.72,2.47,-0.5566666666666666
2051,4.7,2.52,-0.57
2052,4.69,2.56,-0.5933333333333334
2053,4.65,2.56,-0.6266666666666667
2054,4.65,2.6,-0.6866666666666666
2055,4.65,2.62,-0.7066666666666667
2056,4.64,2.63,-0.7
2057,4.65,2.67,-0.7
