0,2.94,7.84,-1.3033333333333332
1,2.94,7.83,-1.28
2,2.93,7.81,-1.2
3,2.92,7.81,-1.1733333333333331
4,2.88,7.81,-1.25
5,2.88,7.81,-1.2133333333333334
6,2.88,7.81,-1.2166666666666666
7,2.88,7.82,-1.2233333333333334
8,2.87,7.83,-1.2333333333333334
9,2.84,7.84,-1.2566666666666666
10,2.83,7.84,-1.2833333333333334
11,2.83,7.84,-1.2733333333333334
12,2.83,7.85,-1.25
13,2.83,7.85,-1.25
14,2.83,7.85,-1.2633333333333334
15,2.83,7.85,-1.2833333333333334
16,2.83,7.85,-1.31
17,2.83,7.85,-1.3433333333333333
18,2.83,7.84,-1.3633333333333333
19,2.83,7.84,-1.3666666666666667
20,2.83,7.84,-1.413333333333333
21,2.83,7.83,-1.4266666666666667
22,2.84,7.83,-1.4066666666666667
23,2.85,7.82,-1.3966666666666667
24,2.85,7.82,-1.4233333333333331
25,2.85,7.81,-1.3833333333333333
26,2.86,7.8,-1.3133333333333332
27,2.86,7.79,-1.2733333333333334
28,2.86,7.78,-1.22
29,2.87,7.75,-1.2166666666666666
30,2.88,7.73,-1.2233333333333334
31,2.88,7.68,-1.2366666666666666
32,2.89,7.66,-1.1766666666666667
33,2.89,7.63,-1.1966666666666668
34,2.89,7.61,-1.2033333333333334
35,2.9,7.58,-1.1133333333333333
36,2.9,7.53,-1.04
37,2.89,7.48,-1.0366666666666666
38,2.9,7.43,-1.03
39,2.94,7.39,-0.9166666666666666
40,2.97,7.32,-0.9166666666666666
41,3.01,7.25,-0.88
42,3.07,7.2,-0.9066666666666666
43,3.12,7.14,-0.9233333333333332
44,3.14,7.08,-0.98
45,3.16,7.01,-0.9866666666666668
46,3.2,6.94,-1.09
47,3.24,6.85,-1.14
48,3.29,6.83,-1.1166666666666667
49,3.35,6.78,-1.12
50,3.4,6.72,-1.1133333333333333
51,3.45,6.66,-1.0233333333333334
52,3.52,6.63,-1.01
53,3.57,6.56,-0.9566666666666668
54,3.63,6.51,-0.91
55,3.7,6.46,-0.85
56,3.75,6.45,-0.81
57,3.8,6.44,-0.7933333333333333
58,3.88,6.43,-0.7366666666666667
59,3.91,6.42,-0.7833333333333333
60,3.96,6.37,-0.91
61,4.02,6.33,-1.0033333333333334
62,4.06,6.3,-1.1666666666666667
63,4.1,6.28,-1.11
64,4.13,6.29,-1.1266666666666667
65,4.14,6.29,-1.153333333333333
66,4.15,6.29,-1.1866666666666668
67,4.15,6.29,-1.18
68,4.15,6.29,-1.1733333333333331
69,4.14,6.29,-1.1966666666666668
70,4.13,6.28,-1.1933333333333334
71,4.12,6.29,-1.1966666666666668
72,4.12,6.28,-1.2333333333333334
73,4.12,6.27,-1.24
74,4.12,6.26,-1.2366666666666666
75,4.12,6.26,-1.2733333333333334
76,4.12,6.29,-1.2733333333333334
77,4.11,6.31,-1.3066666666666666
78,4.11,6.31,-1.3166666666666669
79,4.11,6.31,-1.34
80,4.11,6.31,-1.3633333333333333
81,4.11,6.31,-1.42
82,4.12,6.32,-1.4733333333333334
83,4.13,6.34,-1.5166666666666666
84,4.13,6.34,-1.5766666666666669
85,4.15,6.34,-1.5366666666666666
86,4.17,6.34,-1.5566666666666666
87,4.2,6.34,-1.5933333333333333
88,4.23,6.31,-1.6733333333333331
89,4.26,6.31,-1.7133333333333334
90,4.29,6.31,-1.72
91,4.31,6.31,-1.73
92,4.33,6.31,-1.7833333333333334
93,4.35,6.31,-1.84
94,4.39,6.3,-1.903333333333333
95,4.42,6.3,-1.9833333333333332
96,4.45,6.29,-2.013333333333333
97,4.48,6.28,-2.05
98,4.53,6.28,-2.066666666666667
99,4.57,6.27,-2.1266666666666665
100,4.62,6.27,-2.1566666666666667
101,4.66,6.24,-2.21
102,4.68,6.22,-2.22
103,4.7,6.22,-2.1633333333333336
104,4.74,6.22,-2.1333333333333333
105,4.8,6.22,-2.083333333333333
106,4.83,6.22,-2.026666666666667
107,4.86,6.23,-1.903333333333333
108,4.87,6.26,-1.8133333333333328
109,4.93,6.3,-1.71
110,4.92,6.4,-1.66
111,4.95,6.43,-1.6366666666666667
112,4.96,6.46,-1.6466666666666667
113,5.03,6.47,-1.6133333333333333
114,5.06,6.49,-1.6033333333333333
115,5.15,6.51,-1.6033333333333333
116,5.2,6.56,-1.6033333333333333
117,5.23,6.59,-1.5733333333333333
118,5.25,6.62,-1.5233333333333334
119,5.31,6.66,-1.56
120,5.34,6.68,-1.5566666666666666
121,5.39,6.68,-1.5233333333333334
122,5.44,6.69,-1.5366666666666666
123,5.5,6.71,-1.5433333333333332
124,5.58,6.72,-1.5266666666666666
125,5.68,6.71,-1.4933333333333334
126,5.73,6.72,-1.413333333333333
127,5.75,6.73,-1.4166666666666667
128,5.77,6.75,-1.43
129,5.78,6.76,-1.4466666666666668
130,5.77,6.78,-1.4533333333333334
131,5.74,6.8,-1.4533333333333334
132,5.73,6.82,-1.4566666666666668
133,5.72,6.82,-1.5766666666666669
134,5.72,6.83,-1.5566666666666666
135,5.71,6.84,-1.5833333333333333
136,5.71,6.85,-1.586666666666667
137,5.7,6.85,-1.6166666666666667
138,5.65,6.85,-1.6033333333333333
139,5.64,6.85,-1.61
140,5.62,6.85,-1.6333333333333333
141,5.61,6.85,-1.7
142,5.6,6.85,-1.7033333333333334
143,5.58,6.85,-1.7066666666666668
144,5.57,6.84,-1.6933333333333334
145,5.56,6.83,-1.6833333333333331
146,5.55,6.83,-1.68
147,5.53,6.82,-1.7333333333333334
148,5.53,6.81,-1.7566666666666666
149,5.52,6.79,-1.76
150,5.52,6.77,-1.7566666666666666
151,5.51,6.75,-1.7
152,5.5,6.72,-1.69
153,5.46,6.72,-1.7133333333333334
154,5.43,6.71,-1.71
155,5.39,6.71,-1.7466666666666666
156,5.37,6.68,-1.7433333333333334
157,5.34,6.66,-1.61
158,5.31,6.66,-1.6033333333333333
159,5.28,6.66,-1.6133333333333333
160,5.26,6.65,-1.65
161,5.24,6.65,-1.8666666666666667
162,5.24,6.65,-1.8766666666666667
163,5.23,6.66,-1.8633333333333333
164,5.23,6.67,-1.8533333333333333
165,5.22,6.69,-1.9333333333333331
166,5.22,6.71,-1.913333333333333
167,5.22,6.72,-1.8866666666666667
168,5.22,6.76,-1.9233333333333331
169,5.22,6.79,-1.9066666666666667
170,5.21,6.82,-1.8966666666666667
171,5.21,6.83,-1.9066666666666667
172,5.21,6.83,-1.903333333333333
173,5.21,6.83,-1.9066666666666667
174,5.22,6.82,-1.9066666666666667
175,5.23,6.8,-1.8833333333333333
176,5.24,6.74,-1.846666666666667
177,5.26,6.68,-1.7733333333333334
178,5.27,6.6,-1.76
179,5.28,6.53,-1.8966666666666667
180,5.28,6.45,-2.023333333333333
181,5.28,6.42,-1.9766666666666663
182,5.28,6.42,-1.96
183,5.28,6.4,-1.85
184,5.28,6.4,-1.7433333333333334
185,5.27,6.39,-1.5566666666666666
186,5.27,6.4,-1.56
187,5.26,6.41,-1.5033333333333334
188,5.26,6.42,-1.5266666666666666
189,5.26,6.47,-1.6466666666666667
190,5.27,6.51,-1.7433333333333334
191,5.28,6.53,-1.89
192,5.28,6.55,-1.8733333333333333
193,5.28,6.56,-1.95
194,5.28,6.57,-1.96
195,5.28,6.57,-2.026666666666667
196,5.27,6.57,-1.99
197,5.26,6.55,-1.9533333333333331
198,5.25,6.51,-1.8633333333333333
199,5.24,6.48,-1.91
200,5.23,6.47,-1.913333333333333
201,5.23,6.46,-1.8666666666666667
202,5.23,6.46,-1.7733333333333334
203,5.23,6.45,-1.7933333333333332
204,5.23,6.45,-1.8066666666666664
205,5.23,6.45,-1.7566666666666666
206,5.23,6.45,-1.7666666666666666
207,5.23,6.45,-1.7766666666666666
208,5.23,6.45,-1.79
209,5.23,6.45,-1.8233333333333333
210,5.23,6.45,-1.8233333333333333
211,5.23,6.45,-1.8233333333333333
212,5.23,6.45,-1.8266666666666669
213,5.23,6.45,-1.8266666666666669
214,5.23,6.45,-1.8066666666666664
215,5.23,6.45,-1.8166666666666669
216,5.23,6.45,-1.8166666666666669
217,5.23,6.46,-1.9266666666666667
218,5.22,6.46,-2.1
219,5.22,6.46,-2.3266666666666667
220,5.21,6.46,-2.316666666666667
221,5.19,6.47,-2.276666666666667
222,5.15,6.49,-2.263333333333333
223,5.13,6.53,-2.306666666666666
224,5.12,6.57,-2.333333333333333
225,5.09,6.57,-2.286666666666666
226,5.07,6.57,-2.2666666666666666
227,5.06,6.57,-2.1533333333333333
228,5.04,6.6,-2.16
229,5.03,6.63,-2.1633333333333336
230,5.02,6.65,-2.216666666666667
231,5.01,6.67,-2.256666666666667
232,5.01,6.67,-2.283333333333333
233,5.02,6.68,-2.3566666666666665
234,5.03,6.67,-2.453333333333333
235,5.04,6.67,-2.4166666666666665
236,5.09,6.63,-2.59
237,5.13,6.61,-2.6633333333333336
238,5.16,6.61,-2.723333333333333
239,5.19,6.61,-2.76
240,5.25,6.6,-2.783333333333333
241,5.3,6.58,-2.7
242,5.31,6.58,-2.66
243,5.36,6.56,-2.6333333333333333
244,5.4,6.53,-2.63
245,5.43,6.52,-2.623333333333333
246,5.47,6.52,-2.61
247,5.49,6.51,-2.61
248,5.52,6.49,-2.61
249,5.54,6.49,-2.61
250,5.56,6.49,-2.62
251,5.57,6.5,-2.643333333333333
252,5.58,6.53,-2.6533333333333333
253,5.58,6.55,-2.6566666666666667
254,5.59,6.6,-2.6733333333333333
255,5.61,6.62,-2.68
256,5.62,6.62,-2.68
257,5.62,6.62,-2.68
258,5.63,6.63,-2.69
259,5.62,6.63,-2.69
260,5.62,6.63,-2.69
261,5.62,6.65,-2.7
262,5.62,6.65,-2.6933333333333334
263,5.62,6.65,-2.6566666666666667
264,5.61,6.64,-2.65
265,5.61,6.64,-2.6466666666666665
266,5.6,6.62,-2.6366666666666667
267,5.59,6.59,-2.57
268,5.58,6.57,-2.523333333333333
269,5.58,6.55,-2.4966666666666666
270,5.58,6.54,-2.486666666666667
271,5.58,6.49,-2.4633333333333334
272,5.57,6.49,-2.486666666666667
273,5.57,6.48,-2.5
274,5.55,6.47,-2.42
275,5.53,6.45,-2.21
276,5.51,6.44,-1.9066666666666667
277,5.51,6.45,-1.7833333333333334
278,5.51,6.45,-1.7866666666666666
279,5.54,6.46,-1.99
280,5.55,6.48,-2.03
281,5.55,6.49,-2.0166666666666666
282,5.55,6.51,-1.6933333333333334
283,5.55,6.52,-1.4733333333333334
284,5.55,6.54,-1.3533333333333333
285,5.55,6.54,-1.2566666666666666
286,5.55,6.54,-1.21
287,5.54,6.52,-1.25
288,5.55,6.52,-1.2666666666666666
289,5.54,6.52,-1.2166666666666666
290,5.54,6.52,-1.2233333333333334
291,5.56,6.52,-1.2
292,5.56,6.52,-1.04
293,5.57,6.52,-1.1266666666666667
294,5.57,6.52,-1.17
295,5.58,6.52,-1.2033333333333334
296,5.59,6.52,-1.2166666666666666
297,5.61,6.51,-1.2233333333333334
298,5.62,6.51,-1.2266666666666666
299,5.62,6.51,-1.23
300,5.62,6.51,-1.2266666666666666
301,5.62,6.51,-1.2333333333333334
302,5.62,6.51,-1.3066666666666666
303,5.63,6.52,-1.3733333333333333
304,5.63,6.52,-1.3666666666666667
305,5.62,6.52,-1.3533333333333333
306,5.62,6.53,-1.3433333333333333
307,5.61,6.53,-1.33
308,5.6,6.53,-1.3166666666666669
309,5.59,6.54,-1.3166666666666669
310,5.57,6.54,-1.32
311,5.57,6.54,-1.33
312,5.56,6.54,-1.36
313,5.55,6.54,-1.3666666666666667
314,5.54,6.54,-1.36
315,5.54,6.54,-1.34
316,5.53,6.54,-1.32
317,5.53,6.54,-1.3166666666666669
318,5.53,6.55,-1.3133333333333332
319,5.53,6.55,-1.3033333333333332
320,5.53,6.55,-1.2833333333333334
321,5.53,6.55,-1.28
322,5.53,6.55,-1.2833333333333334
323,5.53,6.55,-1.2766666666666666
324,5.53,6.55,-1.2766666666666666
325,5.53,6.55,-1.28
326,5.53,6.55,-1.2833333333333334
327,5.52,6.55,-1.3133333333333332
328,5.53,6.54,-1.3133333333333332
329,5.53,6.54,-1.3133333333333332
330,5.53,6.54,-1.33
331,5.53,6.54,-1.346666666666667
332,5.53,6.54,-1.35
333,5.52,6.53,-1.346666666666667
334,5.52,6.52,-1.36
335,5.52,6.51,-1.4633333333333334
336,5.52,6.51,-1.5166666666666666
337,5.52,6.51,-1.86
338,5.52,6.51,-2.1366666666666667
339,5.51,6.51,-2.3466666666666667
340,5.5,6.51,-2.55
341,5.48,6.51,-2.6333333333333333
342,5.44,6.52,-2.4166666666666665
343,5.42,6.56,-2.4233333333333333
344,5.39,6.59,-2.39
345,5.34,6.61,-2.34
346,5.32,6.64,-2.4033333333333333
347,5.27,6.66,-2.39
348,5.23,6.67,-2.38
349,5.2,6.68,-2.486666666666667
350,5.19,6.69,-2.6
351,5.17,6.69,-2.6366666666666667
352,5.15,6.68,-2.7066666666666666
353,5.16,6.66,-2.68
354,5.17,6.64,-2.6866666666666665
355,5.17,6.6,-2.6366666666666667
356,5.17,6.59,-2.683333333333333
357,5.18,6.58,-2.68
358,5.19,6.57,-2.6733333333333333
359,5.21,6.56,-2.67
360,5.22,6.53,-2.623333333333333
361,5.23,6.52,-2.47
362,5.26,6.51,-2.4833333333333334
363,5.29,6.5,-2.49
364,5.32,6.49,-2.4966666666666666
365,5.35,6.48,-2.44
366,5.38,6.48,-2.3966666666666665
367,5.4,6.48,-2.3433333333333333
368,5.43,6.47,-2.33
369,5.47,6.45,-2.3233333333333333
370,5.5,6.44,-2.043333333333333
371,5.55,6.45,-1.97
372,5.57,6.45,-2.056666666666666
373,5.57,6.47,-2.036666666666666
374,5.56,6.48,-1.82
375,5.56,6.48,-1.4833333333333334
376,5.57,6.48,-1.28
377,5.62,6.47,-1.1733333333333331
378,5.66,6.46,-1.12
379,5.69,6.46,-1.0633333333333332
380,5.72,6.46,-1.02
381,5.72,6.45,-0.9766666666666668
382,5.73,6.45,-0.9766666666666668
383,5.74,6.45,-0.9466666666666668
384,5.75,6.45,-0.91
385,5.74,6.45,-0.97
386,5.73,6.45,-0.9766666666666668
387,5.73,6.45,-0.9733333333333334
388,5.74,6.44,-0.9133333333333332
389,5.74,6.43,-0.9433333333333334
390,5.76,6.43,-0.96
391,5.77,6.43,-0.9633333333333334
392,5.79,6.43,-0.9633333333333334
393,5.8,6.43,-0.97
394,5.81,6.44,-0.9533333333333334
395,5.81,6.45,-0.9533333333333334
396,5.81,6.47,-0.96
397,5.81,6.49,-0.97
398,5.81,6.51,-0.9766666666666668
399,5.81,6.51,-0.99
400,5.81,6.53,-1.0033333333333334
401,5.8,6.53,-1.02
402,5.8,6.54,-1.0266666666666666
403,5.8,6.54,-1.03
404,5.8,6.54,-1.03
405,5.79,6.54,-1.0466666666666666
406,5.77,6.54,-1.0533333333333332
407,5.76,6.53,-1.0733333333333333
408,5.75,6.53,-1.07
409,5.74,6.52,-1.07
410,5.72,6.52,-1.07
411,5.7,6.51,-1.07
412,5.69,6.51,-1.0766666666666669
413,5.68,6.51,-1.1166666666666667
414,5.67,6.51,-1.2233333333333334
415,5.65,6.5,-1.336666666666667
416,5.62,6.49,-1.5666666666666669
417,5.6,6.49,-1.7333333333333334
418,5.57,6.49,-1.856666666666667
419,5.54,6.5,-1.93
420,5.49,6.5,-1.9366666666666668
421,5.48,6.47,-1.8033333333333328
422,5.45,6.46,-1.76
423,5.43,6.48,-1.8266666666666669
424,5.42,6.51,-1.9333333333333331
425,5.42,6.56,-2.0966666666666667
426,5.43,6.6,-2.276666666666667
427,5.43,6.6,-2.543333333333333
428,5.43,6.59,-2.526666666666667
429,5.44,6.58,-2.57
430,5.44,6.54,-2.556666666666666
431,5.45,6.48,-2.4233333333333333
432,5.48,6.45,-2.3666666666666667
433,5.53,6.44,-2.36
434,5.61,6.4,-2.306666666666666
435,5.71,6.36,-2.25
436,5.81,6.37,-2.13
437,5.9,6.39,-2.1766666666666667
438,5.98,6.42,-2.0966666666666667
439,6.17,6.51,-2.033333333333333
440,6.48,6.61,-1.7666666666666666
441,6.87,6.64,-1.1833333333333331
442,7.03,6.7,-0.9633333333333334
443,7.22,6.79,-0.7433333333333333
444,7.54,7.14,-0.7966666666666666
445,7.72,7.28,-0.8566666666666667
446,7.84,7.37,-0.9666666666666668
447,8.03,7.45,-1.1
448,8.03,7.54,-1.8633333333333333
449,8.22,7.55,-1.8266666666666669
450,8.36,7.52,-1.6266666666666667
451,8.41,7.51,-1.653333333333333
452,8.42,7.51,-1.653333333333333
453,8.44,7.52,-1.87
454,8.39,7.52,-1.9666666666666663
455,8.42,7.51,-1.8533333333333333
456,8.38,7.51,-1.9233333333333331
457,8.35,7.52,-1.9366666666666668
458,8.34,7.52,-1.8966666666666667
459,8.34,7.52,-1.8666666666666667
460,8.35,7.53,-1.8
461,8.36,7.53,-1.8
462,8.36,7.53,-1.8
463,8.37,7.54,-1.8266666666666669
464,8.36,7.54,-1.84
465,8.36,7.55,-1.9066666666666667
466,8.35,7.55,-1.9733333333333332
467,8.35,7.56,-1.9366666666666668
468,8.34,7.57,-1.9166666666666667
469,8.33,7.57,-1.85
470,8.3,7.59,-1.8233333333333333
471,8.29,7.59,-1.8266666666666669
472,8.29,7.59,-1.81
473,8.28,7.59,-1.81
474,8.26,7.59,-1.8633333333333333
475,8.24,7.59,-1.8433333333333333
476,8.24,7.55,-1.8
477,8.24,7.52,-1.8033333333333328
478,8.17,7.49,-1.87
479,8.15,7.38,-1.8666666666666667
480,8.17,7.23,-1.7066666666666668
481,8.12,7.13,-1.68
482,8.1,7.02,-1.2666666666666666
483,8.09,6.84,-1.09
484,8.07,6.65,-1.07
485,8.01,6.5,-1.0233333333333334
486,7.92,6.38,-0.9666666666666668
487,7.72,6.26,-0.78
488,7.56,6.09,-0.89
489,7.46,5.92,-0.84
490,7.35,5.82,-0.82
491,7.24,5.74,-0.86
492,7.08,5.66,-0.88
493,6.95,5.57,-0.9066666666666666
494,6.84,5.54,-0.8833333333333333
495,6.75,5.54,-0.89
496,6.65,5.57,-0.9333333333333332
497,6.56,5.56,-0.93
498,6.48,5.56,-0.9266666666666666
499,6.39,5.59,-0.9433333333333334
500,6.29,5.61,-1.0
501,6.2,5.65,-1.05
502,6.1,5.71,-1.0566666666666666
503,6.04,5.81,-1.2
504,5.97,5.93,-1.14
505,5.93,6.01,-1.17
506,5.89,6.08,-1.2433333333333334
507,5.82,6.14,-1.22
508,5.78,6.23,-1.2433333333333334
509,5.76,6.3,-1.28
510,5.71,6.35,-1.356666666666667
511,5.67,6.41,-1.336666666666667
512,5.64,6.44,-1.35
513,5.62,6.47,-1.356666666666667
514,5.59,6.49,-1.33
515,5.57,6.48,-1.3433333333333333
516,5.54,6.47,-1.36
517,5.52,6.47,-1.3666666666666667
518,5.5,6.46,-1.413333333333333
519,5.48,6.45,-1.3966666666666667
520,5.47,6.44,-1.38
521,5.46,6.44,-1.3266666666666669
522,5.46,6.44,-1.32
523,5.45,6.44,-1.32
524,5.45,6.43,-1.3266666666666669
525,5.45,6.43,-1.3266666666666669
526,5.44,6.42,-1.3266666666666669
527,5.44,6.42,-1.3
528,5.44,6.41,-1.2766666666666666
529,5.44,6.4,-1.2766666666666666
530,5.44,6.4,-1.28
531,5.44,6.4,-1.2833333333333334
532,5.43,6.4,-1.2866666666666666
533,5.43,6.4,-1.2966666666666666
534,5.43,6.4,-1.3033333333333332
535,5.43,6.4,-1.3066666666666666
536,5.43,6.4,-1.3033333333333332
537,5.43,6.4,-1.3033333333333332
538,5.43,6.4,-1.3066666666666666
539,5.42,6.4,-1.3133333333333332
540,5.42,6.4,-1.3133333333333332
541,5.4,6.4,-1.3133333333333332
542,5.38,6.4,-1.346666666666667
543,5.36,6.4,-1.3433333333333333
544,5.36,6.4,-1.34
545,5.34,6.39,-1.3433333333333333
546,5.33,6.38,-1.3333333333333333
547,5.32,6.37,-1.3333333333333333
548,5.31,6.37,-1.336666666666667
549,5.3,6.36,-1.3133333333333332
550,5.3,6.36,-1.3133333333333332
551,5.33,6.34,-1.36
552,5.36,6.34,-1.413333333333333
553,5.42,6.34,-1.4766666666666666
554,5.49,6.36,-1.5366666666666666
555,5.55,6.45,-1.51
556,5.67,6.47,-1.336666666666667
557,5.87,6.49,-1.14
558,5.93,6.55,-1.1366666666666667
559,6.11,6.57,-1.1366666666666667
560,6.27,6.63,-1.0533333333333332
561,6.51,6.72,-1.1333333333333333
562,6.8,6.85,-1.1366666666666667
563,7.0,6.94,-1.1466666666666667
564,7.23,7.06,-1.0733333333333333
565,7.29,7.2,-1.1566666666666667
566,7.3,7.32,-1.6333333333333333
567,7.34,7.44,-2.3366666666666664
568,7.43,7.51,-2.353333333333333
569,7.67,7.54,-2.37
570,7.87,7.54,-2.286666666666666
571,8.04,7.52,-2.05
572,8.16,7.48,-1.99
573,8.18,7.45,-1.98
574,8.21,7.43,-1.9933333333333332
575,8.28,7.42,-1.8866666666666667
576,8.33,7.42,-1.7033333333333334
577,8.34,7.39,-1.6233333333333333
578,8.35,7.38,-1.5566666666666666
579,8.38,7.37,-1.5033333333333334
580,8.39,7.37,-1.5666666666666669
581,8.41,7.36,-1.5466666666666666
582,8.42,7.35,-1.56
583,8.43,7.34,-1.5633333333333332
584,8.43,7.33,-1.55
585,8.44,7.32,-1.52
586,8.47,7.31,-1.4933333333333334
587,8.47,7.31,-1.5133333333333334
588,8.46,7.31,-1.5166666666666666
589,8.45,7.3,-1.5666666666666669
590,8.45,7.3,-1.5833333333333333
591,8.44,7.3,-1.6033333333333333
592,8.44,7.3,-1.6266666666666667
593,8.44,7.3,-1.63
594,8.44,7.3,-1.63
595,8.44,7.3,-1.63
596,8.44,7.3,-1.6833333333333331
597,8.44,7.29,-1.7133333333333334
598,8.41,7.29,-1.7733333333333334
599,8.39,7.29,-1.79
600,8.39,7.29,-1.7733333333333334
601,8.39,7.28,-1.76
602,8.39,7.28,-1.7333333333333334
603,8.39,7.28,-1.7233333333333334
604,8.4,7.28,-1.6933333333333334
605,8.39,7.28,-1.6933333333333334
606,8.38,7.28,-1.6966666666666668
607,8.38,7.28,-1.6933333333333334
608,8.38,7.28,-1.6966666666666668
609,8.38,7.28,-1.7133333333333334
610,8.38,7.28,-1.7133333333333334
611,8.37,7.28,-1.7166666666666666
612,8.37,7.28,-1.7
613,8.37,7.28,-1.6666666666666667
614,8.37,7.28,-1.67
615,8.37,7.28,-1.6933333333333334
616,8.37,7.28,-1.7066666666666668
617,8.37,7.27,-1.7366666666666666
618,8.37,7.27,-1.7466666666666666
619,8.36,7.28,-1.8
620,8.36,7.28,-1.8166666666666669
621,8.35,7.27,-1.97
622,8.32,7.27,-2.063333333333333
623,8.3,7.25,-2.033333333333333
624,8.24,7.21,-1.9666666666666663
625,8.21,7.15,-1.8
626,8.22,7.07,-1.58
627,8.22,6.99,-1.5533333333333332
628,8.22,6.89,-1.4166666666666667
629,8.2,6.77,-1.36
630,8.14,6.64,-1.08
631,8.06,6.49,-0.9966666666666668
632,7.98,6.33,-0.9666666666666668
633,7.89,6.19,-0.9533333333333334
634,7.84,6.02,-0.84
635,7.68,5.92,-0.7566666666666667
636,7.53,5.79,-0.8
637,7.37,5.71,-0.8866666666666667
638,7.23,5.63,-0.93
639,7.14,5.49,-0.88
640,7.07,5.44,-0.85
641,6.97,5.43,-0.79
642,6.83,5.41,-0.7866666666666666
643,6.72,5.39,-0.8266666666666667
644,6.62,5.39,-0.8466666666666667
645,6.54,5.43,-0.8566666666666667
646,6.43,5.46,-0.89
647,6.34,5.48,-0.9266666666666666
648,6.24,5.52,-0.9433333333333334
649,6.17,5.58,-0.9733333333333334
650,6.08,5.71,-0.9866666666666668
651,5.98,5.8,-0.9966666666666668
652,5.88,5.87,-0.9766666666666668
653,5.8,5.98,-0.9766666666666668
654,5.73,6.08,-0.99
655,5.66,6.17,-1.0
656,5.59,6.23,-1.08
657,5.57,6.29,-1.1166666666666667
658,5.55,6.34,-1.29
659,5.54,6.41,-1.34
660,5.52,6.47,-1.3066666666666666
661,5.47,6.53,-1.3966666666666667
662,5.44,6.54,-1.336666666666667
663,5.43,6.58,-1.346666666666667
664,5.4,6.59,-1.3666666666666667
665,5.37,6.58,-1.346666666666667
666,5.35,6.58,-1.29
667,5.33,6.58,-1.1733333333333331
668,5.34,6.57,-1.08
669,5.34,6.57,-1.11
670,5.35,6.56,-1.1666666666666667
671,5.35,6.56,-1.143333333333333
672,5.36,6.56,-1.143333333333333
673,5.36,6.53,-1.163333333333333
674,5.36,6.52,-1.2166666666666666
675,5.37,6.52,-1.2266666666666666
676,5.37,6.52,-1.3066666666666666
677,5.37,6.51,-1.29
678,5.38,6.51,-1.3
679,5.39,6.51,-1.3033333333333332
680,5.39,6.51,-1.2966666666666666
681,5.39,6.54,-1.29
682,5.39,6.57,-1.3033333333333332
683,5.4,6.59,-1.3133333333333332
684,5.41,6.6,-1.29
685,5.42,6.62,-1.2833333333333334
686,5.42,6.62,-1.2833333333333334
687,5.44,6.62,-1.2833333333333334
688,5.46,6.62,-1.27
689,5.46,6.62,-1.27
690,5.48,6.61,-1.27
691,5.48,6.6,-1.27
692,5.49,6.6,-1.21
693,5.49,6.58,-1.22
694,5.49,6.56,-1.26
695,5.49,6.55,-1.2566666666666666
696,5.49,6.55,-1.2566666666666666
697,5.48,6.55,-1.2633333333333334
698,5.44,6.54,-1.3166666666666669
699,5.4,6.52,-1.336666666666667
700,5.37,6.51,-1.4333333333333331
701,5.33,6.5,-1.6133333333333333
702,5.3,6.5,-1.7233333333333334
703,5.27,6.49,-1.67
704,5.23,6.49,-1.7033333333333334
705,5.22,6.5,-1.8233333333333333
706,5.17,6.52,-1.9533333333333331
707,5.11,6.57,-1.9233333333333331
708,5.07,6.61,-1.903333333333333
709,5.01,6.68,-2.0166666666666666
710,5.0,6.71,-2.04
711,4.99,6.73,-2.1866666666666665
712,4.97,6.77,-2.3866666666666667
713,4.96,6.8,-2.373333333333333
714,4.95,6.79,-2.4833333333333334
715,4.95,6.78,-2.5866666666666664
716,4.96,6.77,-2.683333333333333
717,4.96,6.71,-2.6266666666666665
718,4.97,6.67,-2.5766666666666667
719,5.0,6.63,-2.67
720,5.01,6.63,-2.703333333333333
721,5.04,6.61,-2.643333333333333
722,5.08,6.6,-2.6166666666666667
723,5.12,6.6,-2.6333333333333333
724,5.14,6.6,-2.6266666666666665
725,5.16,6.6,-2.6366666666666667
726,5.17,6.6,-2.6333333333333333
727,5.18,6.61,-2.62
728,5.2,6.62,-2.6266666666666665
729,5.21,6.64,-2.6333333333333333
730,5.22,6.65,-2.6566666666666667
731,5.22,6.65,-2.67
732,5.22,6.66,-2.6666666666666665
733,5.22,6.67,-2.67
734,5.22,6.68,-2.6866666666666665
735,5.22,6.69,-2.6966666666666668
736,5.22,6.71,-2.7
737,5.22,6.72,-2.6966666666666668
738,5.22,6.72,-2.6933333333333334
739,5.21,6.72,-2.69
740,5.21,6.72,-2.6866666666666665
741,5.2,6.72,-2.6866666666666665
742,5.2,6.72,-2.63
743,5.19,6.72,-2.63
744,5.19,6.71,-2.6333333333333333
745,5.18,6.7,-2.6333333333333333
746,5.17,6.69,-2.623333333333333
747,5.16,6.68,-2.5866666666666664
748,5.16,6.64,-2.54
749,5.15,6.55,-2.393333333333333
750,5.15,6.47,-2.36
751,5.15,6.41,-2.316666666666667
752,5.15,6.34,-2.24
753,5.15,6.29,-2.236666666666667
754,5.15,6.22,-2.0933333333333333
755,5.15,6.16,-2.0733333333333333
756,5.15,6.11,-1.9666666666666663
757,5.15,6.08,-1.846666666666667
758,5.2,6.04,-1.8433333333333333
759,5.29,5.98,-1.47
760,5.38,5.92,-1.16
761,5.51,5.9,-1.34
762,5.67,5.91,-1.5266666666666666
763,5.9,5.9,-2.0
764,6.2,5.89,-2.013333333333333
765,6.7,5.84,-1.7833333333333334
766,7.02,5.85,-1.3966666666666667
767,7.2,5.83,-1.3166666666666669
768,7.41,5.83,-1.2033333333333334
769,7.74,5.84,-1.143333333333333
770,8.03,5.84,-0.95
771,8.21,5.93,-0.8433333333333334
772,8.43,6.07,-0.83
773,8.54,6.23,-0.8233333333333334
774,8.58,6.33,-0.86
775,8.64,6.41,-0.8533333333333334
776,8.63,6.45,-0.79
777,8.63,6.45,-0.7866666666666666
778,8.61,6.42,-0.73
779,8.62,6.41,-0.6966666666666667
780,8.59,6.39,-0.7766666666666666
781,8.58,6.38,-0.7566666666666667
782,8.57,6.37,-0.6933333333333334
783,8.57,6.37,-0.71
784,8.58,6.36,-0.7333333333333333
785,8.58,6.36,-0.7433333333333333
786,8.6,6.36,-0.7466666666666667
787,8.61,6.36,-0.7533333333333333
788,8.62,6.36,-0.8133333333333334
789,8.62,6.36,-0.8466666666666667
790,8.62,6.36,-0.8866666666666667
791,8.63,6.36,-0.8966666666666666
792,8.63,6.36,-0.9066666666666666
793,8.63,6.36,-0.9166666666666666
794,8.64,6.35,-0.9033333333333332
795,8.64,6.35,-0.9066666666666666
796,8.64,6.35,-0.89
797,8.64,6.35,-0.84
798,8.64,6.35,-0.82
799,8.64,6.35,-0.8233333333333334
800,8.63,6.35,-0.82
801,8.63,6.35,-0.81
802,8.62,6.35,-0.7966666666666666
803,8.6,6.35,-0.8033333333333333
804,8.58,6.33,-0.8033333333333333
805,8.57,6.31,-0.8066666666666666
806,8.56,6.28,-0.6933333333333334
807,8.55,6.25,-0.7266666666666667
808,8.52,6.2,-0.7433333333333333
809,8.49,6.15,-0.68
810,8.47,6.11,-0.51
811,8.43,6.08,-0.58
812,8.39,6.0,-0.62
813,8.34,5.93,-0.64
814,8.28,5.86,-0.76
815,8.22,5.8,-0.7666666666666667
816,8.16,5.7,-0.7566666666666667
817,8.08,5.63,-0.9266666666666666
818,7.99,5.55,-0.8933333333333333
819,7.86,5.52,-0.8733333333333333
820,7.71,5.45,-0.8866666666666667
821,7.59,5.36,-0.9133333333333332
822,7.44,5.37,-0.8933333333333333
823,7.33,5.34,-0.8966666666666666
824,7.24,5.35,-0.89
825,7.14,5.34,-0.8666666666666667
826,7.03,5.34,-0.82
827,6.92,5.34,-0.8233333333333334
828,6.77,5.35,-0.8666666666666667
829,6.65,5.38,-0.9433333333333334
830,6.52,5.46,-1.04
831,6.44,5.61,-1.08
832,6.33,5.7,-1.13
833,6.24,5.8,-1.1566666666666667
834,6.15,5.9,-1.1266666666666667
835,6.05,5.97,-1.143333333333333
836,5.94,6.03,-1.14
837,5.87,6.08,-1.1166666666666667
838,5.79,6.15,-1.1033333333333333
839,5.75,6.22,-1.1033333333333333
840,5.71,6.29,-1.096666666666667
841,5.66,6.33,-1.1233333333333333
842,5.6,6.4,-1.2566666666666666
843,5.56,6.46,-1.403333333333333
844,5.5,6.5,-1.4566666666666668
845,5.48,6.49,-1.5266666666666666
846,5.43,6.5,-1.57
847,5.39,6.49,-1.6866666666666668
848,5.36,6.47,-1.78
849,5.33,6.46,-1.75
850,5.31,6.45,-1.6833333333333331
851,5.3,6.44,-1.6366666666666667
852,5.28,6.44,-1.5233333333333334
853,5.27,6.44,-1.4466666666666668
854,5.26,6.43,-1.44
855,5.27,6.43,-1.4366666666666668
856,5.26,6.43,-1.403333333333333
857,5.26,6.42,-1.403333333333333
858,5.26,6.42,-1.403333333333333
859,5.26,6.42,-1.3966666666666667
860,5.26,6.43,-1.3833333333333333
861,5.26,6.44,-1.3866666666666667
862,5.26,6.45,-1.3866666666666667
863,5.26,6.48,-1.3133333333333332
864,5.27,6.5,-1.3233333333333333
865,5.28,6.51,-1.2933333333333332
866,5.31,6.52,-1.2133333333333334
867,5.34,6.52,-1.2366666666666666
868,5.36,6.52,-1.2533333333333334
869,5.37,6.52,-1.2
870,5.38,6.52,-1.22
871,5.38,6.51,-1.1966666666666668
872,5.38,6.51,-1.1866666666666668
873,5.36,6.51,-1.2
874,5.35,6.5,-1.3066666666666666
875,5.34,6.49,-1.3333333333333333
876,5.34,6.47,-1.42
877,5.3,6.45,-1.59
878,5.26,6.45,-1.61
879,5.24,6.45,-1.5466666666666666
880,5.23,6.45,-1.5233333333333334
881,5.21,6.45,-1.49
882,5.17,6.45,-1.5366666666666666
883,5.12,6.45,-1.5233333333333334
884,5.09,6.47,-1.5466666666666666
885,5.07,6.5,-1.59
886,5.03,6.52,-1.6866666666666668
887,5.03,6.52,-1.7166666666666666
888,5.02,6.53,-1.9466666666666668
889,5.02,6.55,-2.1866666666666665
890,5.01,6.55,-2.236666666666667
891,5.02,6.55,-2.3833333333333333
892,5.03,6.55,-2.37
893,5.08,6.53,-2.4366666666666665
894,5.13,6.53,-2.5166666666666666
895,5.15,6.52,-2.466666666666667
896,5.2,6.47,-2.4166666666666665
897,5.26,6.44,-2.3633333333333333
898,5.33,6.42,-2.33
899,5.44,6.4,-2.203333333333333
900,5.55,6.35,-2.04
901,5.67,6.32,-1.9066666666666667
902,5.82,6.32,-1.8866666666666667
903,5.99,6.33,-1.9066666666666667
904,6.15,6.43,-1.8633333333333333
905,6.37,6.6,-1.9233333333333331
906,6.67,6.72,-1.7133333333333334
907,6.9,6.79,-1.2266666666666666
908,7.09,7.06,-0.9533333333333334
909,7.37,7.22,-0.7466666666666667
910,7.6,7.38,-0.8133333333333334
911,7.79,7.53,-0.8066666666666666
912,7.86,7.6,-0.8966666666666666
913,7.89,7.73,-1.27
914,8.07,7.71,-1.9066666666666667
915,8.31,7.68,-1.7266666666666666
916,8.41,7.65,-1.5766666666666669
917,8.42,7.65,-1.45
918,8.46,7.65,-1.4833333333333334
919,8.39,7.65,-1.68
920,8.44,7.63,-1.6466666666666667
921,8.46,7.61,-1.6266666666666667
922,8.49,7.6,-1.61
923,8.5,7.59,-1.59
924,8.52,7.59,-1.5166666666666666
925,8.52,7.59,-1.5166666666666666
926,8.5,7.59,-1.5166666666666666
927,8.5,7.59,-1.5533333333333332
928,8.51,7.6,-1.5266666666666666
929,8.5,7.6,-1.55
930,8.49,7.61,-1.5933333333333333
931,8.48,7.61,-1.6
932,8.48,7.62,-1.61
933,8.48,7.63,-1.663333333333333
934,8.49,7.63,-1.65
935,8.48,7.63,-1.64
936,8.48,7.64,-1.6166666666666667
937,8.48,7.64,-1.52
938,8.47,7.64,-1.4666666666666666
939,8.46,7.64,-1.4833333333333334
940,8.45,7.64,-1.5666666666666669
941,8.41,7.63,-1.5666666666666669
942,8.39,7.61,-1.6266666666666667
943,8.4,7.55,-1.5733333333333333
944,8.4,7.47,-1.4633333333333334
945,8.36,7.36,-1.403333333333333
946,8.34,7.24,-1.3033333333333332
947,8.33,7.11,-1.16
948,8.31,7.0,-1.1033333333333333
949,8.24,6.87,-1.0466666666666666
950,8.17,6.68,-0.9033333333333332
951,8.09,6.51,-0.9333333333333332
952,7.99,6.39,-0.8833333333333333
953,7.8,6.25,-0.93
954,7.63,6.11,-0.9766666666666668
955,7.51,5.91,-0.96
956,7.42,5.77,-0.8966666666666666
957,7.3,5.69,-0.8933333333333333
958,7.14,5.55,-0.9133333333333332
959,6.98,5.48,-0.9233333333333332
960,6.87,5.39,-0.89
961,6.77,5.35,-0.8833333333333333
962,6.67,5.33,-0.89
963,6.58,5.32,-0.9366666666666666
964,6.49,5.3,-0.9566666666666668
965,6.4,5.29,-0.9666666666666668
966,6.31,5.32,-0.99
967,6.2,5.36,-1.04
968,6.04,5.37,-1.13
969,5.9,5.44,-1.2033333333333334
970,5.81,5.55,-1.2333333333333334
971,5.72,5.62,-1.1866666666666668
972,5.65,5.73,-1.15
973,5.59,5.83,-1.1
974,5.53,5.91,-1.0833333333333333
975,5.48,6.01,-1.0533333333333332
976,5.45,6.07,-1.0533333333333332
977,5.43,6.16,-1.0433333333333332
978,5.42,6.25,-1.1166666666666667
979,5.4,6.32,-1.1833333333333331
980,5.38,6.42,-1.3133333333333332
981,5.34,6.48,-1.33
982,5.31,6.52,-1.46
983,5.28,6.54,-1.36
984,5.28,6.56,-1.4733333333333334
985,5.26,6.57,-1.58
986,5.23,6.55,-1.48
987,5.22,6.53,-1.4366666666666668
988,5.21,6.52,-1.4166666666666667
989,5.21,6.51,-1.4066666666666667
990,5.19,6.51,-1.413333333333333
991,5.19,6.51,-1.4266666666666667
992,5.17,6.51,-1.42
993,5.17,6.5,-1.4233333333333331
994,5.17,6.5,-1.4533333333333334
995,5.18,6.5,-1.52
996,5.18,6.5,-1.5066666666666666
997,5.18,6.49,-1.4933333333333334
998,5.18,6.49,-1.4566666666666668
999,5.19,6.48,-1.4433333333333334
1000,5.2,6.48,-1.43
1001,5.21,6.48,-1.43
1002,5.23,6.47,-1.41
1003,5.25,6.47,-1.39
1004,5.27,6.48,-1.356666666666667
1005,5.3,6.48,-1.336666666666667
1006,5.32,6.47,-1.3266666666666669
1007,5.35,6.47,-1.3133333333333332
1008,5.37,6.48,-1.31
1009,5.39,6.48,-1.3166666666666669
1010,5.41,6.49,-1.3166666666666669
1011,5.44,6.49,-1.2533333333333334
1012,5.47,6.49,-1.1966666666666668
1013,5.51,6.51,-1.1666666666666667
1014,5.56,6.51,-1.143333333333333
1015,5.59,6.51,-1.0266666666666666
1016,5.63,6.51,-1.03
1017,5.7,6.51,-1.02
1018,5.77,6.5,-1.0333333333333334
1019,5.8,6.49,-1.0166666666666666
1020,5.82,6.47,-0.9866666666666668
1021,5.85,6.45,-0.9466666666666668
1022,5.96,6.42,-0.9233333333333332
1023,6.05,6.4,-0.96
1024,6.1,6.38,-0.9766666666666668
1025,6.14,6.36,-0.9866666666666668
1026,6.16,6.35,-0.9266666666666666
1027,6.17,6.35,-0.9166666666666666
1028,6.16,6.36,-0.93
1029,6.13,6.48,-0.9533333333333334
1030,6.11,6.56,-0.9833333333333332
1031,6.04,6.62,-0.9166666666666666
1032,5.93,6.74,-0.9
1033,5.77,6.81,-1.1866666666666668
1034,5.62,6.91,-1.6166666666666667
1035,5.51,6.94,-1.94
1036,5.4,7.02,-2.1266666666666665
1037,5.28,7.29,-2.2466666666666666
1038,5.07,7.53,-2.21
1039,4.94,7.65,-2.033333333333333
1040,4.73,7.76,-1.913333333333333
1041,4.66,7.78,-1.8533333333333333
1042,4.57,7.79,-1.9233333333333331
1043,4.48,7.8,-1.8533333333333333
1044,4.46,7.78,-2.036666666666666
1045,4.46,7.75,-2.19
1046,4.49,7.71,-2.0966666666666667
1047,4.55,7.7,-2.046666666666667
1048,4.59,7.65,-2.103333333333333
1049,4.6,7.58,-2.14
1050,4.69,7.52,-2.12
1051,4.81,7.47,-2.31
1052,4.89,7.43,-2.26
1053,4.95,7.4,-2.2066666666666666
1054,5.0,7.37,-2.2
1055,5.07,7.36,-2.2
1056,5.13,7.36,-2.1966666666666668
1057,5.2,7.36,-2.216666666666667
1058,5.3,7.37,-2.21
1059,5.37,7.39,-2.293333333333333
1060,5.43,7.4,-2.35
1061,5.51,7.41,-2.57
1062,5.55,7.41,-2.59
1063,5.59,7.4,-2.52
1064,5.63,7.38,-2.4833333333333334
1065,5.66,7.36,-2.453333333333333
1066,5.67,7.33,-2.333333333333333
1067,5.71,7.31,-2.1633333333333336
1068,5.82,7.3,-2.1266666666666665
1069,5.9,7.27,-2.123333333333333
1070,5.97,7.2,-2.043333333333333
1071,6.02,7.12,-1.9466666666666668
1072,6.09,6.98,-1.9966666666666664
1073,6.22,6.88,-1.98
1074,6.25,6.74,-1.9233333333333331
1075,6.34,6.7,-1.7333333333333334
1076,6.4,6.68,-1.69
1077,6.47,6.66,-1.56
1078,6.59,6.64,-1.2133333333333334
1079,6.68,6.62,-1.0733333333333333
1080,6.76,6.52,-0.9833333333333332
1081,6.88,6.43,-0.9666666666666668
1082,6.95,6.38,-0.92
1083,7.05,6.32,-0.8666666666666667
1084,7.1,6.23,-0.8466666666666667
1085,7.14,6.17,-0.9933333333333332
1086,7.15,6.12,-0.93
1087,7.15,6.06,-0.9033333333333332
1088,7.14,6.02,-0.9733333333333334
1089,7.11,5.97,-0.9866666666666668
1090,7.09,5.91,-0.9366666666666666
1091,7.03,5.86,-0.92
1092,6.93,5.83,-0.8933333333333333
1093,6.82,5.8,-0.88
1094,6.69,5.78,-0.9033333333333332
1095,6.59,5.79,-0.9166666666666666
1096,6.5,5.79,-0.9233333333333332
1097,6.43,5.81,-0.9433333333333334
1098,6.36,5.83,-0.9533333333333334
1099,6.28,5.88,-0.9533333333333334
1100,6.21,5.96,-0.9566666666666668
1101,6.14,6.01,-0.9566666666666668
1102,6.1,6.06,-0.96
1103,6.05,6.12,-0.96
1104,5.98,6.19,-0.99
1105,5.92,6.26,-1.0233333333333334
1106,5.86,6.31,-1.0633333333333332
1107,5.83,6.35,-1.0833333333333333
1108,5.8,6.39,-1.1033333333333333
1109,5.78,6.42,-1.12
1110,5.74,6.45,-1.13
1111,5.72,6.49,-1.163333333333333
1112,5.7,6.51,-1.143333333333333
1113,5.69,6.53,-1.1133333333333333
1114,5.68,6.54,-1.086666666666667
1115,5.68,6.54,-1.09
1116,5.67,6.55,-1.08
1117,5.68,6.54,-1.0333333333333334
1118,5.68,6.53,-1.04
1119,5.69,6.53,-1.0133333333333334
1120,5.69,6.53,-0.98
1121,5.71,6.51,-0.9933333333333332
1122,5.73,6.5,-0.9866666666666668
1123,5.76,6.48,-0.9633333333333334
1124,5.78,6.48,-0.9566666666666668
1125,5.8,6.46,-0.9166666666666666
1126,5.81,6.46,-0.9233333333333332
1127,5.84,6.45,-0.93
1128,5.87,6.45,-0.93
1129,5.92,6.44,-0.9333333333333332
1130,5.94,6.44,-0.92
1131,5.98,6.43,-0.91
1132,6.05,6.42,-0.9166666666666666
1133,6.1,6.41,-0.9133333333333332
1134,6.12,6.38,-0.9133333333333332
1135,6.16,6.35,-0.9066666666666666
1136,6.21,6.32,-0.89
1137,6.27,6.27,-0.8633333333333333
1138,6.35,6.19,-0.8266666666666667
1139,6.39,6.17,-0.8166666666666667
1140,6.45,6.14,-0.8033333333333333
1141,6.51,6.1,-0.81
1142,6.57,6.06,-0.8133333333333334
1143,6.6,6.06,-0.8433333333333334
1144,6.63,6.03,-0.86
1145,6.64,6.02,-0.87
1146,6.64,6.0,-0.8733333333333333
1147,6.63,6.0,-0.86
1148,6.61,6.0,-0.86
1149,6.59,6.02,-0.86
1150,6.57,6.09,-0.86
1151,6.52,6.16,-0.8533333333333334
1152,6.37,6.3,-0.86
1153,6.25,6.45,-1.0033333333333334
1154,6.02,6.62,-1.64
1155,5.82,6.81,-2.036666666666666
1156,5.64,6.95,-2.2066666666666666
1157,5.6,7.12,-2.283333333333333
1158,5.45,7.32,-2.183333333333333
1159,5.29,7.5,-2.223333333333333
1160,5.08,7.67,-2.22
1161,4.98,7.68,-2.1466666666666665
1162,4.87,7.71,-2.1366666666666667
1163,4.79,7.72,-2.0733333333333333
1164,4.77,7.71,-2.026666666666667
1165,4.77,7.67,-1.8766666666666667
1166,4.81,7.63,-2.006666666666667
1167,4.85,7.59,-2.1266666666666665
1168,4.9,7.57,-2.15
1169,4.92,7.56,-2.0966666666666667
1170,4.93,7.49,-2.0733333333333333
1171,4.98,7.43,-2.1666666666666665
1172,5.04,7.36,-2.1366666666666667
1173,5.09,7.32,-2.1133333333333333
1174,5.13,7.31,-2.103333333333333
1175,5.15,7.3,-2.1866666666666665
1176,5.19,7.28,-2.1566666666666667
1177,5.23,7.27,-2.1466666666666665
1178,5.27,7.25,-2.036666666666666
1179,5.32,7.23,-1.9533333333333331
1180,5.39,7.21,-1.903333333333333
1181,5.44,7.21,-1.8266666666666669
1182,5.5,7.2,-1.8333333333333333
1183,5.56,7.19,-1.84
1184,5.66,7.19,-1.8733333333333333
1185,5.74,7.18,-1.9233333333333331
1186,5.81,7.15,-1.9633333333333332
1187,5.87,7.11,-1.98
1188,5.96,7.05,-1.9933333333333332
1189,6.04,7.03,-2.0166666666666666
1190,6.1,7.01,-2.03
1191,6.21,6.96,-2.056666666666666
1192,6.33,6.83,-1.99
1193,6.41,6.73,-1.8
1194,6.56,6.69,-1.6733333333333331
1195,6.63,6.67,-1.62
1196,6.64,6.64,-1.5566666666666666
1197,6.67,6.61,-1.4433333333333334
1198,6.75,6.6,-1.1266666666666667
1199,6.94,6.59,-0.9866666666666668
1200,7.0,6.51,-0.9566666666666668
1201,7.04,6.43,-0.91
1202,7.08,6.38,-0.9133333333333332
1203,7.21,6.33,-0.7533333333333333
1204,7.26,6.23,-0.7633333333333333
1205,7.32,6.19,-0.7533333333333333
1206,7.35,6.15,-0.75
1207,7.37,6.1,-0.7866666666666666
1208,7.38,6.03,-0.79
1209,7.37,5.97,-0.81
1210,7.35,5.92,-0.83
1211,7.33,5.86,-0.8433333333333334
1212,7.31,5.81,-0.8533333333333334
1213,7.22,5.75,-0.8566666666666667
1214,7.1,5.7,-0.8533333333333334
1215,7.01,5.66,-0.8766666666666667
1216,6.9,5.62,-0.9
1217,6.8,5.6,-0.9533333333333334
1218,6.72,5.61,-0.9733333333333334
1219,6.66,5.62,-0.9666666666666668
1220,6.61,5.63,-1.01
1221,6.53,5.65,-0.9933333333333332
1222,6.43,5.66,-0.9833333333333332
1223,6.31,5.66,-0.93
1224,6.2,5.69,-0.8466666666666667
1225,6.11,5.78,-0.83
1226,6.04,5.89,-0.8033333333333333
1227,5.98,5.97,-0.79
1228,5.93,6.04,-0.8033333333333333
1229,5.89,6.09,-0.97
1230,5.84,6.17,-1.0433333333333332
1231,5.82,6.24,-1.0333333333333334
1232,5.81,6.32,-1.0533333333333332
1233,5.76,6.37,-1.0533333333333332
1234,5.74,6.43,-1.0666666666666669
1235,5.72,6.48,-1.086666666666667
1236,5.7,6.51,-1.15
1237,5.69,6.52,-1.163333333333333
1238,5.68,6.52,-1.2
1239,5.68,6.54,-1.2233333333333334
1240,5.66,6.55,-1.23
1241,5.64,6.55,-1.2033333333333334
1242,5.6,6.54,-1.2066666666666668
1243,5.6,6.53,-1.1933333333333334
1244,5.6,6.52,-1.1933333333333334
1245,5.61,6.51,-1.1933333333333334
1246,5.62,6.51,-1.1466666666666667
1247,5.62,6.51,-1.2033333333333334
1248,5.62,6.5,-1.2366666666666666
1249,5.63,6.5,-1.2433333333333334
1250,5.63,6.5,-1.29
1251,5.64,6.5,-1.2733333333333334
1252,5.64,6.49,-1.2633333333333334
1253,5.64,6.49,-1.2566666666666666
1254,5.64,6.51,-1.2066666666666668
1255,5.64,6.53,-1.2
1256,5.64,6.54,-1.2033333333333334
1257,5.64,6.55,-1.2066666666666668
1258,5.64,6.56,-1.2066666666666668
1259,5.64,6.56,-1.26
1260,5.64,6.57,-1.2866666666666666
1261,5.63,6.58,-1.3433333333333333
1262,5.63,6.58,-1.3866666666666667
1263,5.63,6.57,-1.38
1264,5.63,6.57,-1.39
1265,5.63,6.55,-1.4166666666666667
1266,5.63,6.54,-1.413333333333333
1267,5.61,6.5,-1.403333333333333
1268,5.59,6.45,-1.3733333333333333
1269,5.56,6.41,-1.3233333333333333
1270,5.53,6.37,-1.29
1271,5.49,6.37,-1.2466666666666666
1272,5.47,6.37,-1.24
1273,5.45,6.36,-1.2566666666666666
1274,5.42,6.37,-1.2966666666666666
1275,5.39,6.37,-1.29
1276,5.36,6.41,-1.3066666666666666
1277,5.32,6.42,-1.4
1278,5.28,6.43,-1.41
1279,5.23,6.46,-1.586666666666667
1280,5.19,6.54,-1.8033333333333328
1281,5.13,6.58,-1.8666666666666667
1282,5.11,6.66,-1.9566666666666668
1283,5.06,6.72,-1.9666666666666663
1284,5.02,6.77,-2.03
1285,4.97,6.81,-2.14
1286,4.97,6.84,-2.3633333333333333
1287,4.96,6.84,-2.43
1288,4.97,6.83,-2.3966666666666665
1289,4.98,6.82,-2.4966666666666666
1290,5.02,6.81,-2.536666666666666
1291,5.08,6.77,-2.493333333333333
1292,5.15,6.7,-2.466666666666667
1293,5.25,6.64,-2.46
1294,5.35,6.62,-2.44
1295,5.5,6.55,-2.353333333333333
1296,5.66,6.5,-2.2466666666666666
1297,5.79,6.43,-2.1
1298,5.94,6.41,-1.95
1299,6.16,6.43,-1.65
1300,6.36,6.5,-1.77
1301,6.67,6.68,-1.653333333333333
1302,6.88,6.87,-1.1133333333333333
1303,7.09,7.14,-0.89
1304,7.47,7.23,-0.7633333333333333
1305,7.77,7.43,-0.73
1306,7.88,7.54,-0.8233333333333334
1307,7.92,7.64,-1.04
1308,8.02,7.75,-1.6166666666666667
1309,8.17,7.76,-1.94
1310,8.32,7.72,-2.1066666666666665
1311,8.46,7.66,-1.8533333333333333
1312,8.46,7.65,-1.73
1313,8.42,7.67,-1.7566666666666666
1314,8.38,7.69,-1.7433333333333334
1315,8.41,7.67,-1.7666666666666666
1316,8.45,7.66,-1.7666666666666666
1317,8.51,7.65,-1.7033333333333334
1318,8.52,7.64,-1.65
1319,8.52,7.64,-1.6166666666666667
1320,8.51,7.64,-1.62
1321,8.48,7.64,-1.75
1322,8.48,7.64,-1.62
1323,8.47,7.63,-1.57
1324,8.46,7.63,-1.4466666666666668
1325,8.45,7.63,-1.4866666666666666
1326,8.39,7.63,-1.5166666666666666
1327,8.4,7.6,-1.4666666666666666
1328,8.39,7.57,-1.3
1329,8.38,7.49,-1.34
1330,8.31,7.42,-1.1166666666666667
1331,8.3,7.34,-1.1266666666666667
1332,8.24,7.22,-1.1233333333333333
1333,8.23,7.11,-0.95
1334,8.19,6.99,-0.8366666666666667
1335,8.13,6.86,-0.8
1336,8.08,6.68,-0.7966666666666666
1337,7.95,6.56,-0.9
1338,7.83,6.45,-0.93
1339,7.7,6.29,-0.9566666666666668
1340,7.61,6.14,-0.99
1341,7.53,6.03,-1.01
1342,7.38,5.98,-1.0166666666666666
1343,7.27,5.84,-1.0
1344,7.17,5.73,-1.0
1345,7.03,5.65,-0.9766666666666668
1346,6.91,5.63,-0.9833333333333332
1347,6.83,5.58,-0.9733333333333334
1348,6.74,5.49,-0.93
1349,6.64,5.48,-0.9433333333333334
1350,6.51,5.51,-1.03
1351,6.3,5.54,-1.2233333333333334
1352,6.13,5.57,-1.2933333333333332
1353,6.0,5.6,-1.37
1354,5.95,5.6,-1.36
1355,5.89,5.64,-1.4733333333333334
1356,5.82,5.7,-1.37
1357,5.74,5.83,-1.2333333333333334
1358,5.69,5.93,-1.163333333333333
1359,5.62,6.01,-1.1466666666666667
1360,5.57,6.09,-1.1333333333333333
1361,5.51,6.15,-1.1566666666666667
1362,5.47,6.25,-1.1466666666666667
1363,5.41,6.32,-1.15
1364,5.39,6.41,-1.2266666666666666
1365,5.37,6.48,-1.45
1366,5.34,6.51,-1.46
1367,5.33,6.53,-1.4933333333333334
1368,5.33,6.55,-1.52
1369,5.3,6.54,-1.5033333333333334
1370,5.27,6.54,-1.4833333333333334
1371,5.25,6.51,-1.48
1372,5.21,6.5,-1.4933333333333334
1373,5.2,6.49,-1.5333333333333334
1374,5.18,6.49,-1.5266666666666666
1375,5.17,6.46,-1.49
1376,5.16,6.42,-1.57
1377,5.15,6.4,-1.5766666666666669
1378,5.15,6.38,-1.64
1379,5.14,6.38,-1.643333333333333
1380,5.14,6.38,-1.6233333333333333
1381,5.14,6.38,-1.6
1382,5.15,6.38,-1.53
1383,5.15,6.38,-1.4966666666666666
1384,5.16,6.39,-1.4733333333333334
1385,5.16,6.4,-1.44
1386,5.17,6.42,-1.3966666666666667
1387,5.19,6.44,-1.3866666666666667
1388,5.21,6.45,-1.393333333333333
1389,5.21,6.45,-1.3866666666666667
1390,5.22,6.46,-1.336666666666667
1391,5.22,6.46,-1.3233333333333333
1392,5.23,6.47,-1.3266666666666669
1393,5.23,6.47,-1.33
1394,5.23,6.47,-1.3533333333333333
1395,5.23,6.47,-1.4
1396,5.22,6.46,-1.45
1397,5.21,6.45,-1.4766666666666666
1398,5.18,6.44,-1.5533333333333332
1399,5.14,6.44,-1.6233333333333333
1400,5.11,6.43,-1.6566666666666667
1401,5.09,6.43,-1.62
1402,5.05,6.43,-1.57
1403,5.0,6.43,-1.4566666666666668
1404,4.96,6.43,-1.4333333333333331
1405,4.91,6.43,-1.413333333333333
1406,4.87,6.43,-1.3133333333333332
1407,4.85,6.43,-1.31
1408,4.82,6.43,-1.3133333333333332
1409,4.79,6.43,-1.47
1410,4.76,6.43,-1.4833333333333334
1411,4.71,6.43,-1.5033333333333334
1412,4.7,6.41,-1.63
1413,4.69,6.39,-1.6233333333333333
1414,4.7,6.34,-1.6233333333333333
1415,4.69,6.3,-1.64
1416,4.68,6.29,-1.63
1417,4.68,6.26,-1.59
1418,4.66,6.21,-1.5833333333333333
1419,4.63,6.16,-1.65
1420,4.64,6.12,-1.6333333333333333
1421,4.64,6.06,-1.6266666666666667
1422,4.65,6.0,-1.5533333333333332
1423,4.67,5.9,-1.3133333333333332
1424,4.74,5.82,-1.1233333333333333
1425,4.9,5.79,-0.99
1426,5.19,5.77,-1.1933333333333334
1427,5.54,5.72,-1.3033333333333332
1428,5.8,5.67,-1.903333333333333
1429,6.21,5.66,-2.25
1430,6.64,5.69,-2.34
1431,6.96,5.7,-2.043333333333333
1432,7.4,5.72,-1.83
1433,7.75,5.76,-1.62
1434,8.07,5.85,-1.35
1435,8.24,6.05,-1.2166666666666666
1436,8.47,6.26,-1.086666666666667
1437,8.57,6.41,-0.9466666666666668
1438,8.67,6.53,-0.8533333333333334
1439,8.72,6.57,-0.94
1440,8.69,6.55,-0.8566666666666667
1441,8.67,6.47,-0.9133333333333332
1442,8.63,6.42,-1.01
1443,8.58,6.32,-1.0
1444,8.52,6.16,-0.83
1445,8.46,6.04,-0.76
1446,8.45,5.96,-0.77
1447,8.36,5.88,-0.8133333333333334
1448,8.24,5.84,-0.8333333333333334
1449,8.14,5.78,-0.8266666666666667
1450,8.05,5.73,-0.78
1451,7.94,5.71,-0.8133333333333334
1452,7.86,5.67,-0.8533333333333334
1453,7.7,5.65,-0.9466666666666668
1454,7.58,5.61,-0.9366666666666666
1455,7.46,5.59,-0.9333333333333332
1456,7.36,5.57,-0.9266666666666666
1457,7.26,5.56,-0.95
1458,7.19,5.54,-1.0166666666666666
1459,7.02,5.5,-1.1
1460,6.94,5.45,-1.05
1461,6.89,5.44,-1.04
1462,6.84,5.42,-1.03
1463,6.83,5.39,-1.0266666666666666
1464,6.78,5.37,-1.0233333333333334
1465,6.72,5.35,-1.03
1466,6.66,5.33,-0.9866666666666668
1467,6.58,5.31,-0.95
1468,6.52,5.32,-0.9433333333333334
1469,6.47,5.32,-0.9633333333333334
1470,6.39,5.32,-0.98
1471,6.36,5.35,-1.08
1472,6.29,5.42,-1.1266666666666667
1473,6.24,5.48,-1.15
1474,6.12,5.57,-1.2633333333333334
1475,6.01,5.66,-1.356666666666667
1476,5.91,5.75,-1.3066666666666666
1477,5.83,5.84,-1.28
1478,5.8,5.92,-1.29
1479,5.71,6.02,-1.2666666666666666
1480,5.65,6.09,-1.393333333333333
1481,5.63,6.17,-1.34
1482,5.61,6.24,-1.346666666666667
1483,5.55,6.3,-1.3966666666666667
1484,5.51,6.36,-1.3833333333333333
1485,5.47,6.4,-1.4433333333333334
1486,5.41,6.44,-1.403333333333333
1487,5.35,6.45,-1.5366666666666666
1488,5.31,6.48,-1.4766666666666666
1489,5.26,6.5,-1.4866666666666666
1490,5.24,6.5,-1.62
1491,5.2,6.48,-1.6933333333333334
1492,5.18,6.46,-1.8533333333333333
1493,5.15,6.45,-1.8533333333333333
1494,5.12,6.44,-1.8033333333333328
1495,5.1,6.44,-1.7733333333333334
1496,5.08,6.4,-1.7433333333333334
1497,5.07,6.39,-1.7233333333333334
1498,5.07,6.37,-1.7666666666666666
1499,5.05,6.36,-1.86
1500,5.05,6.35,-1.85
1501,5.04,6.34,-1.8133333333333328
1502,5.03,6.34,-1.4933333333333334
1503,5.04,6.34,-1.49
1504,5.04,6.34,-1.51
1505,5.04,6.34,-1.51
1506,5.04,6.33,-1.4933333333333334
1507,5.04,6.33,-1.5133333333333334
1508,5.05,6.33,-1.4833333333333334
1509,5.05,6.32,-1.59
1510,5.05,6.32,-1.6366666666666667
1511,5.05,6.32,-1.66
1512,5.05,6.32,-1.65
1513,5.05,6.32,-1.6466666666666667
1514,5.05,6.32,-1.64
1515,5.05,6.32,-1.643333333333333
1516,5.05,6.32,-1.6766666666666667
1517,5.05,6.32,-1.6666666666666667
1518,5.02,6.33,-1.64
1519,4.99,6.33,-1.6
1520,4.96,6.33,-1.5566666666666666
1521,4.93,6.33,-1.4066666666666667
1522,4.93,6.33,-1.31
1523,4.92,6.34,-1.32
1524,4.92,6.35,-1.35
1525,4.91,6.37,-1.38
1526,4.89,6.39,-1.39
1527,4.87,6.4,-1.393333333333333
1528,4.83,6.41,-1.4766666666666666
1529,4.81,6.42,-1.48
1530,4.79,6.43,-1.63
1531,4.79,6.43,-1.69
1532,4.79,6.43,-1.6566666666666667
1533,4.79,6.42,-1.6866666666666668
1534,4.8,6.34,-1.74
1535,4.83,6.21,-1.5833333333333333
1536,4.97,6.06,-1.3166666666666669
1537,5.12,5.99,-1.3
1538,5.3,5.93,-1.0533333333333332
1539,5.55,5.83,-1.0066666666666666
1540,5.69,5.82,-1.1833333333333331
1541,5.96,5.75,-1.4333333333333331
1542,6.25,5.67,-2.053333333333333
1543,6.8,5.71,-1.7033333333333334
1544,7.22,5.72,-1.52
1545,7.57,5.68,-1.3333333333333333
1546,7.79,5.7,-1.24
1547,8.06,5.72,-1.0933333333333333
1548,8.26,5.73,-0.8833333333333333
1549,8.5,5.84,-0.7933333333333333
1550,8.6,6.04,-0.8333333333333334
1551,8.71,6.18,-0.8533333333333334
1552,8.78,6.26,-0.8166666666666667
1553,8.79,6.28,-0.8133333333333334
1554,8.77,6.26,-0.7366666666666667
1555,8.75,6.22,-0.7333333333333333
1556,8.71,6.2,-0.6633333333333333
1557,8.68,6.15,-0.6066666666666667
1558,8.62,6.06,-0.57
1559,8.58,5.95,-0.5766666666666667
1560,8.57,5.89,-0.51
1561,8.51,5.83,-0.5033333333333333
1562,8.42,5.76,-0.4833333333333333
1563,8.33,5.72,-0.45
1564,8.26,5.67,-0.47
1565,8.17,5.63,-0.4333333333333333
1566,8.1,5.59,-0.3766666666666666
1567,8.02,5.55,-0.4266666666666667
1568,7.92,5.51,-0.5266666666666666
1569,7.81,5.49,-0.7566666666666667
1570,7.71,5.47,-0.7566666666666667
1571,7.61,5.43,-0.7766666666666666
1572,7.52,5.43,-0.76
1573,7.4,5.41,-0.82
1574,7.32,5.39,-0.9333333333333332
1575,7.23,5.38,-1.05
1576,7.16,5.35,-1.07
1577,7.08,5.32,-0.9933333333333332
1578,6.95,5.27,-0.9466666666666668
1579,6.85,5.24,-0.9266666666666666
1580,6.79,5.22,-0.9333333333333332
1581,6.7,5.22,-0.9266666666666666
1582,6.6,5.23,-0.9333333333333332
1583,6.52,5.24,-0.9233333333333332
1584,6.46,5.25,-0.92
1585,6.41,5.29,-0.9266666666666666
1586,6.36,5.36,-0.9533333333333334
1587,6.31,5.46,-0.97
1588,6.27,5.54,-1.0433333333333332
1589,6.17,5.63,-1.0566666666666666
1590,6.07,5.7,-1.0666666666666669
1591,5.96,5.77,-1.0633333333333332
1592,5.87,5.85,-1.0466666666666666
1593,5.79,5.95,-1.04
1594,5.73,6.04,-1.1033333333333333
1595,5.72,6.1,-1.09
1596,5.71,6.19,-1.1
1597,5.69,6.28,-1.1466666666666667
1598,5.67,6.36,-1.3
1599,5.67,6.42,-1.3866666666666667
1600,5.65,6.46,-1.4266666666666667
1601,5.64,6.51,-1.46
1602,5.63,6.56,-1.4366666666666668
1603,5.61,6.6,-1.4766666666666666
1604,5.57,6.6,-1.4566666666666668
1605,5.52,6.57,-1.42
1606,5.48,6.55,-1.37
1607,5.46,6.53,-1.2433333333333334
1608,5.42,6.51,-1.2566666666666666
1609,5.42,6.44,-1.1966666666666668
1610,5.4,6.38,-1.1566666666666667
1611,5.4,6.33,-1.14
1612,5.4,6.32,-1.15
1613,5.41,6.3,-1.1666666666666667
1614,5.41,6.28,-1.1833333333333331
1615,5.42,6.28,-1.2566666666666666
1616,5.42,6.29,-1.2633333333333334
1617,5.44,6.29,-1.32
1618,5.48,6.3,-1.3033333333333332
1619,5.54,6.34,-1.23
1620,5.62,6.4,-1.1666666666666667
1621,5.68,6.46,-1.08
1622,5.74,6.49,-1.086666666666667
1623,5.8,6.5,-1.1033333333333333
1624,5.85,6.52,-1.1133333333333333
1625,5.9,6.52,-1.09
1626,5.94,6.51,-1.0533333333333332
1627,5.95,6.51,-1.03
1628,5.96,6.49,-1.0366666666666666
1629,5.97,6.45,-1.0433333333333332
1630,5.95,6.43,-1.0533333333333332
1631,5.95,6.42,-1.0733333333333333
1632,5.94,6.41,-1.096666666666667
1633,5.93,6.4,-1.14
1634,5.9,6.4,-1.1566666666666667
1635,5.83,6.4,-1.1833333333333331
1636,5.71,6.4,-1.1766666666666667
1637,5.58,6.43,-1.19
1638,5.48,6.46,-1.2266666666666666
1639,5.45,6.52,-1.5
1640,5.39,6.61,-1.6833333333333331
1641,5.33,6.69,-1.85
1642,5.26,6.73,-1.9233333333333331
1643,5.19,6.74,-2.05
1644,5.11,6.84,-2.0733333333333333
1645,5.05,6.89,-2.2333333333333334
1646,4.97,6.91,-2.31
1647,4.89,6.94,-2.433333333333333
1648,4.85,6.93,-2.4266666666666667
1649,4.85,6.91,-2.543333333333333
1650,4.86,6.9,-2.533333333333333
1651,4.88,6.89,-2.473333333333333
1652,4.9,6.86,-2.433333333333333
1653,4.92,6.83,-2.45
1654,4.93,6.79,-2.486666666666667
1655,4.97,6.72,-2.4366666666666665
1656,5.01,6.68,-2.4833333333333334
1657,5.05,6.66,-2.55
1658,5.1,6.65,-2.553333333333333
1659,5.14,6.65,-2.546666666666667
1660,5.18,6.65,-2.536666666666666
1661,5.23,6.66,-2.523333333333333
1662,5.29,6.66,-2.513333333333333
1663,5.34,6.66,-2.45
1664,5.38,6.68,-2.3633333333333333
1665,5.44,6.7,-2.3266666666666667
1666,5.52,6.7,-2.286666666666666
1667,5.62,6.66,-2.2666666666666666
1668,5.69,6.6,-2.2466666666666666
1669,5.76,6.54,-2.103333333333333
1670,5.84,6.47,-2.006666666666667
1671,5.96,6.38,-1.77
1672,6.09,6.3,-1.67
1673,6.22,6.28,-1.77
1674,6.35,6.29,-1.5033333333333334
1675,6.42,6.32,-1.2833333333333334
1676,6.5,6.3,-1.19
1677,6.62,6.31,-1.2566666666666666
1678,6.69,6.31,-1.2633333333333334
1679,6.78,6.31,-1.09
1680,6.82,6.3,-1.03
1681,6.86,6.3,-0.9666666666666668
1682,6.89,6.28,-0.9733333333333334
1683,6.89,6.27,-1.0066666666666666
1684,6.88,6.27,-1.0333333333333334
1685,6.87,6.26,-0.9966666666666668
1686,6.86,6.25,-0.9833333333333332
1687,6.85,6.24,-1.03
1688,6.84,6.23,-1.0333333333333334
1689,6.83,6.23,-1.15
1690,6.77,6.21,-1.11
1691,6.69,6.19,-1.1133333333333333
1692,6.65,6.17,-1.13
1693,6.58,6.12,-1.08
1694,6.49,6.07,-1.106666666666667
1695,6.42,6.05,-1.11
1696,6.31,6.01,-1.1333333333333333
1697,6.2,6.0,-1.1333333333333333
1698,6.09,6.0,-1.1333333333333333
1699,5.97,6.0,-1.0766666666666669
1700,5.86,5.99,-1.07
1701,5.69,5.99,-1.106666666666667
1702,5.6,6.0,-1.11
1703,5.58,6.02,-1.1
1704,5.51,6.06,-1.1
1705,5.51,6.14,-1.1
1706,5.49,6.25,-1.11
1707,5.49,6.35,-1.1666666666666667
1708,5.48,6.42,-1.2666666666666666
1709,5.47,6.5,-1.39
1710,5.48,6.55,-1.5266666666666666
1711,5.48,6.6,-1.48
1712,5.48,6.64,-1.5766666666666669
1713,5.47,6.67,-1.7533333333333334
1714,5.47,6.68,-1.82
1715,5.46,6.68,-1.8133333333333328
1716,5.46,6.66,-1.72
1717,5.47,6.65,-1.7033333333333334
1718,5.46,6.65,-1.4633333333333334
1719,5.46,6.64,-1.44
1720,5.46,6.62,-1.2866666666666666
1721,5.46,6.59,-1.2666666666666666
1722,5.46,6.56,-1.23
1723,5.47,6.54,-1.2233333333333334
1724,5.47,6.51,-1.2533333333333334
1725,5.47,6.49,-1.2333333333333334
1726,5.47,6.47,-1.2433333333333334
1727,5.47,6.46,-1.2633333333333334
1728,5.47,6.44,-1.27
1729,5.47,6.43,-1.2733333333333334
1730,5.47,6.41,-1.3133333333333332
1731,5.45,6.41,-1.3133333333333332
1732,5.43,6.41,-1.3133333333333332
1733,5.41,6.41,-1.34
1734,5.38,6.4,-1.3433333333333333
1735,5.34,6.4,-1.3433333333333333
1736,5.31,6.4,-1.48
1737,5.24,6.42,-1.5633333333333332
1738,5.17,6.45,-1.5033333333333334
1739,5.11,6.47,-1.4833333333333334
1740,5.09,6.52,-1.5066666666666666
1741,5.06,6.56,-1.6266666666666667
1742,5.05,6.61,-1.7133333333333334
1743,5.02,6.65,-1.84
1744,5.02,6.72,-1.9533333333333331
1745,5.02,6.79,-2.143333333333333
1746,5.02,6.83,-2.3233333333333333
1747,5.02,6.81,-2.4
1748,5.03,6.79,-2.526666666666667
1749,5.07,6.79,-2.316666666666667
1750,5.17,6.75,-2.223333333333333
1751,5.26,6.68,-2.203333333333333
1752,5.33,6.65,-2.1066666666666665
1753,5.44,6.6,-2.0766666666666667
1754,5.61,6.57,-1.99
1755,5.81,6.51,-1.9733333333333332
1756,6.06,6.51,-1.9966666666666664
1757,6.56,6.7,-1.79
1758,7.02,6.84,-1.1466666666666667
1759,7.13,7.16,-0.94
1760,7.58,7.24,-0.72
1761,7.75,7.47,-0.88
1762,7.67,7.67,-1.5933333333333333
1763,7.98,7.81,-2.1733333333333333
1764,8.22,7.79,-2.1733333333333333
1765,8.43,7.72,-2.043333333333333
1766,8.47,7.67,-2.11
1767,8.42,7.66,-2.066666666666667
1768,8.34,7.67,-1.98
1769,8.15,7.8,-1.9
1770,8.14,7.83,-1.846666666666667
1771,8.07,7.79,-1.7633333333333334
1772,8.09,7.66,-1.6666666666666667
1773,8.24,7.44,-0.5633333333333334
1774,8.29,7.33,-0.2633333333333333
1775,8.28,7.18,-0.1966666666666666
1776,8.24,7.08,-0.1733333333333333
1777,8.2,6.91,-0.34
1778,8.04,6.73,-0.5
1779,7.84,6.63,-0.6266666666666667
1780,7.63,6.54,-0.6833333333333333
1781,7.53,6.41,-0.7033333333333334
1782,7.46,6.35,-0.7133333333333334
1783,7.33,6.23,-0.7233333333333334
1784,7.2,6.12,-0.6966666666666667
1785,7.12,6.03,-0.7066666666666667
1786,7.07,6.0,-0.7066666666666667
1787,7.05,5.95,-0.71
1788,7.04,5.87,-0.7366666666666667
1789,7.05,5.86,-0.7833333333333333
1790,7.03,5.82,-0.8033333333333333
1791,6.98,5.78,-0.7966666666666666
1792,6.92,5.74,-0.8
1793,6.86,5.7,-0.83
1794,6.79,5.68,-0.8466666666666667
1795,6.73,5.64,-0.8466666666666667
1796,6.67,5.63,-0.83
1797,6.57,5.65,-0.8466666666666667
1798,6.45,5.67,-0.89
1799,6.31,5.69,-0.94
1800,6.18,5.69,-1.0166666666666666
1801,6.06,5.74,-1.07
1802,5.96,5.82,-1.0566666666666666
1803,5.88,5.9,-1.11
1804,5.86,5.97,-1.11
1805,5.85,6.06,-1.1366666666666667
1806,5.85,6.15,-1.143333333333333
1807,5.82,6.24,-1.2
1808,5.79,6.29,-1.22
1809,5.74,6.36,-1.2566666666666666
1810,5.68,6.4,-1.3133333333333332
1811,5.66,6.45,-1.35
1812,5.63,6.49,-1.44
1813,5.6,6.52,-1.52
1814,5.56,6.53,-1.56
1815,5.52,6.53,-1.82
1816,5.48,6.53,-1.7333333333333334
1817,5.44,6.51,-1.63
1818,5.39,6.5,-1.663333333333333
1819,5.37,6.49,-1.39
1820,5.35,6.49,-1.356666666666667
1821,5.34,6.48,-1.3666666666666667
1822,5.34,6.45,-1.33
1823,5.35,6.42,-1.2633333333333334
1824,5.36,6.4,-1.2433333333333334
1825,5.36,6.39,-1.2666666666666666
1826,5.37,6.38,-1.28
1827,5.37,6.37,-1.2933333333333332
1828,5.38,6.37,-1.2933333333333332
1829,5.4,6.37,-1.356666666666667
1830,5.45,6.37,-1.34
1831,5.5,6.39,-1.24
1832,5.54,6.43,-1.163333333333333
1833,5.58,6.45,-1.14
1834,5.63,6.47,-1.06
1835,5.71,6.47,-1.0033333333333334
1836,5.73,6.47,-1.0166666666666666
1837,5.78,6.47,-0.9666666666666668
1838,5.81,6.46,-0.94
1839,5.85,6.45,-0.8966666666666666
1840,5.87,6.45,-0.8966666666666666
1841,5.9,6.42,-0.93
1842,5.96,6.4,-0.8866666666666667
1843,5.99,6.38,-0.9066666666666666
1844,6.03,6.36,-0.8266666666666667
1845,6.07,6.35,-0.8433333333333334
1846,6.1,6.35,-0.87
1847,6.12,6.36,-0.8733333333333333
1848,6.13,6.41,-0.9466666666666668
1849,6.14,6.49,-1.0566666666666666
1850,6.12,6.58,-1.0266666666666666
1851,6.07,6.68,-1.0933333333333333
1852,6.03,6.76,-1.3266666666666669
1853,5.85,6.85,-1.82
1854,5.69,6.96,-2.143333333333333
1855,5.59,7.04,-2.07
1856,5.51,7.15,-2.11
1857,5.38,7.3,-2.06
1858,5.21,7.51,-2.1533333333333333
1859,5.05,7.64,-2.1966666666666668
1860,4.91,7.68,-2.103333333333333
1861,4.76,7.74,-2.023333333333333
1862,4.7,7.7,-2.0766666666666667
1863,4.71,7.62,-2.15
1864,4.72,7.57,-2.44
1865,4.74,7.57,-2.536666666666666
1866,4.76,7.48,-2.4233333333333333
1867,4.79,7.31,-2.313333333333333
1868,4.8,7.17,-2.3666666666666667
1869,4.92,7.06,-2.19
1870,5.07,6.97,-2.036666666666666
1871,5.24,6.95,-2.0733333333333333
1872,5.38,6.94,-1.9366666666666668
1873,5.54,6.98,-2.013333333333333
1874,5.89,6.96,-1.9566666666666668
1875,6.33,6.96,-1.96
1876,7.04,7.1,-1.606666666666667
1877,7.55,7.5,-0.7333333333333333
1878,7.9,7.64,-0.7233333333333334
1879,8.04,7.76,-1.11
1880,8.21,7.85,-1.1466666666666667
1881,8.35,7.82,-1.3766666666666667
1882,8.54,7.75,-1.5466666666666666
1883,8.49,7.7,-1.5466666666666666
1884,8.49,7.67,-1.53
1885,8.48,7.66,-1.4333333333333331
1886,8.38,7.64,-1.44
1887,8.3,7.59,-1.3333333333333333
1888,8.29,7.44,-1.2533333333333334
1889,8.35,7.3,-1.0433333333333332
1890,8.42,7.16,-0.88
1891,8.42,7.01,-0.7233333333333334
1892,8.37,6.88,-0.6066666666666667
1893,8.23,6.75,-0.7633333333333333
1894,8.12,6.65,-0.7466666666666667
1895,7.86,6.52,-0.85
1896,7.69,6.35,-0.8833333333333333
1897,7.54,6.26,-0.8933333333333333
1898,7.43,6.18,-0.91
1899,7.35,6.1,-0.7333333333333333
1900,7.29,5.94,-0.73
1901,7.25,5.9,-0.7433333333333333
1902,7.21,5.77,-0.7633333333333333
1903,7.2,5.65,-0.7833333333333333
1904,7.23,5.52,-0.7966666666666666
1905,7.23,5.44,-0.8233333333333334
1906,7.19,5.35,-0.8566666666666667
1907,7.12,5.32,-0.8933333333333333
1908,7.04,5.29,-0.9166666666666666
1909,6.94,5.22,-0.92
1910,6.85,5.17,-0.9433333333333334
1911,6.75,5.1,-0.9333333333333332
1912,6.68,5.08,-0.9266666666666666
1913,6.6,5.09,-0.9433333333333334
1914,6.5,5.12,-0.9966666666666668
1915,6.34,5.16,-1.0166666666666666
1916,6.17,5.16,-1.03
1917,6.04,5.2,-1.106666666666667
1918,5.96,5.3,-1.2966666666666666
1919,5.87,5.41,-1.2366666666666666
1920,5.79,5.51,-1.1766666666666667
1921,5.74,5.61,-1.1833333333333331
1922,5.7,5.72,-1.1733333333333331
1923,5.65,5.83,-1.1766666666666667
1924,5.63,5.92,-1.18
1925,5.6,6.0,-1.2033333333333334
1926,5.56,6.09,-1.24
1927,5.54,6.16,-1.3833333333333333
1928,5.53,6.22,-1.3733333333333333
1929,5.48,6.28,-1.35
1930,5.46,6.37,-1.5466666666666666
1931,5.43,6.43,-1.6566666666666667
1932,5.42,6.44,-1.62
1933,5.42,6.45,-1.5366666666666666
1934,5.4,6.47,-1.51
1935,5.39,6.49,-1.6166666666666667
1936,5.37,6.51,-1.643333333333333
1937,5.36,6.49,-1.6266666666666667
1938,5.36,6.47,-1.5533333333333332
1939,5.36,6.46,-1.4266666666666667
1940,5.35,6.45,-1.32
1941,5.34,6.44,-1.2833333333333334
1942,5.35,6.44,-1.2666666666666666
1943,5.35,6.44,-1.2333333333333334
1944,5.35,6.44,-1.2366666666666666
1945,5.36,6.43,-1.2733333333333334
1946,5.39,6.42,-1.3033333333333332
1947,5.43,6.42,-1.31
1948,5.47,6.42,-1.33
1949,5.5,6.44,-1.3333333333333333
1950,5.54,6.45,-1.2033333333333334
1951,5.58,6.46,-1.11
1952,5.66,6.46,-1.01
1953,5.73,6.46,-1.04
1954,5.8,6.46,-0.9933333333333332
1955,5.84,6.43,-0.96
1956,5.9,6.38,-0.9533333333333334
1957,5.94,6.36,-0.94
1958,5.98,6.34,-0.9
1959,6.05,6.29,-0.8766666666666667
1960,6.12,6.24,-0.8333333333333334
1961,6.18,6.21,-0.8766666666666667
1962,6.22,6.19,-0.9
1963,6.22,6.19,-0.8933333333333333
1964,6.22,6.19,-0.9
1965,6.21,6.26,-0.93
1966,6.19,6.36,-0.93
1967,6.17,6.42,-0.9533333333333334
1968,6.12,6.49,-0.98
1969,5.99,6.58,-1.3433333333333333
1970,5.74,6.7,-1.7966666666666666
1971,5.59,6.78,-1.93
1972,5.46,6.88,-1.98
1973,5.3,7.14,-2.0733333333333333
1974,5.09,7.34,-2.1966666666666668
1975,4.87,7.5,-2.19
1976,4.65,7.51,-2.0033333333333334
1977,4.53,7.47,-1.9433333333333331
1978,4.5,7.45,-1.8133333333333328
1979,4.47,7.42,-1.836666666666667
1980,4.49,7.37,-1.8233333333333333
1981,4.53,7.34,-1.903333333333333
1982,4.56,7.33,-1.9566666666666668
1983,4.59,7.23,-1.9533333333333331
1984,4.62,7.12,-1.92
1985,4.66,7.03,-1.89
1986,4.79,6.91,-1.7833333333333334
1987,4.89,6.8,-1.59
1988,4.99,6.74,-1.5733333333333333
1989,5.1,6.7,-1.53
1990,5.3,6.72,-1.58
1991,5.46,6.75,-1.606666666666667
1992,5.63,6.76,-1.7433333333333334
1993,5.79,6.91,-1.83
1994,6.08,7.05,-1.913333333333333
1995,6.66,7.14,-1.8633333333333333
1996,7.23,7.25,-1.1266666666666667
1997,7.66,7.26,-0.7766666666666666
1998,8.23,7.52,-0.7066666666666667
1999,8.26,7.51,-0.79
2000,8.43,7.66,-1.05
2001,8.56,7.66,-1.4233333333333331
2002,8.83,7.58,-1.2533333333333334
2003,8.89,7.55,-1.413333333333333
2004,8.76,7.51,-1.7033333333333334
2005,8.76,7.49,-1.64
2006,8.67,7.42,-1.71
2007,8.62,7.33,-1.75
2008,8.54,7.24,-1.7366666666666666
2009,8.49,7.13,-1.68
2010,8.46,7.12,-1.6233333333333333
2011,8.61,6.91,-1.1
2012,8.57,6.79,-1.2033333333333334
2013,8.68,6.68,-0.5866666666666667
2014,8.73,6.56,-0.26
2015,8.68,6.44,-0.3533333333333333
2016,8.61,6.33,-0.47
2017,8.5,6.21,-0.4433333333333333
2018,8.35,6.14,-0.4566666666666666
2019,8.21,6.06,-0.5266666666666666
2020,8.06,6.02,-0.58
2021,7.94,5.91,-0.6133333333333333
2022,7.84,5.81,-0.6566666666666666
2023,7.77,5.71,-0.66
2024,7.7,5.63,-0.6533333333333333
2025,7.65,5.57,-0.67
2026,7.6,5.43,-0.7366666666666667
2027,7.56,5.35,-0.82
2028,7.51,5.22,-0.8533333333333334
2029,7.44,5.17,-0.8933333333333333
2030,7.36,5.12,-0.91
2031,7.27,5.09,-0.9133333333333332
2032,7.19,5.03,-0.91
2033,7.08,5.01,-0.9
2034,6.96,4.98,-0.8966666666666666
2035,6.85,4.93,-0.8866666666666667
2036,6.75,4.91,-0.8833333333333333
2037,6.64,4.92,-0.8933333333333333
2038,6.54,4.94,-0.9333333333333332
2039,6.37,4.97,-1.1033333333333333
2040,6.25,4.98,-1.346666666666667
2041,6.17,5.0,-1.346666666666667
2042,6.05,5.12,-1.4233333333333331
2043,5.97,5.27,-1.5933333333333333
2044,5.87,5.45,-1.49
2045,5.75,5.58,-1.5333333333333334
2046,5.67,5.7,-1.5333333333333334
2047,5.57,5.8,-1.52
2048,5.48,5.93,-1.5633333333333332
2049,5.39,6.06,-1.5533333333333332
2050,5.32,6.16,-1.653333333333333
2051,5.27,6.25,-1.6266666666666667
2052,5.2,6.33,-1.6033333333333333
2053,5.19,6.38,-1.6233333333333333
2054,5.13,6.43,-1.68
2055,5.06,6.5,-1.7266666666666666
2056,5.01,6.54,-1.76
2057,4.96,6.56,-1.8633333333333333
