0,3.94,0.84,-0.2366666666666666
1,3.94,0.83,-0.6266666666666667
2,3.92,0.81,-0.8166666666666667
3,3.92,0.78,-0.8366666666666667
4,3.92,0.76,-0.84
5,3.91,0.76,-0.7933333333333333
6,3.91,0.75,-0.8666666666666667
7,3.9,0.75,-0.86
8,3.9,0.75,-0.89
9,3.9,0.75,-0.96
10,3.9,0.75,-0.9333333333333332
11,3.89,0.75,-0.9633333333333334
12,3.9,0.75,-0.95
13,3.9,0.75,-0.96
14,3.9,0.76,-0.9666666666666668
15,3.89,0.76,-0.9833333333333332
16,3.89,0.77,-0.9666666666666668
17,3.88,0.77,-0.9566666666666668
18,3.88,0.77,-0.9633333333333334
19,3.87,0.77,-0.9566666666666668
20,3.87,0.77,-0.9533333333333334
21,3.86,0.77,-0.9533333333333334
22,3.86,0.77,-0.9466666666666668
23,3.86,0.77,-0.9466666666666668
24,3.86,0.77,-0.9233333333333332
25,3.86,0.77,-0.91
26,3.86,0.77,-0.8933333333333333
27,3.86,0.77,-0.8766666666666667
28,3.86,0.78,-0.8266666666666667
29,3.86,0.78,-0.82
30,3.86,0.78,-0.83
31,3.86,0.78,-0.8366666666666667
32,3.86,0.78,-0.83
33,3.86,0.78,-0.8233333333333334
34,3.86,0.78,-0.8333333333333334
35,3.86,0.78,-0.8333333333333334
36,3.86,0.78,-0.8666666666666667
37,3.86,0.78,-0.95
38,3.86,0.78,-1.04
39,3.86,0.78,-1.0733333333333333
40,3.86,0.78,-1.096666666666667
41,3.86,0.78,-1.0666666666666669
42,3.86,0.78,-1.05
43,3.86,0.76,-1.0433333333333332
44,3.86,0.76,-1.0633333333333332
45,3.86,0.75,-1.0733333333333333
46,3.86,0.75,-1.0533333333333332
47,3.86,0.75,-1.02
48,3.86,0.75,-1.03
49,3.86,0.75,-0.9566666666666668
50,3.86,0.75,-0.9633333333333334
51,3.86,0.75,-0.97
52,3.86,0.75,-0.95
53,3.86,0.76,-0.9
54,3.86,0.77,-0.7866666666666666
55,3.85,0.78,-0.7566666666666667
56,3.85,0.8,-0.77
57,3.85,0.81,-0.77
58,3.85,0.81,-0.8233333333333334
59,3.85,0.81,-0.8866666666666667
60,3.85,0.81,-0.8866666666666667
61,3.85,0.81,-0.9333333333333332
62,3.85,0.8,-0.9133333333333332
63,3.85,0.8,-0.8533333333333334
64,3.85,0.8,-0.8533333333333334
65,3.85,0.8,-0.7866666666666666
66,3.85,0.81,-0.74
67,3.85,0.82,-0.75
68,3.85,0.82,-0.77
69,3.85,0.82,-0.7666666666666667
70,3.85,0.82,-0.7533333333333333
71,3.85,0.83,-0.7266666666666667
72,3.85,0.83,-0.6966666666666667
73,3.85,0.83,-0.6433333333333333
74,3.85,0.83,-0.5966666666666667
75,3.86,0.83,-0.61
76,3.86,0.83,-0.6333333333333333
77,3.86,0.83,-0.6433333333333333
78,3.86,0.83,-0.6466666666666666
79,3.85,0.83,-0.65
80,3.85,0.83,-0.64
81,3.85,0.83,-0.6133333333333333
82,3.85,0.83,-0.5733333333333334
83,3.85,0.83,-0.5366666666666666
84,3.85,0.82,-0.5066666666666667
85,3.85,0.82,-0.5333333333333333
86,3.85,0.82,-0.52
87,3.85,0.82,-0.4333333333333333
88,3.85,0.82,-0.3233333333333333
89,3.85,0.82,-0.1666666666666666
90,3.85,0.82,-0.11
91,3.85,0.82,-0.0933333333333333
92,3.85,0.82,-0.0733333333333333
93,3.85,0.82,-0.0566666666666666
94,3.84,0.82,0.01
95,3.84,0.82,0.0433333333333333
96,3.84,0.82,0.1666666666666666
97,3.84,0.82,0.2433333333333333
98,3.84,0.82,0.1433333333333333
99,3.84,0.82,0.14
100,3.84,0.81,-0.0433333333333333
101,3.84,0.81,-0.0166666666666666
102,3.84,0.81,0.03
103,3.84,0.8,-0.0766666666666666
104,3.84,0.8,-0.13
105,3.84,0.8,-0.1966666666666666
106,3.83,0.8,-0.21
107,3.83,0.8,-0.23
108,3.83,0.8,-0.36
109,3.83,0.8,-0.4033333333333333
110,3.83,0.79,-0.5666666666666667
111,3.83,0.79,-0.5733333333333334
112,3.83,0.79,-0.5666666666666667
113,3.83,0.8,-0.5766666666666667
114,3.83,0.8,-0.5566666666666666
115,3.82,0.8,-0.5266666666666666
116,3.82,0.79,-0.4966666666666666
117,3.82,0.79,-0.4933333333333333
118,3.82,0.79,-0.57
119,3.82,0.79,-0.5433333333333333
120,3.82,0.79,-0.64
121,3.82,0.8,-0.72
122,3.82,0.8,-0.7266666666666667
123,3.82,0.8,-0.7233333333333334
124,3.82,0.8,-0.7166666666666667
125,3.82,0.8,-0.7333333333333333
126,3.82,0.8,-0.7233333333333334
127,3.82,0.8,-0.71
128,3.82,0.77,-0.8133333333333334
129,3.81,0.76,-0.85
130,3.8,0.76,-0.89
131,3.8,0.76,-0.9733333333333334
132,3.8,0.76,-0.9866666666666668
133,3.79,0.76,-0.95
134,3.79,0.77,-0.96
135,3.78,0.79,-0.9366666666666666
136,3.78,0.8,-0.9366666666666666
137,3.77,0.81,-0.9266666666666666
138,3.77,0.82,-0.9233333333333332
139,3.77,0.82,-0.92
140,3.77,0.83,-0.9166666666666666
141,3.77,0.83,-0.9166666666666666
142,3.77,0.83,-0.9133333333333332
143,3.77,0.83,-0.8966666666666666
144,3.77,0.83,-0.88
145,3.77,0.82,-0.85
146,3.77,0.81,-0.85
147,3.77,0.81,-0.8666666666666667
148,3.77,0.8,-0.8766666666666667
149,3.77,0.79,-0.8233333333333334
150,3.77,0.78,-0.7433333333333333
151,3.78,0.77,-0.61
152,3.78,0.77,-0.6166666666666667
153,3.78,0.77,-0.62
154,3.78,0.76,-0.5533333333333333
155,3.78,0.76,-0.49
156,3.78,0.76,-0.29
157,3.78,0.76,-0.18
158,3.79,0.76,-0.1966666666666666
159,3.8,0.77,-0.1433333333333333
160,3.8,0.77,-0.1833333333333333
161,3.8,0.77,-0.1633333333333333
162,3.8,0.77,-0.1266666666666666
163,3.79,0.77,-0.1966666666666666
164,3.79,0.77,-0.24
165,3.79,0.77,-0.2266666666666666
166,3.79,0.77,-0.32
167,3.79,0.77,-0.3466666666666667
168,3.79,0.77,-0.3433333333333333
169,3.79,0.77,-0.3566666666666667
170,3.79,0.77,-0.35
171,3.79,0.76,-0.37
172,3.79,0.76,-0.3866666666666666
173,3.79,0.76,-0.38
174,3.79,0.75,-0.2866666666666667
175,3.79,0.75,-0.28
176,3.8,0.76,-0.2566666666666666
177,3.8,0.76,-0.27
178,3.8,0.76,-0.2733333333333333
179,3.8,0.76,-0.2366666666666666
180,3.81,0.76,-0.1366666666666666
181,3.82,0.77,-0.18
182,3.82,0.77,-0.1833333333333333
183,3.82,0.77,-0.1966666666666666
184,3.82,0.77,-0.23
185,3.82,0.77,-0.3666666666666666
186,3.82,0.77,-0.43
187,3.82,0.78,-0.45
188,3.82,0.78,-0.5
189,3.82,0.78,-0.4666666666666667
190,3.82,0.78,-0.45
191,3.81,0.78,-0.4733333333333333
192,3.81,0.78,-0.5266666666666666
193,3.81,0.78,-0.5333333333333333
194,3.81,0.78,-0.54
195,3.81,0.78,-0.52
196,3.8,0.78,-0.5366666666666666
197,3.8,0.78,-0.5266666666666666
198,3.8,0.78,-0.5433333333333333
199,3.8,0.78,-0.4133333333333333
200,3.8,0.78,-0.3233333333333333
201,3.81,0.77,-0.3533333333333333
202,3.81,0.77,-0.37
203,3.81,0.77,-0.3766666666666666
204,3.81,0.77,-0.3933333333333333
205,3.81,0.77,-0.4166666666666667
206,3.81,0.77,-0.4233333333333333
207,3.81,0.77,-0.42
208,3.82,0.77,-0.4333333333333333
209,3.82,0.77,-0.4333333333333333
210,3.82,0.77,-0.4333333333333333
211,3.82,0.77,-0.4766666666666667
212,3.82,0.77,-0.4766666666666667
213,3.82,0.77,-0.5166666666666667
214,3.82,0.77,-0.5033333333333333
215,3.82,0.77,-0.4966666666666666
216,3.82,0.77,-0.5033333333333333
217,3.82,0.77,-0.5133333333333333
218,3.82,0.77,-0.5733333333333334
219,3.82,0.77,-0.63
220,3.81,0.77,-0.61
221,3.82,0.78,-0.5966666666666667
222,3.82,0.79,-0.4666666666666667
223,3.81,0.79,-0.6833333333333333
224,3.81,0.8,-0.7766666666666666
225,3.8,0.8,-0.7966666666666666
226,3.79,0.8,-0.8266666666666667
227,3.78,0.8,-0.82
228,3.78,0.8,-0.7933333333333333
229,3.78,0.8,-0.78
230,3.77,0.8,-0.86
231,3.77,0.79,-0.9066666666666666
232,3.77,0.79,-0.9033333333333332
233,3.77,0.79,-0.9833333333333332
234,3.77,0.79,-0.9533333333333334
235,3.77,0.79,-1.0266666666666666
236,3.78,0.79,-1.0666666666666669
237,3.82,0.81,-1.07
238,3.83,0.84,-1.11
239,3.85,0.86,-1.1566666666666667
240,3.87,0.88,-1.1866666666666668
241,3.87,0.88,-1.1366666666666667
242,3.88,0.88,-1.1133333333333333
243,3.9,0.88,-1.0666666666666669
244,3.93,0.89,-0.9066666666666666
245,3.94,0.9,-0.89
246,3.94,0.9,-0.8066666666666666
247,3.94,0.9,-0.8633333333333333
248,3.94,0.9,-0.8566666666666667
249,3.94,0.9,-0.8733333333333333
250,3.93,0.9,-0.92
251,3.93,0.89,-0.98
252,3.93,0.88,-1.01
253,3.93,0.87,-1.0366666666666666
254,3.93,0.87,-1.0233333333333334
255,3.93,0.88,-1.0
256,3.93,0.88,-0.99
257,3.92,0.88,-1.0066666666666666
258,3.92,0.88,-1.0033333333333334
259,3.92,0.88,-0.99
260,3.92,0.88,-0.99
261,3.92,0.88,-0.99
262,3.92,0.88,-0.9933333333333332
263,3.92,0.89,-1.0266666666666666
264,3.92,0.89,-1.0333333333333334
265,3.92,0.89,-0.9866666666666668
266,3.92,0.89,-1.0233333333333334
267,3.92,0.89,-1.0266666666666666
268,3.92,0.89,-1.0233333333333334
269,3.91,0.89,-0.9366666666666666
270,3.91,0.89,-0.8866666666666667
271,3.92,0.89,-0.8366666666666667
272,3.92,0.89,-0.8666666666666667
273,3.92,0.88,-0.8633333333333333
274,3.91,0.87,-0.9933333333333332
275,3.91,0.86,-0.73
276,3.91,0.86,-0.5833333333333334
277,3.9,0.85,-0.39
278,3.9,0.85,-0.19
279,3.89,0.83,-0.1366666666666666
280,3.88,0.83,-0.1966666666666666
281,3.86,0.82,-0.3433333333333333
282,3.85,0.81,-0.2333333333333333
283,3.83,0.81,-0.1866666666666666
284,3.83,0.81,-0.2633333333333333
285,3.83,0.81,-0.33
286,3.83,0.82,-0.4733333333333333
287,3.83,0.82,-0.4966666666666666
288,3.83,0.82,-0.6133333333333333
289,3.83,0.82,-0.69
290,3.83,0.82,-0.7033333333333334
291,3.83,0.82,-0.6366666666666667
292,3.83,0.82,-0.69
293,3.83,0.82,-0.5566666666666666
294,3.83,0.81,-0.5166666666666667
295,3.83,0.81,-0.47
296,3.82,0.81,-0.4866666666666667
297,3.82,0.81,-0.4866666666666667
298,3.82,0.81,-0.49
299,3.82,0.81,-0.5133333333333333
300,3.82,0.81,-0.5633333333333334
301,3.82,0.82,-0.56
302,3.83,0.82,-0.5266666666666666
303,3.83,0.82,-0.46
304,3.83,0.82,-0.47
305,3.83,0.82,-0.4833333333333333
306,3.83,0.82,-0.48
307,3.83,0.82,-0.5033333333333333
308,3.83,0.82,-0.5566666666666666
309,3.83,0.82,-0.5733333333333334
310,3.83,0.82,-0.5866666666666667
311,3.83,0.81,-0.5766666666666667
312,3.83,0.81,-0.5733333333333334
313,3.83,0.81,-0.5666666666666667
314,3.83,0.81,-0.5666666666666667
315,3.83,0.81,-0.5933333333333334
316,3.83,0.81,-0.5966666666666667
317,3.83,0.81,-0.5966666666666667
318,3.83,0.81,-0.5833333333333334
319,3.82,0.81,-0.5833333333333334
320,3.82,0.81,-0.58
321,3.82,0.81,-0.58
322,3.82,0.81,-0.5733333333333334
323,3.82,0.81,-0.59
324,3.82,0.81,-0.59
325,3.82,0.81,-0.5866666666666667
326,3.82,0.8,-0.59
327,3.82,0.8,-0.5366666666666666
328,3.82,0.8,-0.54
329,3.82,0.8,-0.54
330,3.82,0.8,-0.54
331,3.82,0.8,-0.54
332,3.82,0.8,-0.5266666666666666
333,3.82,0.8,-0.5266666666666666
334,3.82,0.8,-0.52
335,3.82,0.8,-0.56
336,3.82,0.8,-0.5966666666666667
337,3.82,0.8,-0.59
338,3.82,0.8,-0.7966666666666666
339,3.82,0.8,-0.7766666666666666
340,3.82,0.8,-0.8033333333333333
341,3.82,0.8,-0.7666666666666667
342,3.82,0.8,-0.7833333333333333
343,3.82,0.8,-0.8066666666666666
344,3.82,0.8,-0.8933333333333333
345,3.82,0.8,-0.9666666666666668
346,3.82,0.8,-0.9233333333333332
347,3.82,0.79,-0.9966666666666668
348,3.82,0.79,-1.106666666666667
349,3.82,0.79,-1.12
350,3.82,0.79,-1.15
351,3.82,0.78,-1.1233333333333333
352,3.82,0.78,-1.1266666666666667
353,3.82,0.79,-1.1866666666666668
354,3.82,0.8,-1.2733333333333334
355,3.83,0.8,-1.22
356,3.83,0.81,-1.16
357,3.84,0.82,-1.14
358,3.85,0.82,-1.1366666666666667
359,3.85,0.82,-1.143333333333333
360,3.86,0.82,-1.1666666666666667
361,3.86,0.83,-1.21
362,3.86,0.83,-1.1933333333333334
363,3.86,0.83,-1.1466666666666667
364,3.86,0.84,-1.1266666666666667
365,3.87,0.84,-1.096666666666667
366,3.87,0.84,-1.096666666666667
367,3.87,0.84,-1.04
368,3.87,0.84,-0.96
369,3.87,0.84,-0.7166666666666667
370,3.87,0.84,-0.6033333333333334
371,3.87,0.85,-0.6166666666666667
372,3.87,0.85,-0.3866666666666666
373,3.87,0.84,-0.5166666666666667
374,3.86,0.84,-0.5966666666666667
375,3.86,0.84,-0.53
376,3.86,0.84,-0.49
377,3.85,0.84,-0.4866666666666667
378,3.85,0.84,-0.52
379,3.85,0.83,-0.46
380,3.85,0.83,-0.46
381,3.85,0.81,-0.5533333333333333
382,3.84,0.79,-0.5733333333333334
383,3.84,0.78,-0.5566666666666666
384,3.84,0.78,-0.5533333333333333
385,3.84,0.77,-0.43
386,3.84,0.77,-0.42
387,3.84,0.77,-0.4233333333333333
388,3.83,0.77,-0.3633333333333333
389,3.83,0.77,-0.3066666666666666
390,3.83,0.77,-0.3233333333333333
391,3.83,0.77,-0.25
392,3.83,0.77,-0.2566666666666666
393,3.83,0.77,-0.29
394,3.83,0.77,-0.37
395,3.82,0.77,-0.4333333333333333
396,3.82,0.76,-0.4566666666666666
397,3.82,0.76,-0.5433333333333333
398,3.82,0.76,-0.5833333333333334
399,3.82,0.76,-0.6066666666666667
400,3.82,0.76,-0.6
401,3.82,0.76,-0.62
402,3.82,0.76,-0.6033333333333334
403,3.82,0.76,-0.6133333333333333
404,3.82,0.76,-0.6166666666666667
405,3.82,0.76,-0.6133333333333333
406,3.82,0.76,-0.61
407,3.82,0.76,-0.5966666666666667
408,3.82,0.76,-0.5933333333333334
409,3.82,0.76,-0.59
410,3.82,0.76,-0.5533333333333333
411,3.82,0.76,-0.54
412,3.82,0.76,-0.5233333333333333
413,3.83,0.76,-0.5166666666666667
414,3.83,0.77,-0.52
415,3.83,0.77,-0.5
416,3.83,0.78,-0.48
417,3.83,0.78,-0.37
418,3.83,0.8,-0.3966666666666666
419,3.83,0.81,-0.4566666666666666
420,3.83,0.82,-0.7733333333333333
421,3.83,0.82,-0.82
422,3.83,0.82,-0.9166666666666666
423,3.84,0.82,-0.8833333333333333
424,3.84,0.81,-0.9033333333333332
425,3.85,0.82,-0.9966666666666668
426,3.85,0.82,-1.0233333333333334
427,3.85,0.83,-1.0066666666666666
428,3.85,0.84,-0.9466666666666668
429,3.85,0.85,-0.9566666666666668
430,3.85,0.88,-0.94
431,3.85,0.91,-1.0933333333333333
432,3.85,0.93,-1.1666666666666667
433,3.84,0.97,-1.2733333333333334
434,3.84,0.99,-1.2733333333333334
435,3.83,1.01,-1.28
436,3.84,1.05,-1.3866666666666667
437,3.86,1.09,-1.2866666666666666
438,3.91,1.13,-1.29
439,3.94,1.15,-1.26
440,3.99,1.17,-1.25
441,4.03,1.2,-1.2466666666666666
442,4.07,1.22,-1.2433333333333334
443,4.09,1.22,-1.2533333333333334
444,4.09,1.23,-1.1833333333333331
445,4.09,1.22,-0.9133333333333332
446,4.08,1.21,-0.7766666666666666
447,4.08,1.21,-0.8466666666666667
448,4.09,1.21,-0.86
449,4.1,1.21,-0.9166666666666666
450,4.13,1.22,-0.88
451,4.15,1.22,-0.76
452,4.17,1.22,-0.6433333333333333
453,4.18,1.22,-0.61
454,4.18,1.22,-0.6933333333333334
455,4.18,1.22,-0.7433333333333333
456,4.19,1.22,-0.89
457,4.2,1.23,-0.9733333333333334
458,4.2,1.23,-1.0333333333333334
459,4.2,1.23,-1.04
460,4.2,1.23,-1.06
461,4.19,1.23,-1.0266666666666666
462,4.17,1.18,-0.98
463,4.15,1.16,-0.9233333333333332
464,4.14,1.16,-0.9033333333333332
465,4.14,1.16,-0.8933333333333333
466,4.14,1.17,-0.8966666666666666
467,4.14,1.18,-0.8966666666666666
468,4.13,1.18,-0.9
469,4.12,1.19,-0.9166666666666666
470,4.12,1.19,-0.9466666666666668
471,4.12,1.19,-0.9466666666666668
472,4.12,1.19,-0.9366666666666666
473,4.11,1.2,-0.9366666666666666
474,4.11,1.21,-0.9633333333333334
475,4.11,1.22,-0.99
476,4.1,1.23,-0.99
477,4.07,1.23,-0.9866666666666668
478,4.05,1.23,-0.9233333333333332
479,4.02,1.23,-0.9266666666666666
480,4.01,1.22,-0.9866666666666668
481,3.99,1.22,-1.0566666666666666
482,3.97,1.2,-1.04
483,3.94,1.19,-1.0766666666666669
484,3.92,1.17,-1.08
485,3.9,1.14,-1.0933333333333333
486,3.88,1.11,-1.1
487,3.86,1.07,-1.35
488,3.84,1.03,-1.3433333333333333
489,3.82,1.01,-1.27
490,3.8,0.98,-1.1833333333333331
491,3.81,0.97,-0.9866666666666668
492,3.8,0.96,-0.7766666666666666
493,3.8,0.94,-0.5533333333333333
494,3.8,0.92,-0.6266666666666667
495,3.8,0.89,-0.6666666666666666
496,3.81,0.89,-0.7233333333333334
497,3.81,0.89,-0.7566666666666667
498,3.81,0.88,-0.6533333333333333
499,3.81,0.88,-0.7166666666666667
500,3.81,0.88,-0.7133333333333334
501,3.81,0.88,-0.52
502,3.81,0.87,-0.5266666666666666
503,3.81,0.87,-0.38
504,3.81,0.87,-0.19
505,3.8,0.85,-0.1766666666666666
506,3.78,0.82,-0.2233333333333333
507,3.78,0.81,-0.37
508,3.76,0.77,-0.6533333333333333
509,3.75,0.75,-0.6833333333333333
510,3.75,0.75,-0.6233333333333333
511,3.76,0.76,-0.6133333333333333
512,3.76,0.76,-0.61
513,3.75,0.76,-0.63
514,3.75,0.76,-0.74
515,3.74,0.76,-0.76
516,3.74,0.76,-0.74
517,3.74,0.75,-0.7133333333333334
518,3.73,0.75,-0.7033333333333334
519,3.73,0.74,-0.7033333333333334
520,3.73,0.74,-0.7066666666666667
521,3.73,0.74,-0.7033333333333334
522,3.73,0.74,-0.69
523,3.73,0.74,-0.6866666666666666
524,3.73,0.74,-0.6533333333333333
525,3.73,0.74,-0.58
526,3.73,0.74,-0.5933333333333334
527,3.73,0.74,-0.6366666666666667
528,3.73,0.74,-0.68
529,3.73,0.73,-0.7333333333333333
530,3.73,0.73,-0.6533333333333333
531,3.73,0.73,-0.59
532,3.73,0.73,-0.57
533,3.73,0.73,-0.58
534,3.73,0.73,-0.6
535,3.73,0.73,-0.62
536,3.73,0.72,-0.6766666666666666
537,3.73,0.72,-0.6733333333333333
538,3.73,0.71,-0.6733333333333333
539,3.73,0.71,-0.6766666666666666
540,3.73,0.71,-0.69
541,3.73,0.71,-0.72
542,3.73,0.71,-0.7133333333333334
543,3.73,0.71,-0.7066666666666667
544,3.73,0.71,-0.7
545,3.73,0.72,-0.6533333333333333
546,3.73,0.72,-0.57
547,3.74,0.72,-0.4533333333333333
548,3.74,0.73,-0.3666666666666666
549,3.74,0.73,-0.4
550,3.74,0.73,-0.4466666666666666
551,3.74,0.73,-0.39
552,3.74,0.73,-0.31
553,3.74,0.74,-0.2666666666666666
554,3.74,0.74,-0.1666666666666666
555,3.74,0.75,-0.17
556,3.74,0.75,-0.1766666666666666
557,3.74,0.75,-0.1866666666666666
558,3.74,0.75,-0.3533333333333333
559,3.74,0.75,-0.38
560,3.73,0.75,-0.52
561,3.73,0.76,-0.64
562,3.72,0.78,-0.5433333333333333
563,3.71,0.8,-0.4566666666666666
564,3.7,0.82,-0.4733333333333333
565,3.7,0.86,-0.4633333333333333
566,3.71,0.9,-0.52
567,3.7,0.92,-0.5366666666666666
568,3.7,0.92,-0.7066666666666667
569,3.7,0.93,-0.7266666666666667
570,3.7,0.94,-0.7133333333333334
571,3.7,0.94,-0.5466666666666666
572,3.7,0.95,-0.4766666666666667
573,3.7,0.95,-0.4733333333333333
574,3.71,0.97,-0.4
575,3.71,0.98,-0.5033333333333333
576,3.71,0.99,-0.6466666666666666
577,3.71,1.0,-0.7633333333333333
578,3.71,1.01,-0.7766666666666666
579,3.71,1.03,-0.7866666666666666
580,3.71,1.03,-0.78
581,3.71,1.03,-0.7333333333333333
582,3.71,1.03,-0.67
583,3.71,1.03,-0.66
584,3.71,1.03,-0.6833333333333333
585,3.71,1.03,-0.6833333333333333
586,3.71,1.03,-0.68
587,3.71,1.03,-0.67
588,3.71,1.03,-0.69
589,3.71,1.04,-0.6566666666666666
590,3.71,1.04,-0.6
591,3.71,1.04,-0.5633333333333334
592,3.72,1.04,-0.5066666666666667
593,3.72,1.04,-0.49
594,3.72,1.04,-0.5166666666666667
595,3.73,1.04,-0.5166666666666667
596,3.74,1.04,-0.5
597,3.75,1.05,-0.5
598,3.76,1.05,-0.5133333333333333
599,3.76,1.05,-0.4766666666666667
600,3.76,1.05,-0.4833333333333333
601,3.76,1.05,-0.46
602,3.76,1.05,-0.5133333333333333
603,3.76,1.05,-0.5133333333333333
604,3.77,1.05,-0.57
605,3.77,1.05,-0.5533333333333333
606,3.77,1.05,-0.51
607,3.77,1.05,-0.4933333333333333
608,3.77,1.05,-0.49
609,3.78,1.05,-0.5966666666666667
610,3.78,1.05,-0.6666666666666666
611,3.78,1.05,-0.7
612,3.78,1.05,-0.73
613,3.79,1.05,-0.6933333333333334
614,3.79,1.05,-0.6266666666666667
615,3.79,1.05,-0.5233333333333333
616,3.79,1.05,-0.48
617,3.79,1.05,-0.4166666666666667
618,3.79,1.05,-0.3533333333333333
619,3.79,1.05,-0.41
620,3.79,1.05,-0.38
621,3.79,1.05,-0.4066666666666667
622,3.79,1.05,-0.4566666666666666
623,3.79,1.05,-0.51
624,3.79,1.05,-0.54
625,3.79,1.05,-0.6033333333333334
626,3.79,1.05,-0.72
627,3.78,1.05,-0.9
628,3.78,1.05,-0.9366666666666666
629,3.78,1.05,-0.9966666666666668
630,3.78,1.05,-1.06
631,3.77,1.02,-1.11
632,3.77,1.02,-1.106666666666667
633,3.76,0.97,-1.05
634,3.76,0.95,-1.1966666666666668
635,3.76,0.94,-1.1933333333333334
636,3.76,0.94,-1.2033333333333334
637,3.77,0.94,-1.1733333333333331
638,3.78,0.92,-1.1366666666666667
639,3.78,0.91,-1.1233333333333333
640,3.78,0.89,-0.9433333333333334
641,3.79,0.89,-0.8266666666666667
642,3.79,0.85,-0.7366666666666667
643,3.79,0.83,-0.5566666666666666
644,3.79,0.84,-0.4966666666666666
645,3.79,0.84,-0.38
646,3.79,0.84,-0.1866666666666666
647,3.8,0.84,-0.1866666666666666
648,3.8,0.83,-0.24
649,3.79,0.81,-0.24
650,3.78,0.81,-0.31
651,3.77,0.79,-0.28
652,3.76,0.79,-0.1233333333333333
653,3.75,0.78,-0.18
654,3.75,0.78,-0.08
655,3.74,0.77,-0.1733333333333333
656,3.72,0.76,-0.2333333333333333
657,3.71,0.75,-0.3033333333333333
658,3.71,0.74,-0.3033333333333333
659,3.71,0.74,-0.3466666666666667
660,3.71,0.74,-0.3566666666666667
661,3.72,0.74,-0.3666666666666666
662,3.72,0.74,-0.5666666666666667
663,3.72,0.72,-0.5933333333333334
664,3.72,0.72,-0.6
665,3.72,0.72,-0.7433333333333333
666,3.72,0.7,-0.7966666666666666
667,3.71,0.7,-0.7766666666666666
668,3.71,0.71,-0.7166666666666667
669,3.71,0.7,-0.6833333333333333
670,3.71,0.69,-0.5166666666666667
671,3.71,0.68,-0.5333333333333333
672,3.71,0.67,-0.5433333333333333
673,3.71,0.66,-0.49
674,3.71,0.66,-0.42
675,3.71,0.66,-0.4433333333333333
676,3.71,0.66,-0.43
677,3.71,0.66,-0.48
678,3.71,0.66,-0.4766666666666667
679,3.7,0.66,-0.4566666666666666
680,3.7,0.66,-0.5133333333333333
681,3.7,0.66,-0.5166666666666667
682,3.7,0.66,-0.4966666666666666
683,3.7,0.66,-0.49
684,3.69,0.66,-0.54
685,3.69,0.66,-0.5833333333333334
686,3.68,0.66,-0.57
687,3.68,0.66,-0.5
688,3.68,0.66,-0.4866666666666667
689,3.69,0.66,-0.4466666666666666
690,3.69,0.66,-0.37
691,3.7,0.67,-0.3666666666666666
692,3.7,0.67,-0.39
693,3.7,0.68,-0.38
694,3.7,0.68,-0.3533333333333333
695,3.7,0.7,-0.36
696,3.7,0.71,-0.3366666666666666
697,3.7,0.72,-0.35
698,3.7,0.72,-0.3533333333333333
699,3.7,0.73,-0.4133333333333333
700,3.71,0.73,-0.4233333333333333
701,3.71,0.74,-0.52
702,3.71,0.74,-0.72
703,3.71,0.74,-0.66
704,3.72,0.75,-0.67
705,3.72,0.75,-0.6266666666666667
706,3.72,0.75,-0.61
707,3.72,0.75,-0.8533333333333334
708,3.72,0.75,-0.85
709,3.73,0.75,-0.7666666666666667
710,3.73,0.75,-0.7433333333333333
711,3.73,0.75,-0.8033333333333333
712,3.73,0.75,-0.8633333333333333
713,3.73,0.76,-0.8533333333333334
714,3.73,0.76,-0.8366666666666667
715,3.73,0.76,-0.9466666666666668
716,3.73,0.76,-1.0166666666666666
717,3.74,0.77,-0.9733333333333334
718,3.75,0.77,-0.9666666666666668
719,3.75,0.77,-0.9466666666666668
720,3.76,0.8,-0.9566666666666668
721,3.77,0.82,-0.8966666666666666
722,3.77,0.83,-0.9733333333333334
723,3.77,0.83,-0.9833333333333332
724,3.77,0.83,-0.95
725,3.78,0.83,-0.8766666666666667
726,3.79,0.83,-0.88
727,3.79,0.83,-0.8666666666666667
728,3.79,0.83,-0.8866666666666667
729,3.78,0.82,-0.96
730,3.77,0.82,-1.0066666666666666
731,3.77,0.81,-1.0133333333333334
732,3.76,0.8,-1.0266666666666666
733,3.75,0.8,-1.0233333333333334
734,3.75,0.8,-1.0133333333333334
735,3.75,0.79,-1.0366666666666666
736,3.75,0.79,-1.0366666666666666
737,3.75,0.79,-1.0466666666666666
738,3.75,0.79,-1.05
739,3.75,0.79,-1.0766666666666669
740,3.75,0.79,-1.0766666666666669
741,3.75,0.79,-1.0733333333333333
742,3.75,0.79,-1.0766666666666669
743,3.76,0.8,-1.0833333333333333
744,3.76,0.8,-1.0833333333333333
745,3.76,0.8,-1.1033333333333333
746,3.76,0.8,-1.1
747,3.76,0.8,-1.08
748,3.77,0.8,-1.0833333333333333
749,3.77,0.8,-1.0833333333333333
750,3.76,0.8,-1.04
751,3.76,0.8,-1.0166666666666666
752,3.76,0.8,-0.8466666666666667
753,3.77,0.83,-0.8833333333333333
754,3.77,0.84,-0.92
755,3.78,0.86,-0.9766666666666668
756,3.78,0.89,-0.94
757,3.78,0.94,-0.82
758,3.78,0.97,-0.8566666666666667
759,3.78,1.0,-1.2133333333333334
760,3.78,1.05,-1.2733333333333334
761,3.79,1.09,-1.2333333333333334
762,3.81,1.1,-1.0033333333333334
763,3.83,1.11,-0.98
764,3.87,1.14,-1.0033333333333334
765,3.9,1.16,-1.0266666666666666
766,3.94,1.16,-1.11
767,3.95,1.16,-1.1166666666666667
768,3.97,1.17,-1.14
769,3.98,1.17,-1.153333333333333
770,3.98,1.16,-0.96
771,3.98,1.16,-0.9
772,3.99,1.16,-0.9033333333333332
773,3.99,1.16,-0.8333333333333334
774,3.99,1.16,-0.81
775,3.99,1.16,-0.78
776,3.99,1.16,-0.76
777,3.99,1.16,-0.7966666666666666
778,4.01,1.16,-0.8066666666666666
779,4.04,1.16,-0.8866666666666667
780,4.07,1.16,-1.0133333333333334
781,4.09,1.17,-1.0533333333333332
782,4.1,1.18,-1.03
783,4.09,1.17,-1.0266666666666666
784,4.09,1.17,-1.0466666666666666
785,4.1,1.17,-1.0433333333333332
786,4.09,1.17,-1.0366666666666666
787,4.09,1.17,-1.0333333333333334
788,4.09,1.16,-1.01
789,4.09,1.15,-0.9866666666666668
790,4.09,1.15,-0.96
791,4.09,1.15,-0.9566666666666668
792,4.09,1.15,-0.9533333333333334
793,4.09,1.15,-0.9533333333333334
794,4.08,1.15,-0.95
795,4.08,1.15,-0.9366666666666666
796,4.08,1.15,-0.91
797,4.07,1.14,-0.89
798,4.06,1.13,-0.8766666666666667
799,4.05,1.12,-0.8733333333333333
800,4.04,1.12,-0.8766666666666667
801,4.03,1.12,-0.87
802,4.02,1.12,-0.8733333333333333
803,4.01,1.12,-0.8766666666666667
804,4.0,1.12,-0.88
805,3.99,1.13,-0.88
806,3.97,1.14,-0.88
807,3.95,1.15,-0.8633333333333333
808,3.93,1.15,-0.85
809,3.9,1.15,-0.8733333333333333
810,3.87,1.15,-0.9366666666666666
811,3.84,1.15,-0.93
812,3.83,1.15,-0.8666666666666667
813,3.81,1.14,-0.8633333333333333
814,3.81,1.14,-0.9433333333333334
815,3.78,1.13,-0.94
816,3.78,1.11,-0.9366666666666666
817,3.78,1.09,-0.9433333333333334
818,3.77,1.05,-1.01
819,3.77,1.03,-1.0933333333333333
820,3.76,1.01,-1.2066666666666668
821,3.75,0.99,-1.1766666666666667
822,3.73,0.95,-1.15
823,3.71,0.93,-0.8933333333333333
824,3.7,0.92,-0.8666666666666667
825,3.69,0.92,-0.7666666666666667
826,3.66,0.9,-0.59
827,3.66,0.88,-0.6366666666666667
828,3.66,0.87,-0.4566666666666666
829,3.66,0.83,-0.3633333333333333
830,3.67,0.8,-0.2633333333333333
831,3.66,0.77,-0.2666666666666666
832,3.66,0.77,-0.1833333333333333
833,3.66,0.76,-0.1766666666666666
834,3.65,0.74,-0.2633333333333333
835,3.65,0.72,-0.19
836,3.65,0.73,-0.11
837,3.64,0.73,-0.08
838,3.64,0.73,-0.1633333333333333
839,3.64,0.73,-0.32
840,3.65,0.72,-0.5466666666666666
841,3.64,0.73,-0.56
842,3.63,0.72,-0.6266666666666667
843,3.62,0.71,-0.5966666666666667
844,3.6,0.68,-0.6666666666666666
845,3.6,0.68,-0.5966666666666667
846,3.6,0.68,-0.6166666666666667
847,3.59,0.68,-0.57
848,3.59,0.68,-0.4666666666666667
849,3.59,0.68,-0.4366666666666666
850,3.59,0.68,-0.3766666666666666
851,3.59,0.68,-0.2533333333333333
852,3.59,0.68,-0.3166666666666666
853,3.58,0.68,-0.3466666666666667
854,3.58,0.67,-0.36
855,3.58,0.67,-0.3133333333333333
856,3.59,0.66,-0.3133333333333333
857,3.59,0.66,-0.25
858,3.59,0.66,-0.19
859,3.59,0.67,-0.2333333333333333
860,3.59,0.67,-0.42
861,3.59,0.68,-0.46
862,3.59,0.68,-0.4433333333333333
863,3.59,0.68,-0.46
864,3.59,0.68,-0.4566666666666666
865,3.59,0.68,-0.4633333333333333
866,3.59,0.68,-0.4566666666666666
867,3.58,0.68,-0.4533333333333333
868,3.58,0.68,-0.4233333333333333
869,3.58,0.68,-0.42
870,3.58,0.68,-0.42
871,3.58,0.68,-0.4733333333333333
872,3.58,0.68,-0.5333333333333333
873,3.59,0.69,-0.5366666666666666
874,3.6,0.69,-0.5433333333333333
875,3.6,0.7,-0.5366666666666666
876,3.6,0.7,-0.4966666666666666
877,3.6,0.7,-0.5666666666666667
878,3.6,0.7,-0.64
879,3.6,0.71,-0.6266666666666667
880,3.6,0.72,-0.6066666666666667
881,3.61,0.73,-0.58
882,3.61,0.74,-0.54
883,3.61,0.74,-0.54
884,3.62,0.74,-0.8333333333333334
885,3.63,0.74,-0.8633333333333333
886,3.64,0.74,-0.79
887,3.65,0.74,-0.7666666666666667
888,3.66,0.75,-0.7766666666666666
889,3.66,0.75,-0.84
890,3.66,0.75,-0.8266666666666667
891,3.66,0.75,-0.8066666666666666
892,3.66,0.76,-0.8033333333333333
893,3.67,0.76,-0.7966666666666666
894,3.67,0.76,-0.9033333333333332
895,3.68,0.81,-0.8633333333333333
896,3.7,0.86,-0.9066666666666666
897,3.72,0.9,-0.8466666666666667
898,3.75,0.95,-1.0833333333333333
899,3.78,1.0,-1.0333333333333334
900,3.78,1.02,-1.0433333333333332
901,3.81,1.06,-1.0066666666666666
902,3.84,1.11,-1.0033333333333334
903,3.91,1.14,-0.9633333333333334
904,3.93,1.15,-0.94
905,3.96,1.15,-0.8866666666666667
906,3.98,1.14,-0.62
907,3.99,1.14,-0.6766666666666666
908,4.04,1.15,-0.7266666666666667
909,4.08,1.18,-0.9733333333333334
910,4.09,1.2,-0.7266666666666667
911,4.1,1.2,-0.5666666666666667
912,4.12,1.23,-0.5833333333333334
913,4.12,1.24,-0.6133333333333333
914,4.12,1.24,-0.65
915,4.12,1.24,-0.4
916,4.11,1.24,-0.2833333333333333
917,4.11,1.24,-0.3
918,4.11,1.24,-0.28
919,4.11,1.24,-0.1033333333333333
920,4.11,1.24,-0.1433333333333333
921,4.11,1.24,-0.2433333333333333
922,4.11,1.23,-0.3466666666666667
923,4.12,1.23,-0.38
924,4.13,1.23,-0.3766666666666666
925,4.13,1.23,-0.37
926,4.14,1.23,-0.3666666666666666
927,4.14,1.23,-0.3633333333333333
928,4.13,1.23,-0.3933333333333333
929,4.13,1.23,-0.4366666666666666
930,4.13,1.23,-0.39
931,4.13,1.22,-0.39
932,4.13,1.22,-0.41
933,4.13,1.22,-0.48
934,4.13,1.22,-0.46
935,4.13,1.22,-0.5233333333333333
936,4.12,1.21,-0.5966666666666667
937,4.11,1.21,-0.5533333333333333
938,4.11,1.21,-0.5633333333333334
939,4.1,1.21,-0.5433333333333333
940,4.1,1.22,-0.4766666666666667
941,4.09,1.22,-0.38
942,4.08,1.22,-0.35
943,4.06,1.22,-0.37
944,4.04,1.22,-0.36
945,4.02,1.22,-0.4733333333333333
946,4.0,1.22,-0.6466666666666666
947,3.99,1.21,-0.68
948,3.97,1.2,-0.6433333333333333
949,3.94,1.18,-0.6866666666666666
950,3.92,1.15,-0.7533333333333333
951,3.91,1.11,-0.8033333333333333
952,3.91,1.09,-0.7666666666666667
953,3.89,1.06,-0.7566666666666667
954,3.89,1.06,-0.75
955,3.88,1.05,-0.65
956,3.88,1.03,-0.3566666666666667
957,3.88,1.02,-0.4166666666666667
958,3.86,1.0,-0.27
959,3.84,0.98,-0.14
960,3.83,0.97,-0.3033333333333333
961,3.83,0.95,-0.32
962,3.83,0.94,-0.3466666666666667
963,3.83,0.9,-0.2166666666666666
964,3.83,0.9,-0.24
965,3.82,0.9,-0.2433333333333333
966,3.81,0.88,-0.1766666666666666
967,3.8,0.87,-0.04
968,3.8,0.85,0.0333333333333333
969,3.8,0.85,-0.08
970,3.8,0.83,-0.0833333333333333
971,3.8,0.8,0.1366666666666666
972,3.8,0.79,0.0133333333333333
973,3.79,0.79,-0.03
974,3.79,0.76,-0.1566666666666666
975,3.79,0.77,-0.3033333333333333
976,3.78,0.77,-0.3866666666666666
977,3.78,0.77,-0.4933333333333333
978,3.78,0.78,-0.5933333333333334
979,3.78,0.79,-0.6333333333333333
980,3.78,0.8,-0.6766666666666666
981,3.77,0.8,-0.7566666666666667
982,3.78,0.8,-0.72
983,3.78,0.8,-0.65
984,3.78,0.8,-0.7166666666666667
985,3.78,0.8,-0.75
986,3.78,0.79,-0.7666666666666667
987,3.78,0.79,-0.7266666666666667
988,3.78,0.78,-0.6533333333333333
989,3.78,0.78,-0.5333333333333333
990,3.78,0.78,-0.5033333333333333
991,3.78,0.77,-0.46
992,3.78,0.77,-0.49
993,3.77,0.77,-0.49
994,3.77,0.77,-0.45
995,3.78,0.77,-0.3966666666666666
996,3.78,0.77,-0.43
997,3.77,0.77,-0.42
998,3.77,0.77,-0.43
999,3.77,0.77,-0.48
1000,3.77,0.77,-0.4533333333333333
1001,3.77,0.77,-0.4533333333333333
1002,3.77,0.77,-0.4566666666666666
1003,3.77,0.76,-0.4966666666666666
1004,3.77,0.76,-0.5866666666666667
1005,3.77,0.76,-0.5933333333333334
1006,3.77,0.76,-0.6033333333333334
1007,3.77,0.76,-0.5966666666666667
1008,3.77,0.76,-0.58
1009,3.77,0.76,-0.4766666666666667
1010,3.77,0.76,-0.4633333333333333
1011,3.77,0.76,-0.4666666666666667
1012,3.77,0.76,-0.4933333333333333
1013,3.77,0.76,-0.49
1014,3.77,0.76,-0.4933333333333333
1015,3.77,0.76,-0.5033333333333333
1016,3.77,0.76,-0.45
1017,3.77,0.76,-0.34
1018,3.77,0.76,-0.3033333333333333
1019,3.77,0.76,-0.2733333333333333
1020,3.77,0.76,-0.2833333333333333
1021,3.77,0.76,-0.3166666666666666
1022,3.77,0.77,-0.2266666666666666
1023,3.77,0.77,-0.2233333333333333
1024,3.78,0.79,-0.2533333333333333
1025,3.78,0.79,-0.2333333333333333
1026,3.78,0.8,-0.2433333333333333
1027,3.78,0.81,-0.2033333333333333
1028,3.78,0.82,-0.2966666666666667
1029,3.77,0.82,-0.4166666666666667
1030,3.76,0.82,-0.3933333333333333
1031,3.76,0.82,-0.4033333333333333
1032,3.76,0.82,-0.4533333333333333
1033,3.76,0.82,-0.4433333333333333
1034,3.75,0.8,-0.38
1035,3.75,0.79,-0.2133333333333333
1036,3.75,0.78,-0.3366666666666666
1037,3.76,0.78,-0.3733333333333333
1038,3.79,0.77,-0.3733333333333333
1039,3.82,0.78,-0.3733333333333333
1040,3.83,0.78,-0.6133333333333333
1041,3.87,0.84,-0.5266666666666666
1042,3.92,0.88,-0.5166666666666667
1043,3.94,0.93,-0.6433333333333333
1044,3.97,0.97,-0.71
1045,3.96,0.97,-0.7966666666666666
1046,3.96,0.96,-0.78
1047,3.95,0.98,-0.4766666666666667
1048,3.95,0.97,-0.5466666666666666
1049,3.94,0.95,-0.58
1050,3.94,0.95,-0.6233333333333333
1051,3.94,0.94,-0.72
1052,3.94,0.96,-0.7666666666666667
1053,3.94,1.0,-0.8833333333333333
1054,3.94,1.0,-1.0266666666666666
1055,3.95,1.03,-0.9
1056,3.94,1.02,-0.9366666666666666
1057,3.93,1.02,-1.02
1058,3.93,1.01,-0.9966666666666668
1059,3.91,1.01,-1.0533333333333332
1060,3.9,1.01,-1.0833333333333333
1061,3.89,1.01,-1.12
1062,3.87,1.01,-1.13
1063,3.87,1.02,-1.163333333333333
1064,3.86,1.03,-1.163333333333333
1065,3.86,1.03,-1.2666666666666666
1066,3.85,1.03,-1.28
1067,3.85,1.02,-1.2833333333333334
1068,3.85,1.01,-1.41
1069,3.85,1.01,-1.4766666666666666
1070,3.86,1.01,-1.5233333333333334
1071,3.86,0.99,-1.67
1072,3.88,0.99,-1.4366666666666668
1073,3.88,0.98,-1.53
1074,3.88,0.98,-1.5033333333333334
1075,3.88,0.98,-1.3733333333333333
1076,3.87,0.98,-1.2733333333333334
1077,3.85,0.98,-1.2866666666666666
1078,3.83,0.98,-1.2033333333333334
1079,3.8,0.98,-1.1033333333333333
1080,3.78,0.97,-1.096666666666667
1081,3.77,0.97,-0.8866666666666667
1082,3.76,0.96,-0.7133333333333334
1083,3.76,0.96,-0.54
1084,3.75,0.94,-0.4466666666666666
1085,3.75,0.93,-0.34
1086,3.75,0.92,-0.24
1087,3.75,0.92,-0.1966666666666666
1088,3.75,0.91,-0.02
1089,3.75,0.91,0.0333333333333333
1090,3.75,0.9,-0.0966666666666666
1091,3.75,0.88,-0.04
1092,3.74,0.88,0.09
1093,3.74,0.86,0.09
1094,3.74,0.85,0.23
1095,3.74,0.83,0.1633333333333333
1096,3.74,0.83,0.27
1097,3.74,0.83,0.2766666666666666
1098,3.74,0.82,0.38
1099,3.74,0.8,0.27
1100,3.73,0.78,0.2866666666666667
1101,3.74,0.78,0.3
1102,3.74,0.78,0.3233333333333333
1103,3.74,0.78,0.3333333333333333
1104,3.74,0.78,0.3633333333333333
1105,3.74,0.78,0.4033333333333333
1106,3.74,0.78,0.34
1107,3.75,0.79,0.34
1108,3.75,0.78,0.28
1109,3.75,0.78,0.2733333333333333
1110,3.75,0.78,0.0933333333333333
1111,3.75,0.78,0.08
1112,3.75,0.78,-0.1033333333333333
1113,3.74,0.78,-0.2066666666666666
1114,3.74,0.77,-0.2633333333333333
1115,3.74,0.76,-0.1566666666666666
1116,3.74,0.76,-0.1666666666666666
1117,3.74,0.75,-0.1233333333333333
1118,3.74,0.75,-0.0966666666666666
1119,3.74,0.74,-0.1133333333333333
1120,3.74,0.73,-0.1266666666666666
1121,3.74,0.72,-0.1066666666666666
1122,3.74,0.72,-0.1333333333333333
1123,3.74,0.72,-0.1766666666666666
1124,3.74,0.72,-0.2733333333333333
1125,3.74,0.72,-0.3066666666666666
1126,3.74,0.72,-0.2533333333333333
1127,3.74,0.72,-0.23
1128,3.74,0.72,-0.23
1129,3.74,0.72,-0.09
1130,3.73,0.72,0.0
1131,3.74,0.72,0.04
1132,3.74,0.73,0.03
1133,3.74,0.73,0.0133333333333333
1134,3.74,0.73,-0.0733333333333333
1135,3.74,0.73,-0.2233333333333333
1136,3.74,0.74,-0.1833333333333333
1137,3.74,0.75,-0.3266666666666666
1138,3.75,0.77,-0.3466666666666667
1139,3.75,0.78,-0.3933333333333333
1140,3.75,0.78,-0.4566666666666666
1141,3.75,0.79,-0.4433333333333333
1142,3.75,0.79,-0.4
1143,3.74,0.78,-0.3766666666666666
1144,3.74,0.79,-0.3966666666666666
1145,3.73,0.79,-0.4233333333333333
1146,3.73,0.79,-0.3433333333333333
1147,3.73,0.79,-0.3666666666666666
1148,3.74,0.79,-0.42
1149,3.75,0.79,-0.44
1150,3.75,0.78,-0.4
1151,3.75,0.78,-0.5066666666666667
1152,3.75,0.78,-0.2733333333333333
1153,3.75,0.78,-0.2566666666666666
1154,3.75,0.78,-0.2833333333333333
1155,3.75,0.78,-0.2866666666666667
1156,3.76,0.77,-0.4066666666666667
1157,3.76,0.76,-0.5266666666666666
1158,3.77,0.76,-0.4733333333333333
1159,3.8,0.78,-0.3333333333333333
1160,3.81,0.79,-0.4666666666666667
1161,3.84,0.8,-0.54
1162,3.87,0.83,-0.7366666666666667
1163,3.88,0.85,-0.8066666666666666
1164,3.89,0.89,-0.7466666666666667
1165,3.89,0.9,-0.7866666666666666
1166,3.9,0.94,-0.8266666666666667
1167,3.91,0.95,-0.8066666666666666
1168,3.95,0.96,-0.7733333333333333
1169,3.97,0.98,-0.6266666666666667
1170,3.97,0.99,-0.5866666666666667
1171,4.0,0.99,-0.6033333333333334
1172,4.01,0.99,-0.9366666666666666
1173,4.01,0.99,-1.13
1174,4.01,1.04,-1.04
1175,4.01,1.04,-0.9466666666666668
1176,4.02,1.03,-1.086666666666667
1177,4.02,1.03,-1.153333333333333
1178,4.02,1.03,-1.35
1179,4.02,1.03,-1.3666666666666667
1180,4.02,1.02,-1.35
1181,4.02,1.03,-1.4633333333333334
1182,4.02,1.04,-1.5333333333333334
1183,4.02,1.04,-1.403333333333333
1184,4.02,1.04,-1.356666666666667
1185,4.02,1.04,-1.31
1186,4.01,1.04,-1.2766666666666666
1187,4.01,1.04,-1.2333333333333334
1188,4.01,1.05,-1.27
1189,4.01,1.05,-1.17
1190,4.01,1.05,-1.16
1191,4.01,1.06,-1.1866666666666668
1192,4.01,1.06,-1.2133333333333334
1193,4.0,1.05,-1.2666666666666666
1194,3.99,1.04,-1.2666666666666666
1195,3.97,1.03,-1.2633333333333334
1196,3.95,1.02,-1.2833333333333334
1197,3.94,1.02,-1.32
1198,3.94,1.02,-1.3166666666666669
1199,3.93,1.02,-1.106666666666667
1200,3.93,1.02,-1.05
1201,3.92,1.02,-1.0133333333333334
1202,3.91,1.02,-0.8933333333333333
1203,3.9,1.01,-0.8333333333333334
1204,3.9,1.01,-0.82
1205,3.89,1.01,-0.7633333333333333
1206,3.89,1.0,-0.7033333333333334
1207,3.89,0.99,-0.64
1208,3.89,0.96,-0.61
1209,3.89,0.93,-0.5933333333333334
1210,3.89,0.9,-0.5266666666666666
1211,3.89,0.9,-0.4233333333333333
1212,3.89,0.88,-0.3666666666666666
1213,3.89,0.87,-0.18
1214,3.89,0.86,-0.2633333333333333
1215,3.9,0.84,-0.2266666666666666
1216,3.9,0.82,-0.1866666666666666
1217,3.9,0.82,-0.22
1218,3.9,0.81,-0.1766666666666666
1219,3.91,0.81,-0.1866666666666666
1220,3.9,0.81,0.03
1221,3.89,0.81,-0.0633333333333333
1222,3.89,0.81,0.11
1223,3.88,0.81,-0.04
1224,3.87,0.82,-0.11
1225,3.87,0.82,0.0
1226,3.87,0.82,0.1166666666666666
1227,3.87,0.82,0.1
1228,3.86,0.82,0.0666666666666666
1229,3.86,0.82,0.22
1230,3.87,0.83,0.1866666666666666
1231,3.87,0.83,0.21
1232,3.87,0.83,0.2933333333333333
1233,3.89,0.83,0.2766666666666666
1234,3.91,0.83,0.19
1235,3.91,0.83,0.0833333333333333
1236,3.92,0.82,-0.2466666666666666
1237,3.91,0.82,-0.2833333333333333
1238,3.91,0.8,-0.2333333333333333
1239,3.91,0.79,-0.36
1240,3.9,0.76,-0.4533333333333333
1241,3.89,0.75,-0.4866666666666667
1242,3.89,0.75,-0.52
1243,3.89,0.75,-0.4266666666666667
1244,3.89,0.75,-0.4133333333333333
1245,3.89,0.75,-0.4266666666666667
1246,3.89,0.75,-0.4033333333333333
1247,3.9,0.76,-0.3933333333333333
1248,3.9,0.77,-0.39
1249,3.9,0.77,-0.31
1250,3.9,0.77,-0.2433333333333333
1251,3.89,0.77,-0.2166666666666666
1252,3.89,0.77,-0.24
1253,3.89,0.77,-0.2466666666666666
1254,3.89,0.77,-0.25
1255,3.89,0.77,-0.2533333333333333
1256,3.89,0.77,-0.26
1257,3.89,0.77,-0.26
1258,3.89,0.77,-0.24
1259,3.88,0.78,-0.2133333333333333
1260,3.88,0.78,-0.2166666666666666
1261,3.88,0.78,-0.22
1262,3.88,0.78,-0.2266666666666666
1263,3.88,0.78,-0.23
1264,3.88,0.78,-0.2266666666666666
1265,3.88,0.78,-0.1966666666666666
1266,3.88,0.78,-0.1766666666666666
1267,3.88,0.78,-0.1966666666666666
1268,3.87,0.78,-0.2933333333333333
1269,3.87,0.78,-0.34
1270,3.86,0.77,-0.3466666666666667
1271,3.86,0.77,-0.34
1272,3.85,0.77,-0.3033333333333333
1273,3.85,0.77,-0.2233333333333333
1274,3.84,0.76,-0.28
1275,3.84,0.76,-0.27
1276,3.84,0.76,-0.2466666666666666
1277,3.84,0.76,-0.1866666666666666
1278,3.83,0.77,-0.29
1279,3.83,0.77,-0.45
1280,3.83,0.78,-0.6233333333333333
1281,3.84,0.78,-0.6366666666666667
1282,3.85,0.79,-0.71
1283,3.87,0.79,-0.8
1284,3.88,0.79,-0.82
1285,3.89,0.81,-0.72
1286,3.89,0.82,-0.6933333333333334
1287,3.89,0.84,-0.8066666666666666
1288,3.89,0.86,-0.79
1289,3.89,0.87,-0.9233333333333332
1290,3.89,0.87,-1.0666666666666669
1291,3.89,0.9,-1.04
1292,3.9,0.94,-1.2966666666666666
1293,3.91,0.99,-1.1833333333333331
1294,3.93,1.02,-1.2733333333333334
1295,3.93,1.04,-1.31
1296,3.94,1.07,-1.26
1297,3.95,1.1,-1.2
1298,3.97,1.16,-1.1733333333333331
1299,3.98,1.19,-1.16
1300,4.02,1.23,-0.8366666666666667
1301,4.05,1.23,-0.4933333333333333
1302,4.08,1.23,-0.5666666666666667
1303,4.14,1.28,-0.9366666666666666
1304,4.15,1.27,-1.096666666666667
1305,4.16,1.26,-1.0533333333333332
1306,4.18,1.26,-0.76
1307,4.21,1.26,-0.6566666666666666
1308,4.23,1.28,-0.6166666666666667
1309,4.22,1.28,-0.6733333333333333
1310,4.22,1.27,-0.53
1311,4.21,1.27,-0.2933333333333333
1312,4.22,1.27,-0.32
1313,4.22,1.27,-0.11
1314,4.22,1.27,-0.0233333333333333
1315,4.23,1.27,-0.1133333333333333
1316,4.23,1.27,-0.2266666666666666
1317,4.23,1.27,-0.2666666666666666
1318,4.23,1.27,-0.2666666666666666
1319,4.23,1.26,-0.3566666666666667
1320,4.23,1.26,-0.3833333333333333
1321,4.23,1.26,-0.3733333333333333
1322,4.24,1.26,-0.3533333333333333
1323,4.23,1.26,-0.4433333333333333
1324,4.22,1.24,-0.46
1325,4.2,1.23,-0.4866666666666667
1326,4.19,1.23,-0.4966666666666666
1327,4.17,1.23,-0.54
1328,4.15,1.23,-0.5233333333333333
1329,4.13,1.23,-0.58
1330,4.1,1.23,-0.6566666666666666
1331,4.08,1.23,-0.6333333333333333
1332,4.08,1.23,-0.6833333333333333
1333,4.06,1.23,-0.6833333333333333
1334,4.03,1.22,-0.69
1335,4.0,1.19,-0.9266666666666666
1336,3.98,1.17,-0.9066666666666666
1337,3.97,1.14,-0.9333333333333332
1338,3.96,1.1,-0.9766666666666668
1339,3.94,1.06,-0.9233333333333332
1340,3.92,1.02,-0.78
1341,3.91,1.0,-0.21
1342,3.87,0.97,-0.3733333333333333
1343,3.85,0.95,-0.4466666666666666
1344,3.84,0.94,-0.41
1345,3.84,0.93,-0.4266666666666667
1346,3.84,0.93,-0.4166666666666667
1347,3.84,0.92,-0.4466666666666666
1348,3.84,0.9,-0.4366666666666666
1349,3.84,0.87,-0.5633333333333334
1350,3.85,0.87,-0.38
1351,3.86,0.86,-0.43
1352,3.86,0.85,-0.5966666666666667
1353,3.86,0.85,-0.5366666666666666
1354,3.86,0.85,-0.32
1355,3.86,0.86,-0.1433333333333333
1356,3.86,0.86,-0.1066666666666666
1357,3.87,0.86,-0.1066666666666666
1358,3.87,0.86,-0.07
1359,3.87,0.86,-0.0366666666666666
1360,3.87,0.84,-0.1133333333333333
1361,3.88,0.82,-0.1966666666666666
1362,3.88,0.81,-0.16
1363,3.88,0.81,-0.2433333333333333
1364,3.88,0.8,-0.4666666666666667
1365,3.88,0.79,-0.6033333333333334
1366,3.88,0.8,-0.82
1367,3.87,0.78,-0.91
1368,3.87,0.78,-0.82
1369,3.87,0.77,-0.7066666666666667
1370,3.87,0.77,-0.7366666666666667
1371,3.87,0.76,-0.69
1372,3.86,0.76,-0.68
1373,3.86,0.75,-0.7
1374,3.85,0.74,-0.6533333333333333
1375,3.85,0.74,-0.5833333333333334
1376,3.85,0.74,-0.4
1377,3.85,0.73,-0.4233333333333333
1378,3.85,0.73,-0.4033333333333333
1379,3.85,0.73,-0.3866666666666666
1380,3.85,0.73,-0.4
1381,3.85,0.73,-0.5333333333333333
1382,3.85,0.73,-0.5566666666666666
1383,3.85,0.73,-0.56
1384,3.85,0.73,-0.5666666666666667
1385,3.84,0.73,-0.6266666666666667
1386,3.84,0.73,-0.6766666666666666
1387,3.84,0.74,-0.6766666666666666
1388,3.84,0.74,-0.66
1389,3.84,0.74,-0.6733333333333333
1390,3.85,0.74,-0.6833333333333333
1391,3.85,0.74,-0.6833333333333333
1392,3.84,0.74,-0.6766666666666666
1393,3.84,0.74,-0.68
1394,3.84,0.74,-0.7166666666666667
1395,3.84,0.74,-0.6433333333333333
1396,3.84,0.74,-0.6266666666666667
1397,3.84,0.74,-0.5766666666666667
1398,3.84,0.74,-0.5266666666666666
1399,3.84,0.74,-0.54
1400,3.84,0.74,-0.3366666666666666
1401,3.84,0.74,-0.29
1402,3.84,0.74,-0.35
1403,3.84,0.74,-0.27
1404,3.84,0.74,-0.19
1405,3.85,0.75,-0.1666666666666666
1406,3.85,0.76,-0.08
1407,3.85,0.77,-0.0433333333333333
1408,3.85,0.78,0.0433333333333333
1409,3.85,0.79,0.06
1410,3.85,0.8,0.0866666666666666
1411,3.85,0.8,0.01
1412,3.85,0.8,0.0566666666666666
1413,3.85,0.81,0.0266666666666666
1414,3.85,0.81,-0.08
1415,3.85,0.83,-0.07
1416,3.86,0.84,-0.1066666666666666
1417,3.86,0.85,-0.09
1418,3.86,0.85,-0.2
1419,3.86,0.87,-0.1933333333333333
1420,3.85,0.88,-0.34
1421,3.85,0.89,-0.4233333333333333
1422,3.84,0.9,-0.5166666666666667
1423,3.82,0.93,-0.66
1424,3.82,0.95,-0.5166666666666667
1425,3.82,1.0,-0.6366666666666667
1426,3.82,1.03,-0.6133333333333333
1427,3.85,1.09,-0.5166666666666667
1428,3.85,1.09,-0.3533333333333333
1429,3.89,1.09,-0.33
1430,3.93,1.13,-0.45
1431,3.97,1.13,-0.64
1432,3.99,1.13,-0.63
1433,4.02,1.15,-0.7
1434,4.04,1.16,-0.7233333333333334
1435,4.04,1.15,-0.7033333333333334
1436,4.03,1.16,-0.7433333333333333
1437,4.03,1.16,-0.7433333333333333
1438,4.0,1.16,-0.8466666666666667
1439,4.0,1.19,-0.7766666666666666
1440,4.0,1.2,-0.75
1441,4.02,1.21,-0.7333333333333333
1442,4.04,1.23,-0.7266666666666667
1443,4.05,1.23,-0.7433333333333333
1444,4.07,1.23,-0.8566666666666667
1445,4.07,1.22,-0.9
1446,4.08,1.22,-1.0166666666666666
1447,4.09,1.21,-1.163333333333333
1448,4.09,1.2,-1.0933333333333333
1449,4.09,1.2,-1.1166666666666667
1450,4.09,1.2,-1.22
1451,4.08,1.2,-1.2133333333333334
1452,4.07,1.2,-1.1466666666666667
1453,4.05,1.2,-1.1166666666666667
1454,4.04,1.21,-1.15
1455,4.02,1.21,-1.1466666666666667
1456,4.0,1.2,-1.1366666666666667
1457,3.96,1.17,-1.12
1458,3.91,1.13,-1.03
1459,3.87,1.1,-0.8833333333333333
1460,3.85,1.06,-0.84
1461,3.83,1.03,-0.7966666666666666
1462,3.81,0.99,-0.6933333333333334
1463,3.81,0.97,-0.4966666666666666
1464,3.8,0.93,-0.3433333333333333
1465,3.79,0.9,-0.1033333333333333
1466,3.78,0.89,-0.07
1467,3.78,0.88,-0.0966666666666666
1468,3.78,0.85,0.12
1469,3.78,0.83,-0.0266666666666666
1470,3.78,0.82,-0.1433333333333333
1471,3.79,0.81,-0.0766666666666666
1472,3.79,0.8,-0.1333333333333333
1473,3.79,0.79,-0.11
1474,3.79,0.78,-0.04
1475,3.79,0.77,-0.08
1476,3.79,0.78,-0.09
1477,3.79,0.76,-0.05
1478,3.79,0.77,0.08
1479,3.79,0.77,0.14
1480,3.79,0.77,0.1133333333333333
1481,3.79,0.77,0.1466666666666666
1482,3.79,0.77,0.0033333333333333
1483,3.79,0.77,-0.13
1484,3.78,0.75,-0.3833333333333333
1485,3.77,0.75,-0.4333333333333333
1486,3.77,0.75,-0.48
1487,3.76,0.75,-0.4533333333333333
1488,3.75,0.75,-0.41
1489,3.75,0.75,-0.4266666666666667
1490,3.74,0.75,-0.4
1491,3.73,0.75,-0.4966666666666666
1492,3.73,0.75,-0.4966666666666666
1493,3.73,0.74,-0.32
1494,3.73,0.73,-0.3
1495,3.73,0.73,-0.2433333333333333
1496,3.73,0.73,-0.1633333333333333
1497,3.74,0.73,0.0266666666666666
1498,3.75,0.73,0.0133333333333333
1499,3.75,0.72,-0.0266666666666666
1500,3.74,0.72,-0.05
1501,3.74,0.72,-0.06
1502,3.74,0.72,-0.13
1503,3.74,0.72,-0.2133333333333333
1504,3.74,0.72,-0.2833333333333333
1505,3.74,0.72,-0.32
1506,3.74,0.72,-0.3333333333333333
1507,3.74,0.72,-0.38
1508,3.74,0.72,-0.4233333333333333
1509,3.74,0.72,-0.4133333333333333
1510,3.74,0.72,-0.3933333333333333
1511,3.74,0.72,-0.3633333333333333
1512,3.74,0.73,-0.3533333333333333
1513,3.74,0.73,-0.3433333333333333
1514,3.74,0.73,-0.3466666666666667
1515,3.74,0.73,-0.3233333333333333
1516,3.74,0.73,-0.1966666666666666
1517,3.74,0.73,-0.1933333333333333
1518,3.74,0.73,-0.21
1519,3.74,0.73,-0.1933333333333333
1520,3.74,0.73,-0.0333333333333333
1521,3.74,0.73,0.0466666666666666
1522,3.74,0.73,0.0633333333333333
1523,3.74,0.73,-0.0066666666666666
1524,3.74,0.73,-0.0366666666666666
1525,3.74,0.73,-0.1866666666666666
1526,3.74,0.73,-0.21
1527,3.75,0.72,-0.2566666666666666
1528,3.76,0.72,-0.3
1529,3.76,0.72,-0.33
1530,3.76,0.72,-0.44
1531,3.76,0.73,-0.48
1532,3.78,0.75,-0.4933333333333333
1533,3.78,0.77,-0.5466666666666666
1534,3.78,0.81,-0.6366666666666667
1535,3.77,0.85,-0.6633333333333333
1536,3.75,0.88,-0.75
1537,3.75,1.0,-0.7966666666666666
1538,3.75,1.06,-0.9633333333333334
1539,3.75,1.09,-0.9833333333333332
1540,3.78,1.09,-1.1033333333333333
1541,3.8,1.1,-1.02
1542,3.84,1.12,-0.9866666666666668
1543,3.86,1.13,-0.96
1544,3.88,1.13,-1.0333333333333334
1545,3.92,1.15,-1.0933333333333333
1546,3.93,1.14,-1.0366666666666666
1547,3.97,1.16,-1.0066666666666666
1548,3.97,1.17,-0.88
1549,3.98,1.16,-0.7966666666666666
1550,4.01,1.16,-0.8266666666666667
1551,4.03,1.16,-0.84
1552,4.07,1.18,-0.8233333333333334
1553,4.08,1.17,-0.8433333333333334
1554,4.1,1.18,-0.86
1555,4.12,1.18,-0.8633333333333333
1556,4.16,1.19,-0.83
1557,4.19,1.2,-0.8166666666666667
1558,4.21,1.21,-0.85
1559,4.21,1.21,-0.8633333333333333
1560,4.21,1.21,-0.8533333333333334
1561,4.21,1.21,-0.8233333333333334
1562,4.2,1.21,-0.82
1563,4.19,1.21,-0.8666666666666667
1564,4.17,1.21,-0.8933333333333333
1565,4.14,1.21,-0.94
1566,4.12,1.22,-1.0366666666666666
1567,4.09,1.22,-1.0333333333333334
1568,4.05,1.22,-1.0233333333333334
1569,4.03,1.22,-1.0233333333333334
1570,3.99,1.21,-1.1733333333333331
1571,3.98,1.21,-1.25
1572,3.96,1.2,-1.1966666666666668
1573,3.95,1.16,-1.17
1574,3.94,1.14,-1.0466666666666666
1575,3.93,1.07,-0.9866666666666668
1576,3.91,1.02,-0.9466666666666668
1577,3.89,0.99,-0.9333333333333332
1578,3.88,0.95,-0.7633333333333333
1579,3.85,0.91,-0.61
1580,3.86,0.9,-0.3566666666666667
1581,3.86,0.86,-0.28
1582,3.86,0.86,-0.1533333333333333
1583,3.86,0.85,-0.1233333333333333
1584,3.86,0.84,-0.28
1585,3.86,0.79,0.0066666666666666
1586,3.86,0.78,-0.0766666666666666
1587,3.86,0.77,-0.14
1588,3.86,0.77,-0.1566666666666666
1589,3.86,0.77,-0.2633333333333333
1590,3.86,0.77,-0.2666666666666666
1591,3.86,0.78,-0.3466666666666667
1592,3.86,0.78,-0.31
1593,3.86,0.78,-0.2733333333333333
1594,3.86,0.78,-0.0366666666666666
1595,3.86,0.78,0.1
1596,3.85,0.78,0.11
1597,3.84,0.77,-0.0066666666666666
1598,3.84,0.77,0.0066666666666666
1599,3.84,0.77,-0.1
1600,3.84,0.77,-0.1066666666666666
1601,3.83,0.75,-0.29
1602,3.83,0.75,-0.33
1603,3.83,0.75,-0.29
1604,3.83,0.74,-0.3866666666666666
1605,3.82,0.74,-0.41
1606,3.82,0.72,-0.5066666666666667
1607,3.82,0.71,-0.44
1608,3.82,0.71,-0.4166666666666667
1609,3.82,0.71,-0.4733333333333333
1610,3.82,0.71,-0.53
1611,3.82,0.71,-0.5466666666666666
1612,3.82,0.71,-0.61
1613,3.82,0.71,-0.5533333333333333
1614,3.82,0.71,-0.3766666666666666
1615,3.82,0.71,-0.3266666666666666
1616,3.82,0.71,-0.3866666666666666
1617,3.82,0.7,-0.3833333333333333
1618,3.82,0.7,-0.3866666666666666
1619,3.82,0.7,-0.3333333333333333
1620,3.82,0.7,-0.2966666666666667
1621,3.82,0.7,-0.3466666666666667
1622,3.82,0.7,-0.31
1623,3.82,0.7,-0.1933333333333333
1624,3.83,0.7,-0.1366666666666666
1625,3.83,0.7,-0.2
1626,3.83,0.71,-0.1966666666666666
1627,3.84,0.71,-0.2133333333333333
1628,3.84,0.72,-0.1766666666666666
1629,3.84,0.73,-0.09
1630,3.84,0.73,-0.0833333333333333
1631,3.84,0.73,-0.0966666666666666
1632,3.84,0.73,-0.1133333333333333
1633,3.84,0.73,-0.1666666666666666
1634,3.84,0.73,-0.1233333333333333
1635,3.84,0.73,-0.03
1636,3.84,0.73,-0.05
1637,3.84,0.74,-0.19
1638,3.84,0.74,-0.2533333333333333
1639,3.84,0.73,-0.36
1640,3.83,0.73,-0.4733333333333333
1641,3.82,0.73,-0.4666666666666667
1642,3.82,0.74,-0.6066666666666667
1643,3.83,0.76,-0.4933333333333333
1644,3.84,0.78,-0.5533333333333333
1645,3.85,0.79,-0.51
1646,3.86,0.8,-0.44
1647,3.87,0.82,-0.47
1648,3.88,0.85,-0.4633333333333333
1649,3.88,0.86,-0.5
1650,3.89,0.88,-0.59
1651,3.89,0.87,-0.71
1652,3.9,0.87,-0.7866666666666666
1653,3.9,0.87,-0.8633333333333333
1654,3.92,0.87,-0.9166666666666666
1655,3.92,0.87,-0.8233333333333334
1656,3.95,0.88,-0.7266666666666667
1657,3.96,0.89,-0.6933333333333334
1658,3.97,0.93,-0.7133333333333334
1659,3.97,0.93,-0.7433333333333333
1660,3.99,0.93,-0.7533333333333333
1661,3.99,0.95,-0.75
1662,4.0,0.96,-0.8566666666666667
1663,4.0,0.97,-0.88
1664,4.0,0.97,-1.08
1665,4.0,0.99,-1.1
1666,4.0,1.01,-1.0133333333333334
1667,3.99,1.0,-0.9866666666666668
1668,3.98,1.01,-0.98
1669,3.98,1.03,-0.97
1670,3.97,1.01,-1.0333333333333334
1671,3.96,1.0,-1.0633333333333332
1672,3.96,0.99,-0.73
1673,3.96,0.99,-0.8033333333333333
1674,3.95,0.98,-0.8233333333333334
1675,3.95,0.98,-0.6833333333333333
1676,3.94,0.97,-0.7
1677,3.94,0.97,-0.7033333333333334
1678,3.93,0.96,-0.71
1679,3.92,0.95,-0.6966666666666667
1680,3.92,0.95,-0.7366666666666667
1681,3.92,0.94,-0.8966666666666666
1682,3.91,0.94,-0.8766666666666667
1683,3.91,0.92,-0.86
1684,3.91,0.91,-0.84
1685,3.91,0.89,-0.84
1686,3.92,0.88,-0.9233333333333332
1687,3.92,0.85,-0.9066666666666666
1688,3.92,0.83,-0.9
1689,3.92,0.81,-0.8933333333333333
1690,3.92,0.78,-0.8033333333333333
1691,3.92,0.78,-0.7833333333333333
1692,3.92,0.79,-0.6266666666666667
1693,3.92,0.79,-0.59
1694,3.92,0.8,-0.4233333333333333
1695,3.92,0.81,-0.3766666666666666
1696,3.92,0.81,-0.4033333333333333
1697,3.92,0.81,-0.4733333333333333
1698,3.91,0.81,-0.31
1699,3.91,0.81,-0.2766666666666666
1700,3.9,0.81,-0.2166666666666666
1701,3.9,0.81,0.05
1702,3.9,0.82,0.1133333333333333
1703,3.9,0.82,0.0766666666666666
1704,3.9,0.81,-0.0933333333333333
1705,3.9,0.8,-0.16
1706,3.9,0.79,-0.34
1707,3.89,0.79,-0.5733333333333334
1708,3.89,0.76,-0.6466666666666666
1709,3.88,0.75,-0.7
1710,3.88,0.75,-0.7266666666666667
1711,3.88,0.76,-0.79
1712,3.89,0.76,-0.6666666666666666
1713,3.89,0.76,-0.66
1714,3.89,0.76,-0.65
1715,3.89,0.76,-0.6866666666666666
1716,3.89,0.76,-0.6666666666666666
1717,3.89,0.76,-0.7733333333333333
1718,3.89,0.76,-0.8666666666666667
1719,3.89,0.76,-0.9133333333333332
1720,3.89,0.76,-0.87
1721,3.89,0.75,-0.9033333333333332
1722,3.89,0.75,-0.9233333333333332
1723,3.88,0.75,-0.9333333333333332
1724,3.88,0.74,-0.9
1725,3.88,0.75,-0.8833333333333333
1726,3.88,0.75,-0.8866666666666667
1727,3.88,0.75,-0.8566666666666667
1728,3.88,0.75,-0.8266666666666667
1729,3.88,0.75,-0.8133333333333334
1730,3.88,0.75,-0.7966666666666666
1731,3.87,0.75,-0.7066666666666667
1732,3.87,0.75,-0.6466666666666666
1733,3.87,0.76,-0.38
1734,3.87,0.76,-0.15
1735,3.88,0.77,-0.1833333333333333
1736,3.88,0.77,-0.1933333333333333
1737,3.87,0.77,-0.3133333333333333
1738,3.87,0.77,-0.59
1739,3.87,0.77,-0.5533333333333333
1740,3.88,0.77,-0.5533333333333333
1741,3.88,0.78,-0.5566666666666666
1742,3.89,0.81,-0.58
1743,3.89,0.81,-0.6266666666666667
1744,3.89,0.82,-0.7433333333333333
1745,3.89,0.85,-0.7766666666666666
1746,3.89,0.87,-0.85
1747,3.89,0.89,-0.8333333333333334
1748,3.89,0.92,-1.01
1749,3.88,0.93,-1.14
1750,3.88,0.98,-1.1866666666666668
1751,3.88,1.03,-1.3
1752,3.88,1.05,-1.31
1753,3.92,1.14,-1.2166666666666666
1754,3.95,1.18,-1.153333333333333
1755,3.98,1.22,-1.02
1756,4.02,1.22,-1.096666666666667
1757,4.05,1.22,-1.0766666666666669
1758,4.07,1.21,-1.0333333333333334
1759,4.09,1.21,-1.15
1760,4.1,1.21,-1.153333333333333
1761,4.12,1.23,-1.1
1762,4.11,1.24,-0.78
1763,4.13,1.24,-0.8333333333333334
1764,4.14,1.23,-0.8766666666666667
1765,4.16,1.25,-0.8333333333333334
1766,4.19,1.25,-0.84
1767,4.22,1.25,-0.8633333333333333
1768,4.27,1.25,-0.9966666666666668
1769,4.31,1.26,-1.0366666666666666
1770,4.36,1.27,-1.06
1771,4.38,1.28,-1.1133333333333333
1772,4.41,1.29,-1.14
1773,4.44,1.3,-1.106666666666667
1774,4.43,1.31,-1.1933333333333334
1775,4.43,1.31,-1.22
1776,4.42,1.3,-1.346666666666667
1777,4.4,1.3,-1.3166666666666669
1778,4.36,1.29,-1.3166666666666669
1779,4.31,1.27,-1.3866666666666667
1780,4.26,1.26,-1.58
1781,4.22,1.25,-1.5633333333333332
1782,4.17,1.24,-1.5166666666666666
1783,4.14,1.23,-1.5066666666666666
1784,4.1,1.23,-1.47
1785,4.07,1.23,-1.2966666666666666
1786,4.05,1.2,-1.2433333333333334
1787,4.02,1.17,-1.2
1788,3.98,1.12,-1.163333333333333
1789,3.95,1.09,-0.95
1790,3.93,1.07,-0.8133333333333334
1791,3.9,1.05,-0.7433333333333333
1792,3.87,1.03,-0.67
1793,3.85,1.0,-0.5066666666666667
1794,3.84,0.95,-0.6166666666666667
1795,3.83,0.92,-0.5733333333333334
1796,3.82,0.89,-0.65
1797,3.83,0.88,-0.5133333333333333
1798,3.84,0.87,-0.2533333333333333
1799,3.84,0.86,-0.1933333333333333
1800,3.83,0.84,-0.2766666666666666
1801,3.81,0.79,-0.4
1802,3.8,0.8,-0.4333333333333333
1803,3.8,0.8,-0.4566666666666666
1804,3.8,0.81,-0.29
1805,3.8,0.8,-0.2333333333333333
1806,3.79,0.79,-0.2233333333333333
1807,3.78,0.79,-0.2933333333333333
1808,3.78,0.78,-0.3033333333333333
1809,3.77,0.78,-0.3233333333333333
1810,3.77,0.78,-0.42
1811,3.77,0.76,-0.4166666666666667
1812,3.77,0.75,-0.46
1813,3.77,0.75,-0.56
1814,3.77,0.74,-0.5633333333333334
1815,3.77,0.73,-0.54
1816,3.77,0.72,-0.5533333333333333
1817,3.78,0.73,-0.5366666666666666
1818,3.78,0.72,-0.5633333333333334
1819,3.78,0.72,-0.6433333333333333
1820,3.78,0.72,-0.57
1821,3.79,0.72,-0.5866666666666667
1822,3.79,0.72,-0.5766666666666667
1823,3.8,0.72,-0.56
1824,3.8,0.72,-0.5433333333333333
1825,3.8,0.72,-0.5333333333333333
1826,3.8,0.72,-0.5433333333333333
1827,3.8,0.72,-0.59
1828,3.8,0.72,-0.6466666666666666
1829,3.8,0.72,-0.6233333333333333
1830,3.8,0.72,-0.6233333333333333
1831,3.8,0.72,-0.5033333333333333
1832,3.8,0.72,-0.48
1833,3.8,0.72,-0.4166666666666667
1834,3.8,0.72,-0.4366666666666666
1835,3.8,0.72,-0.4333333333333333
1836,3.8,0.72,-0.3666666666666666
1837,3.8,0.72,-0.3733333333333333
1838,3.8,0.72,-0.3066666666666666
1839,3.8,0.72,-0.3466666666666667
1840,3.8,0.72,-0.31
1841,3.79,0.72,-0.2866666666666667
1842,3.79,0.72,-0.3033333333333333
1843,3.79,0.72,-0.31
1844,3.79,0.74,-0.4866666666666667
1845,3.79,0.75,-0.5066666666666667
1846,3.79,0.76,-0.52
1847,3.8,0.77,-0.5066666666666667
1848,3.8,0.77,-0.4733333333333333
1849,3.8,0.78,-0.3733333333333333
1850,3.79,0.78,-0.4966666666666666
1851,3.79,0.78,-0.6133333333333333
1852,3.79,0.75,-0.6766666666666666
1853,3.79,0.75,-0.5833333333333334
1854,3.77,0.73,-0.5133333333333333
1855,3.78,0.73,-0.54
1856,3.79,0.72,-0.5633333333333334
1857,3.8,0.72,-0.6233333333333333
1858,3.84,0.77,-0.6
1859,3.87,0.8,-0.5966666666666667
1860,3.9,0.81,-0.5866666666666667
1861,3.91,0.85,-0.6166666666666667
1862,3.91,0.88,-0.73
1863,3.91,0.88,-0.78
1864,3.91,0.92,-0.8833333333333333
1865,3.91,0.93,-0.9433333333333334
1866,3.91,0.93,-0.8466666666666667
1867,3.91,0.94,-0.8933333333333333
1868,3.91,0.94,-1.086666666666667
1869,3.91,0.96,-1.1
1870,3.93,1.01,-1.0066666666666666
1871,3.94,1.03,-1.09
1872,3.98,1.07,-1.0266666666666666
1873,4.01,1.1,-1.2
1874,4.03,1.13,-1.1666666666666667
1875,4.04,1.14,-1.24
1876,4.06,1.15,-1.0166666666666666
1877,4.07,1.17,-1.2133333333333334
1878,4.07,1.17,-1.02
1879,4.08,1.18,-1.2
1880,4.08,1.2,-1.2933333333333332
1881,4.06,1.19,-1.3833333333333333
1882,4.05,1.19,-1.1966666666666668
1883,4.05,1.19,-1.2566666666666666
1884,4.05,1.21,-1.3266666666666669
1885,4.05,1.22,-1.2666666666666666
1886,4.08,1.25,-1.1033333333333333
1887,4.09,1.25,-1.0
1888,4.1,1.25,-0.87
1889,4.11,1.25,-0.7533333333333333
1890,4.11,1.24,-0.8033333333333333
1891,4.12,1.24,-0.8633333333333333
1892,4.12,1.24,-0.8666666666666667
1893,4.14,1.24,-0.9033333333333332
1894,4.14,1.24,-1.0533333333333332
1895,4.13,1.24,-1.19
1896,4.13,1.25,-1.2266666666666666
1897,4.13,1.25,-1.3133333333333332
1898,4.12,1.24,-1.24
1899,4.12,1.24,-1.2133333333333334
1900,4.08,1.2,-1.2
1901,4.05,1.17,-1.1866666666666668
1902,4.04,1.14,-1.17
1903,4.02,1.08,-1.106666666666667
1904,4.01,1.06,-1.0633333333333332
1905,4.0,1.02,-0.7633333333333333
1906,3.98,0.96,-0.66
1907,3.96,0.94,-0.63
1908,3.95,0.93,-0.4566666666666666
1909,3.95,0.91,-0.37
1910,3.95,0.88,-0.4333333333333333
1911,3.95,0.89,-0.1166666666666666
1912,3.95,0.88,-0.2166666666666666
1913,3.94,0.86,-0.0633333333333333
1914,3.94,0.85,-0.0733333333333333
1915,3.95,0.85,-0.1333333333333333
1916,3.94,0.84,-0.21
1917,3.93,0.82,-0.2466666666666666
1918,3.93,0.79,-0.2566666666666666
1919,3.93,0.78,-0.31
1920,3.93,0.77,-0.3966666666666666
1921,3.92,0.76,-0.3833333333333333
1922,3.92,0.76,-0.3866666666666666
1923,3.92,0.75,-0.3066666666666666
1924,3.91,0.74,-0.2833333333333333
1925,3.91,0.74,-0.0966666666666666
1926,3.91,0.73,-0.2333333333333333
1927,3.91,0.73,-0.2466666666666666
1928,3.91,0.73,-0.31
1929,3.91,0.73,-0.3266666666666666
1930,3.91,0.73,-0.5066666666666667
1931,3.91,0.73,-0.48
1932,3.91,0.74,-0.5033333333333333
1933,3.91,0.75,-0.52
1934,3.91,0.75,-0.5733333333333334
1935,3.91,0.74,-0.7866666666666666
1936,3.91,0.74,-0.7133333333333334
1937,3.9,0.73,-0.68
1938,3.9,0.74,-0.6433333333333333
1939,3.9,0.74,-0.4366666666666666
1940,3.9,0.74,-0.44
1941,3.9,0.74,-0.3966666666666666
1942,3.9,0.74,-0.3533333333333333
1943,3.9,0.74,-0.3933333333333333
1944,3.9,0.74,-0.4666666666666667
1945,3.9,0.74,-0.48
1946,3.9,0.75,-0.3966666666666666
1947,3.91,0.75,-0.4066666666666667
1948,3.91,0.75,-0.4533333333333333
1949,3.91,0.75,-0.4966666666666666
1950,3.91,0.76,-0.5733333333333334
1951,3.91,0.77,-0.5866666666666667
1952,3.91,0.77,-0.5733333333333334
1953,3.91,0.77,-0.5233333333333333
1954,3.9,0.76,-0.53
1955,3.9,0.77,-0.5166666666666667
1956,3.9,0.77,-0.5066666666666667
1957,3.9,0.77,-0.5033333333333333
1958,3.9,0.77,-0.4366666666666666
1959,3.88,0.77,-0.4366666666666666
1960,3.87,0.76,-0.4333333333333333
1961,3.87,0.76,-0.4366666666666666
1962,3.87,0.8,-0.33
1963,3.87,0.79,-0.3633333333333333
1964,3.88,0.8,-0.3733333333333333
1965,3.88,0.81,-0.3733333333333333
1966,3.88,0.81,-0.5
1967,3.89,0.81,-0.5066666666666667
1968,3.89,0.81,-0.5066666666666667
1969,3.89,0.81,-0.3933333333333333
1970,3.88,0.81,-0.2466666666666666
1971,3.88,0.8,-0.2966666666666667
1972,3.88,0.78,-0.22
1973,3.89,0.78,-0.25
1974,3.89,0.76,-0.5466666666666666
1975,3.91,0.75,-0.6833333333333333
1976,3.93,0.75,-0.6533333333333333
1977,3.95,0.75,-0.5866666666666667
1978,3.96,0.76,-0.4633333333333333
1979,3.97,0.78,-0.4766666666666667
1980,3.97,0.79,-0.51
1981,3.98,0.82,-0.4866666666666667
1982,3.99,0.85,-0.3266666666666666
1983,4.02,0.88,-0.41
1984,4.04,0.92,-0.3433333333333333
1985,4.05,0.95,-0.39
1986,4.05,0.97,-0.5266666666666666
1987,4.04,0.97,-0.58
1988,4.04,0.99,-0.6833333333333333
1989,4.05,1.05,-0.9166666666666666
1990,4.07,1.1,-0.9
1991,4.07,1.09,-1.356666666666667
1992,4.08,1.16,-1.4
1993,4.09,1.21,-1.3966666666666667
1994,4.12,1.26,-1.46
1995,4.14,1.27,-1.4533333333333334
1996,4.15,1.26,-1.5633333333333332
1997,4.18,1.28,-1.56
1998,4.19,1.27,-1.38
1999,4.21,1.27,-1.36
2000,4.22,1.28,-1.3333333333333333
2001,4.25,1.27,-1.1766666666666667
2002,4.26,1.27,-1.0266666666666666
2003,4.27,1.22,-1.0366666666666666
2004,4.31,1.21,-1.07
2005,4.34,1.21,-1.0266666666666666
2006,4.39,1.23,-1.01
2007,4.42,1.23,-1.04
2008,4.43,1.23,-1.0433333333333332
2009,4.44,1.22,-1.163333333333333
2010,4.43,1.22,-1.1733333333333331
2011,4.43,1.21,-1.2033333333333334
2012,4.42,1.2,-1.3333333333333333
2013,4.39,1.19,-1.3633333333333333
2014,4.36,1.19,-1.3066666666666666
2015,4.32,1.18,-1.3266666666666669
2016,4.3,1.18,-1.47
2017,4.28,1.18,-1.59
2018,4.27,1.18,-1.653333333333333
2019,4.24,1.18,-1.5533333333333332
2020,4.23,1.17,-1.5766666666666669
2021,4.23,1.16,-1.5266666666666666
2022,4.23,1.14,-1.4766666666666666
2023,4.22,1.09,-1.37
2024,4.2,1.07,-1.3333333333333333
2025,4.19,1.05,-1.1166666666666667
2026,4.15,1.0,-1.0466666666666666
2027,4.11,0.95,-0.99
2028,4.08,0.91,-0.8333333333333334
2029,4.07,0.91,-0.59
2030,4.02,0.87,-0.6366666666666667
2031,4.01,0.84,-0.4233333333333333
2032,3.99,0.83,-0.3266666666666666
2033,4.0,0.82,-0.2266666666666666
2034,3.99,0.78,-0.1866666666666666
2035,3.99,0.76,-0.3266666666666666
2036,4.0,0.72,-0.3933333333333333
2037,4.0,0.67,-0.2933333333333333
2038,4.01,0.67,-0.32
2039,4.01,0.69,-0.29
2040,4.01,0.69,-0.3
2041,4.0,0.7,-0.2733333333333333
2042,4.0,0.69,-0.31
2043,3.99,0.64,-0.0966666666666666
2044,3.99,0.64,-0.1533333333333333
2045,3.98,0.64,-0.1966666666666666
2046,3.97,0.64,-0.1266666666666666
2047,3.96,0.64,-0.0033333333333333
2048,3.96,0.65,-0.1033333333333333
2049,3.96,0.65,-0.16
2050,3.96,0.65,-0.1233333333333333
2051,3.97,0.65,-0.1333333333333333
2052,3.98,0.65,-0.1466666666666666
2053,3.98,0.65,-0.18
2054,3.99,0.66,-0.32
2055,3.99,0.67,-0.43
2056,4.0,0.67,-0.38
2057,4.0,0.68,-0.42
