0,7.34,7.63,0.1433333333333333
1,7.34,7.63,-0.2733333333333333
2,7.35,7.63,-0.2533333333333333
3,7.34,7.63,-0.1433333333333333
4,7.37,7.63,-0.0833333333333333
5,7.38,7.63,-0.08
6,7.44,7.63,-0.2566666666666666
7,7.47,7.63,-0.2866666666666667
8,7.47,7.63,-0.2833333333333333
9,7.48,7.63,-0.29
10,7.48,7.63,-0.2833333333333333
11,7.48,7.63,-0.2533333333333333
12,7.48,7.63,-0.2433333333333333
13,7.47,7.63,-0.2533333333333333
14,7.47,7.63,-0.25
15,7.47,7.62,-0.2466666666666666
16,7.47,7.62,-0.2433333333333333
17,7.47,7.62,-0.24
18,7.47,7.61,-0.2533333333333333
19,7.47,7.61,-0.26
20,7.47,7.6,-0.26
21,7.47,7.6,-0.2533333333333333
22,7.47,7.6,-0.2166666666666666
23,7.47,7.59,-0.18
24,7.46,7.59,-0.1833333333333333
25,7.46,7.58,-0.16
26,7.44,7.57,-0.1166666666666666
27,7.43,7.56,-0.0866666666666666
28,7.39,7.54,0.0366666666666666
29,7.37,7.52,0.0266666666666666
30,7.36,7.5,-0.0033333333333333
31,7.35,7.47,-0.0233333333333333
32,7.3,7.44,-0.0366666666666666
33,7.26,7.4,-0.0366666666666666
34,7.26,7.36,-0.02
35,7.23,7.32,0.0966666666666666
36,7.19,7.29,0.1566666666666666
37,7.16,7.23,0.1533333333333333
38,7.16,7.14,0.3066666666666666
39,7.12,7.08,0.4333333333333333
40,7.07,7.02,0.5
41,7.03,6.94,0.55
42,7.01,6.87,0.4366666666666666
43,7.0,6.8,0.4566666666666666
44,6.93,6.75,0.4533333333333333
45,6.83,6.72,0.4166666666666667
46,6.75,6.67,0.29
47,6.7,6.61,0.2766666666666666
48,6.62,6.55,0.3566666666666667
49,6.55,6.49,0.3566666666666667
50,6.51,6.45,0.34
51,6.45,6.44,0.38
52,6.4,6.33,0.3633333333333333
53,6.35,6.29,0.35
54,6.3,6.25,0.35
55,6.24,6.23,0.3766666666666666
56,6.22,6.2,0.3733333333333333
57,6.17,6.21,0.4233333333333333
58,6.11,6.22,0.67
59,6.06,6.22,0.7333333333333333
60,6.04,6.22,0.72
61,6.02,6.19,0.6866666666666666
62,6.0,6.18,0.6366666666666667
63,6.0,6.19,0.6633333333333333
64,5.98,6.18,0.6633333333333333
65,5.96,6.17,0.67
66,5.94,6.18,0.6833333333333333
67,5.94,6.18,0.7066666666666667
68,5.95,6.18,0.7266666666666667
69,5.95,6.19,0.7066666666666667
70,5.95,6.2,0.6966666666666667
71,5.96,6.21,0.69
72,5.96,6.22,0.67
73,5.96,6.22,0.6566666666666666
74,5.97,6.23,0.6533333333333333
75,5.98,6.23,0.6466666666666666
76,5.99,6.23,0.65
77,6.01,6.24,0.6566666666666666
78,6.02,6.24,0.6533333333333333
79,6.02,6.24,0.6533333333333333
80,6.02,6.25,0.66
81,6.03,6.27,0.66
82,6.03,6.28,0.66
83,6.03,6.29,0.67
84,6.03,6.3,0.6633333333333333
85,6.03,6.3,0.6833333333333333
86,6.02,6.3,0.6966666666666667
87,6.02,6.3,0.6933333333333334
88,6.01,6.29,0.69
89,5.99,6.29,0.6933333333333334
90,5.96,6.29,0.7133333333333334
91,5.94,6.29,0.7366666666666667
92,5.93,6.28,0.74
93,5.92,6.28,0.74
94,5.9,6.28,0.7433333333333333
95,5.87,6.29,0.7666666666666667
96,5.83,6.29,0.7933333333333333
97,5.77,6.28,0.79
98,5.73,6.28,0.8333333333333334
99,5.71,6.27,0.8366666666666667
100,5.69,6.27,0.8266666666666667
101,5.68,6.26,0.79
102,5.67,6.26,0.79
103,5.66,6.26,0.8066666666666666
104,5.63,6.26,0.81
105,5.58,6.25,0.81
106,5.44,6.25,0.81
107,5.31,6.24,0.8233333333333334
108,5.3,6.23,0.8333333333333334
109,5.26,6.22,0.86
110,5.22,6.22,0.94
111,5.22,6.22,0.9766666666666668
112,5.26,6.23,0.99
113,5.26,6.26,1.0266666666666666
114,5.27,6.26,1.153333333333333
115,5.29,6.26,1.2633333333333334
116,5.29,6.26,1.29
117,5.34,6.26,1.2133333333333334
118,5.46,6.28,1.2
119,5.61,6.32,1.143333333333333
120,5.75,6.35,1.14
121,5.84,6.42,0.93
122,5.92,6.46,0.88
123,5.96,6.47,0.8266666666666667
124,6.04,6.48,0.7433333333333333
125,6.09,6.47,0.68
126,6.12,6.48,0.56
127,6.17,6.48,0.52
128,6.2,6.48,0.4933333333333333
129,6.23,6.49,0.5533333333333333
130,6.29,6.51,0.5266666666666666
131,6.37,6.53,0.5666666666666667
132,6.41,6.54,0.5733333333333334
133,6.47,6.54,0.5833333333333334
134,6.52,6.55,0.5333333333333333
135,6.58,6.56,0.4766666666666667
136,6.62,6.57,0.4133333333333333
137,6.65,6.58,0.4033333333333333
138,6.66,6.58,0.44
139,6.66,6.59,0.4566666666666666
140,6.68,6.59,0.5066666666666667
141,6.69,6.6,0.5366666666666666
142,6.7,6.61,0.5266666666666666
143,6.7,6.61,0.4666666666666667
144,6.69,6.61,0.4633333333333333
145,6.68,6.61,0.4866666666666667
146,6.67,6.61,0.5133333333333333
147,6.67,6.6,0.5166666666666667
148,6.65,6.59,0.4966666666666666
149,6.62,6.59,0.4166666666666667
150,6.57,6.58,0.41
151,6.52,6.55,0.3433333333333333
152,6.44,6.52,0.2966666666666667
153,6.38,6.47,0.3133333333333333
154,6.32,6.43,0.3033333333333333
155,6.26,6.4,0.3066666666666666
156,6.22,6.39,0.3233333333333333
157,6.17,6.38,0.32
158,6.14,6.37,0.3233333333333333
159,6.1,6.37,0.3233333333333333
160,6.09,6.36,0.2833333333333333
161,6.09,6.36,0.29
162,6.08,6.36,0.3033333333333333
163,6.08,6.37,0.32
164,6.1,6.37,0.3533333333333333
165,6.1,6.41,0.3766666666666666
166,6.12,6.44,0.3966666666666666
167,6.18,6.49,0.4266666666666667
168,6.26,6.57,0.45
169,6.32,6.63,0.4433333333333333
170,6.36,6.65,0.49
171,6.42,6.66,0.5366666666666666
172,6.46,6.66,0.51
173,6.48,6.68,0.4966666666666666
174,6.49,6.68,0.5066666666666667
175,6.51,6.68,0.4966666666666666
176,6.52,6.67,0.4933333333333333
177,6.53,6.66,0.4833333333333333
178,6.53,6.62,0.44
179,6.53,6.58,0.2
180,6.53,6.54,0.1166666666666666
181,6.52,6.5,0.0466666666666666
182,6.52,6.46,0.0733333333333333
183,6.51,6.43,0.1033333333333333
184,6.49,6.4,0.0966666666666666
185,6.48,6.4,0.1233333333333333
186,6.47,6.39,0.1466666666666666
187,6.47,6.39,0.15
188,6.47,6.4,0.16
189,6.46,6.4,0.1566666666666666
190,6.46,6.41,0.16
191,6.46,6.43,0.15
192,6.46,6.44,0.17
193,6.47,6.45,0.1866666666666666
194,6.47,6.46,0.2033333333333333
195,6.47,6.47,0.21
196,6.48,6.48,0.2233333333333333
197,6.48,6.48,0.2233333333333333
198,6.49,6.48,0.21
199,6.49,6.48,0.1566666666666666
200,6.5,6.47,0.1066666666666666
201,6.5,6.47,0.0966666666666666
202,6.5,6.47,0.1
203,6.5,6.47,0.0966666666666666
204,6.5,6.47,0.0933333333333333
205,6.5,6.47,0.09
206,6.49,6.47,0.0866666666666666
207,6.49,6.46,0.0866666666666666
208,6.49,6.46,0.08
209,6.48,6.46,0.08
210,6.48,6.46,0.0866666666666666
211,6.48,6.47,0.12
212,6.48,6.47,0.1366666666666666
213,6.48,6.47,0.19
214,6.48,6.48,0.2133333333333333
215,6.48,6.48,0.2033333333333333
216,6.49,6.49,0.2066666666666666
217,6.49,6.51,0.2066666666666666
218,6.5,6.53,0.16
219,6.52,6.56,0.1266666666666666
220,6.57,6.57,0.3266666666666666
221,6.64,6.61,0.5433333333333333
222,6.71,6.63,0.7866666666666666
223,6.79,6.69,0.85
224,6.86,6.79,0.8566666666666667
225,6.9,6.89,0.9666666666666668
226,6.96,7.02,1.0433333333333332
227,7.01,7.11,1.04
228,7.09,7.23,1.096666666666667
229,7.18,7.36,1.04
230,7.29,7.48,0.9566666666666668
231,7.41,7.59,0.9233333333333332
232,7.52,7.69,0.8133333333333334
233,7.6,7.74,0.6833333333333333
234,7.65,7.78,0.51
235,7.71,7.79,0.53
236,7.79,7.79,0.3533333333333333
237,7.84,7.79,0.28
238,7.9,7.79,0.3
239,7.9,7.8,0.39
240,7.94,7.8,0.3533333333333333
241,7.96,7.79,0.3366666666666666
242,7.99,7.78,0.3533333333333333
243,8.03,7.77,0.36
244,8.07,7.76,0.26
245,8.09,7.76,0.31
246,8.11,7.76,0.37
247,8.13,7.76,0.3866666666666666
248,8.16,7.75,0.4366666666666666
249,8.19,7.75,0.4666666666666667
250,8.19,7.75,0.4633333333333333
251,8.2,7.75,0.3766666666666666
252,8.2,7.75,0.38
253,8.21,7.75,0.4166666666666667
254,8.21,7.75,0.4166666666666667
255,8.22,7.75,0.43
256,8.23,7.75,0.4033333333333333
257,8.23,7.75,0.35
258,8.23,7.75,0.3333333333333333
259,8.23,7.75,0.3433333333333333
260,8.23,7.75,0.3433333333333333
261,8.23,7.74,0.3366666666666666
262,8.23,7.74,0.34
263,8.22,7.74,0.3233333333333333
264,8.19,7.73,0.33
265,8.18,7.73,0.33
266,8.14,7.71,0.32
267,8.12,7.67,0.3866666666666666
268,8.08,7.6,0.48
269,8.04,7.54,0.5466666666666666
270,7.96,7.45,0.6233333333333333
271,7.93,7.35,0.6
272,7.85,7.27,0.62
273,7.77,7.2,0.6366666666666667
274,7.63,7.11,0.67
275,7.53,6.95,0.71
276,7.4,6.82,0.6933333333333334
277,7.25,6.73,0.7033333333333334
278,7.08,6.61,0.68
279,6.97,6.46,0.3333333333333333
280,6.86,6.4,0.01
281,6.77,6.35,0.0033333333333333
282,6.69,6.3,0.0166666666666666
283,6.61,6.27,0.0666666666666666
284,6.52,6.23,0.1333333333333333
285,6.41,6.17,0.17
286,6.34,6.12,0.1933333333333333
287,6.3,6.1,0.1966666666666666
288,6.28,6.1,0.2066666666666666
289,6.29,6.1,0.2366666666666666
290,6.28,6.1,0.2366666666666666
291,6.3,6.1,0.24
292,6.31,6.09,0.24
293,6.32,6.1,0.2066666666666666
294,6.33,6.09,0.2066666666666666
295,6.33,6.1,0.2033333333333333
296,6.34,6.1,0.2033333333333333
297,6.34,6.1,0.1666666666666666
298,6.34,6.11,0.1633333333333333
299,6.34,6.11,0.17
300,6.34,6.11,0.1733333333333333
301,6.34,6.11,0.1566666666666666
302,6.34,6.12,0.1066666666666666
303,6.34,6.12,0.0766666666666666
304,6.35,6.13,0.08
305,6.36,6.13,0.0866666666666666
306,6.36,6.13,0.0866666666666666
307,6.37,6.13,0.1266666666666666
308,6.37,6.13,0.1366666666666666
309,6.38,6.13,0.15
310,6.38,6.13,0.17
311,6.39,6.13,0.18
312,6.39,6.13,0.1866666666666666
313,6.39,6.13,0.19
314,6.39,6.13,0.1866666666666666
315,6.39,6.13,0.1866666666666666
316,6.39,6.14,0.19
317,6.39,6.14,0.1933333333333333
318,6.39,6.14,0.1933333333333333
319,6.39,6.14,0.2033333333333333
320,6.39,6.14,0.2033333333333333
321,6.39,6.14,0.2033333333333333
322,6.39,6.15,0.2033333333333333
323,6.39,6.15,0.21
324,6.39,6.15,0.22
325,6.39,6.15,0.2233333333333333
326,6.39,6.15,0.2266666666666666
327,6.39,6.15,0.2233333333333333
328,6.4,6.15,0.2166666666666666
329,6.4,6.15,0.1966666666666666
330,6.41,6.16,0.1866666666666666
331,6.42,6.16,0.1766666666666666
332,6.43,6.16,0.16
333,6.44,6.17,0.1533333333333333
334,6.45,6.17,0.1266666666666666
335,6.47,6.18,0.11
336,6.49,6.21,0.08
337,6.55,6.28,-0.0466666666666666
338,6.61,6.33,-0.0533333333333333
339,6.68,6.39,-0.16
340,6.76,6.45,-0.17
341,6.86,6.52,-0.1766666666666666
342,6.96,6.58,0.52
343,7.06,6.67,0.75
344,7.14,6.82,0.8433333333333334
345,7.23,6.98,0.86
346,7.31,7.13,0.8
347,7.43,7.26,0.8066666666666666
348,7.51,7.43,0.86
349,7.59,7.57,0.7266666666666667
350,7.68,7.69,0.4066666666666667
351,7.75,7.76,0.3666666666666666
352,7.8,7.77,0.2033333333333333
353,7.81,7.77,0.2
354,7.82,7.77,0.2333333333333333
355,7.86,7.76,0.3066666666666666
356,7.85,7.75,0.3366666666666666
357,7.83,7.73,0.35
358,7.81,7.71,0.4633333333333333
359,7.8,7.69,0.5433333333333333
360,7.79,7.65,0.5133333333333333
361,7.79,7.56,0.5933333333333334
362,7.79,7.45,0.6433333333333333
363,7.76,7.33,0.63
364,7.71,7.22,0.6166666666666667
365,7.63,7.15,0.6366666666666667
366,7.56,7.02,0.6166666666666667
367,7.47,6.88,0.6133333333333333
368,7.36,6.76,0.6033333333333334
369,7.22,6.7,0.6033333333333334
370,7.1,6.6,0.4233333333333333
371,6.97,6.5,0.2133333333333333
372,6.86,6.42,0.11
373,6.71,6.36,0.0366666666666666
374,6.6,6.28,0.01
375,6.39,6.19,0.1266666666666666
376,6.26,6.16,0.1466666666666666
377,6.18,6.16,0.09
378,6.13,6.18,0.1166666666666666
379,6.08,6.19,0.1233333333333333
380,6.03,6.2,0.1366666666666666
381,5.98,6.19,0.2066666666666666
382,6.0,6.2,0.2033333333333333
383,6.0,6.21,0.22
384,5.99,6.21,0.2166666666666666
385,5.98,6.2,0.2033333333333333
386,5.97,6.2,0.2033333333333333
387,5.99,6.2,0.21
388,5.97,6.2,0.24
389,5.96,6.2,0.2466666666666666
390,5.96,6.2,0.2433333333333333
391,5.95,6.2,0.22
392,5.95,6.21,0.21
393,5.95,6.21,0.21
394,5.96,6.21,0.2366666666666666
395,5.96,6.22,0.24
396,5.98,6.22,0.24
397,6.0,6.22,0.2366666666666666
398,6.01,6.23,0.2433333333333333
399,6.02,6.24,0.2466666666666666
400,6.03,6.24,0.2466666666666666
401,6.06,6.25,0.2433333333333333
402,6.08,6.25,0.2366666666666666
403,6.1,6.25,0.23
404,6.12,6.25,0.2333333333333333
405,6.13,6.25,0.2166666666666666
406,6.14,6.25,0.1966666666666666
407,6.14,6.25,0.17
408,6.14,6.25,0.1666666666666666
409,6.14,6.24,0.16
410,6.15,6.23,0.15
411,6.15,6.22,0.1533333333333333
412,6.16,6.22,0.1566666666666666
413,6.19,6.21,0.1566666666666666
414,6.23,6.21,0.17
415,6.29,6.21,0.1566666666666666
416,6.35,6.21,0.1033333333333333
417,6.41,6.22,0.0633333333333333
418,6.54,6.28,0.0533333333333333
419,6.7,6.37,0.21
420,6.83,6.46,0.3866666666666666
421,6.93,6.59,0.81
422,7.04,6.73,0.95
423,7.16,6.92,1.0433333333333332
424,7.28,7.1,1.0766666666666669
425,7.45,7.22,1.12
426,7.58,7.42,0.9933333333333332
427,7.72,7.54,0.68
428,7.82,7.56,0.5033333333333333
429,7.88,7.55,0.5166666666666667
430,7.93,7.52,0.4833333333333333
431,7.99,7.49,0.58
432,8.01,7.46,0.59
433,8.04,7.42,0.7433333333333333
434,8.08,7.31,0.7166666666666667
435,8.09,7.17,0.7433333333333333
436,8.05,7.05,0.7566666666666667
437,8.02,6.9,0.5833333333333334
438,7.98,6.75,0.59
439,7.88,6.6,0.5966666666666667
440,7.68,6.41,0.53
441,7.49,6.39,0.5266666666666666
442,7.25,6.28,0.5533333333333333
443,7.12,6.29,0.7166666666666667
444,6.75,6.33,1.7133333333333334
445,6.54,6.39,1.99
446,6.63,6.75,1.9533333333333331
447,6.45,6.89,1.9833333333333332
448,6.48,6.84,1.77
449,6.36,6.7,1.6033333333333333
450,6.07,6.62,1.4533333333333334
451,6.17,6.61,1.46
452,6.23,6.6,1.346666666666667
453,6.22,6.42,1.13
454,6.28,6.37,1.1566666666666667
455,6.26,6.37,1.2133333333333334
456,6.27,6.32,1.25
457,6.27,6.26,1.3
458,6.35,6.3,1.3066666666666666
459,6.41,6.31,1.31
460,6.39,6.32,1.31
461,6.33,6.33,1.3066666666666666
462,6.31,6.34,1.28
463,6.3,6.34,1.2533333333333334
464,6.31,6.34,1.2566666666666666
465,6.31,6.32,1.28
466,6.32,6.32,1.3133333333333332
467,6.33,6.32,1.33
468,6.38,6.32,1.356666666666667
469,6.42,6.34,1.45
470,6.46,6.39,1.53
471,6.52,6.47,1.5766666666666669
472,6.58,6.6,1.81
473,6.6,6.66,1.89
474,6.58,6.6,1.81
475,6.57,6.46,1.7
476,6.56,6.44,1.6033333333333333
477,6.3,6.39,1.4866666666666666
478,6.33,6.32,1.4933333333333334
479,6.33,6.28,1.5
480,6.11,6.26,1.4633333333333334
481,6.06,6.22,1.44
482,6.03,6.15,1.4366666666666668
483,5.96,6.14,1.5033333333333334
484,6.02,6.13,1.4866666666666666
485,6.23,6.18,1.79
486,6.63,6.39,1.82
487,7.22,6.26,1.4066666666666667
488,7.49,6.05,0.8533333333333334
489,7.27,5.9,0.9033333333333332
490,7.12,5.7,0.66
491,6.78,5.56,0.8466666666666667
492,6.87,5.66,0.6133333333333333
493,7.04,5.73,0.45
494,7.08,5.69,0.3466666666666667
495,7.03,5.59,0.3566666666666667
496,6.98,5.55,0.3466666666666667
497,6.82,5.52,0.3933333333333333
498,6.73,5.54,0.4066666666666667
499,6.67,5.56,0.4033333333333333
500,6.59,5.58,0.33
501,6.5,5.6,0.2533333333333333
502,6.43,5.67,0.2166666666666666
503,6.35,5.73,0.2733333333333333
504,6.28,5.77,0.2
505,6.28,5.82,0.1533333333333333
506,6.28,5.88,0.1933333333333333
507,6.28,5.94,0.1933333333333333
508,6.27,5.97,0.2766666666666666
509,6.26,6.03,0.39
510,6.26,6.08,0.3533333333333333
511,6.26,6.11,0.3533333333333333
512,6.26,6.13,0.35
513,6.25,6.15,0.3533333333333333
514,6.23,6.15,0.3833333333333333
515,6.22,6.16,0.3766666666666666
516,6.21,6.15,0.3966666666666666
517,6.2,6.14,0.4333333333333333
518,6.2,6.14,0.4633333333333333
519,6.19,6.14,0.4533333333333333
520,6.18,6.13,0.44
521,6.18,6.13,0.3933333333333333
522,6.16,6.13,0.3333333333333333
523,6.16,6.13,0.3366666666666666
524,6.15,6.13,0.34
525,6.14,6.13,0.3433333333333333
526,6.13,6.13,0.3433333333333333
527,6.13,6.13,0.33
528,6.11,6.13,0.3266666666666666
529,6.1,6.13,0.3266666666666666
530,6.09,6.12,0.3166666666666666
531,6.08,6.12,0.31
532,6.06,6.12,0.3
533,6.05,6.12,0.3
534,6.05,6.12,0.3
535,6.05,6.12,0.3133333333333333
536,6.05,6.13,0.3133333333333333
537,6.05,6.13,0.31
538,6.06,6.14,0.31
539,6.07,6.15,0.3033333333333333
540,6.09,6.15,0.3033333333333333
541,6.1,6.15,0.3166666666666666
542,6.11,6.15,0.32
543,6.12,6.15,0.32
544,6.14,6.16,0.2966666666666667
545,6.14,6.15,0.27
546,6.15,6.15,0.2333333333333333
547,6.15,6.14,0.2033333333333333
548,6.15,6.14,0.1466666666666666
549,6.15,6.12,0.1633333333333333
550,6.14,6.11,0.1766666666666666
551,6.14,6.1,0.1333333333333333
552,6.12,6.09,0.15
553,6.12,6.09,0.1533333333333333
554,6.12,6.09,0.15
555,6.09,6.1,0.23
556,6.0,6.12,0.23
557,5.93,6.14,0.2733333333333333
558,5.69,6.14,0.5933333333333334
559,5.71,6.16,0.67
560,5.96,6.44,0.5233333333333333
561,6.2,6.61,0.86
562,6.11,6.62,1.1866666666666668
563,5.53,6.56,1.0766666666666669
564,5.52,6.42,1.2433333333333334
565,5.63,6.41,1.3066666666666666
566,5.66,6.4,1.3233333333333333
567,5.68,6.34,1.18
568,5.69,6.25,1.1266666666666667
569,5.77,6.17,1.1033333333333333
570,5.79,6.13,1.17
571,5.81,6.1,1.2133333333333334
572,5.8,6.08,1.2
573,5.93,6.1,1.19
574,5.92,6.04,1.17
575,5.91,6.03,1.14
576,5.9,6.02,1.12
577,5.9,6.01,1.1266666666666667
578,5.9,6.02,1.2
579,5.9,6.02,1.22
580,5.91,6.01,1.2066666666666668
581,5.92,6.0,1.2033333333333334
582,5.92,6.01,1.1866666666666668
583,5.94,6.01,1.1833333333333331
584,5.93,6.01,1.1833333333333331
585,5.93,6.01,1.1933333333333334
586,5.93,6.01,1.19
587,5.93,6.01,1.1866666666666668
588,5.93,6.02,1.153333333333333
589,5.93,6.02,1.1266666666666667
590,5.93,6.02,1.1166666666666667
591,5.93,5.98,1.09
592,5.93,5.96,1.0533333333333332
593,5.93,5.96,1.04
594,5.93,5.96,1.0066666666666666
595,5.91,5.96,1.0033333333333334
596,5.94,5.95,1.02
597,5.96,5.94,1.0266666666666666
598,5.97,5.92,1.03
599,5.98,5.91,1.0333333333333334
600,5.99,5.91,1.1133333333333333
601,5.99,5.91,1.106666666666667
602,5.99,5.91,1.106666666666667
603,5.99,5.9,1.1033333333333333
604,5.99,5.9,1.11
605,5.99,5.89,1.1133333333333333
606,5.98,5.89,1.14
607,5.98,5.88,1.17
608,5.98,5.88,1.1666666666666667
609,5.98,5.88,1.1866666666666668
610,5.98,5.88,1.21
611,5.99,5.91,1.2366666666666666
612,5.99,5.92,1.2466666666666666
613,5.99,5.92,1.24
614,5.99,5.93,1.23
615,5.99,5.94,1.2166666666666666
616,5.99,5.95,1.1933333333333334
617,6.0,5.95,1.1733333333333331
618,6.05,5.96,1.1266666666666667
619,6.08,5.96,1.1233333333333333
620,6.08,5.97,1.09
621,6.09,5.97,1.096666666666667
622,6.1,6.0,1.1
623,6.1,6.0,1.1033333333333333
624,6.08,6.0,1.106666666666667
625,6.07,6.0,1.1166666666666667
626,6.04,6.0,1.1
627,5.78,5.99,1.1233333333333333
628,5.83,5.99,1.21
629,5.72,5.91,1.24
630,5.65,5.83,1.3833333333333333
631,5.69,5.82,1.346666666666667
632,5.87,5.84,1.47
633,5.91,5.84,1.4733333333333334
634,6.12,5.87,1.75
635,6.56,6.13,1.8266666666666669
636,6.89,6.12,1.7166666666666666
637,6.86,6.1,1.66
638,6.86,5.89,1.5766666666666669
639,6.82,5.6,0.9166666666666666
640,6.7,5.46,0.87
641,6.55,5.41,0.7666666666666667
642,6.32,5.39,0.8333333333333334
643,6.35,5.46,0.61
644,6.35,5.46,0.4366666666666666
645,6.36,5.47,0.3733333333333333
646,6.37,5.48,0.3166666666666666
647,6.35,5.49,0.2733333333333333
648,6.33,5.5,0.3
649,6.31,5.51,0.2233333333333333
650,6.25,5.58,0.1766666666666666
651,6.15,5.64,0.1766666666666666
652,6.08,5.72,0.24
653,6.05,5.8,0.2666666666666666
654,6.04,5.83,0.24
655,6.01,5.87,0.2566666666666666
656,5.97,5.91,0.28
657,5.95,5.98,0.25
658,5.92,6.01,0.2866666666666667
659,5.9,6.06,0.2933333333333333
660,5.89,6.07,0.2433333333333333
661,5.89,6.1,0.2333333333333333
662,5.88,6.11,0.24
663,5.87,6.11,0.2866666666666667
664,5.87,6.12,0.2866666666666667
665,5.88,6.14,0.2866666666666667
666,5.87,6.14,0.2866666666666667
667,5.87,6.14,0.2766666666666666
668,5.84,6.14,0.2833333333333333
669,5.84,6.14,0.3066666666666666
670,5.84,6.14,0.2866666666666667
671,5.85,6.13,0.29
672,5.86,6.13,0.3166666666666666
673,5.89,6.13,0.33
674,5.92,6.13,0.3433333333333333
675,5.94,6.13,0.3633333333333333
676,5.94,6.14,0.4
677,5.94,6.14,0.4166666666666667
678,5.95,6.16,0.43
679,5.96,6.17,0.4266666666666667
680,5.96,6.18,0.4266666666666667
681,5.96,6.19,0.42
682,5.97,6.21,0.4133333333333333
683,5.97,6.23,0.41
684,5.98,6.24,0.41
685,5.98,6.24,0.4066666666666667
686,5.98,6.25,0.4066666666666667
687,5.98,6.25,0.4366666666666666
688,5.98,6.25,0.4633333333333333
689,5.97,6.25,0.4566666666666666
690,5.97,6.25,0.4533333333333333
691,5.97,6.25,0.4333333333333333
692,5.97,6.25,0.3766666666666666
693,5.96,6.24,0.3633333333333333
694,5.96,6.24,0.3766666666666666
695,5.96,6.24,0.38
696,5.96,6.22,0.3733333333333333
697,5.97,6.2,0.3733333333333333
698,5.98,6.18,0.41
699,6.0,6.17,0.4333333333333333
700,6.04,6.17,0.43
701,6.1,6.19,0.4466666666666666
702,6.21,6.25,0.4533333333333333
703,6.31,6.31,0.4533333333333333
704,6.49,6.43,0.44
705,6.63,6.52,0.5133333333333333
706,6.76,6.62,0.73
707,6.86,6.72,1.0433333333333332
708,6.96,6.89,1.13
709,7.08,7.04,1.086666666666667
710,7.13,7.2,1.0566666666666666
711,7.23,7.33,1.0133333333333334
712,7.4,7.48,0.7966666666666666
713,7.53,7.6,0.77
714,7.63,7.67,0.58
715,7.7,7.7,0.5433333333333333
716,7.8,7.7,0.52
717,7.83,7.71,0.4333333333333333
718,7.87,7.73,0.5033333333333333
719,7.89,7.74,0.4833333333333333
720,7.9,7.76,0.3766666666666666
721,7.93,7.75,0.4133333333333333
722,7.96,7.73,0.2866666666666667
723,8.0,7.72,0.2866666666666667
724,8.02,7.71,0.2766666666666666
725,8.04,7.7,0.2633333333333333
726,8.04,7.7,0.2966666666666667
727,8.05,7.69,0.31
728,8.05,7.69,0.2833333333333333
729,8.06,7.69,0.2566666666666666
730,8.07,7.69,0.23
731,8.08,7.68,0.24
732,8.07,7.68,0.2533333333333333
733,8.08,7.68,0.26
734,8.08,7.67,0.2366666666666666
735,8.08,7.67,0.21
736,8.08,7.67,0.2033333333333333
737,8.08,7.67,0.21
738,8.08,7.67,0.2433333333333333
739,8.08,7.66,0.25
740,8.08,7.66,0.2633333333333333
741,8.08,7.66,0.2833333333333333
742,8.08,7.65,0.3233333333333333
743,8.08,7.64,0.3366666666666666
744,8.07,7.62,0.3066666666666666
745,8.04,7.6,0.3133333333333333
746,8.04,7.55,0.36
747,8.04,7.47,0.3966666666666666
748,8.04,7.38,0.4266666666666667
749,8.0,7.29,0.4966666666666666
750,7.96,7.19,0.5066666666666667
751,7.93,7.1,0.4866666666666667
752,7.9,6.98,0.4566666666666666
753,7.89,6.86,0.2833333333333333
754,7.85,6.74,0.2133333333333333
755,7.81,6.63,0.0833333333333333
756,7.72,6.52,0.1533333333333333
757,7.64,6.47,0.1066666666666666
758,7.6,6.42,0.14
759,7.51,6.38,0.11
760,7.41,6.39,0.3233333333333333
761,7.24,6.29,0.92
762,6.84,6.37,1.6266666666666667
763,6.39,6.26,1.63
764,6.21,6.31,1.5133333333333334
765,6.02,6.19,0.87
766,5.86,6.2,0.8866666666666667
767,5.89,6.2,0.95
768,5.84,6.21,1.0766666666666669
769,5.92,6.22,1.05
770,6.0,6.23,1.0466666666666666
771,6.09,6.28,1.26
772,6.13,6.5,1.7033333333333334
773,6.24,6.47,1.62
774,6.26,6.37,1.4933333333333334
775,6.4,6.38,1.653333333333333
776,6.46,6.45,1.75
777,6.46,6.44,1.7133333333333334
778,6.45,6.58,1.8666666666666667
779,6.37,6.45,1.8233333333333333
780,6.37,6.48,1.8
781,6.42,6.51,2.023333333333333
782,6.48,6.53,2.036666666666666
783,6.57,6.53,2.043333333333333
784,6.66,6.61,2.023333333333333
785,6.71,6.71,2.023333333333333
786,6.67,6.71,1.9666666666666663
787,6.57,6.59,1.69
788,6.47,6.38,1.4366666666666668
789,6.43,6.3,1.3633333333333333
790,6.43,6.27,1.32
791,6.43,6.27,1.3666666666666667
792,6.45,6.28,1.41
793,6.47,6.3,1.43
794,6.48,6.28,1.393333333333333
795,6.49,6.27,1.346666666666667
796,6.42,6.23,1.2633333333333334
797,6.38,6.21,1.22
798,6.34,6.2,1.22
799,6.32,6.2,1.2333333333333334
800,6.26,6.2,1.2366666666666666
801,6.24,6.19,1.2466666666666666
802,6.23,6.19,1.2566666666666666
803,6.24,6.19,1.3
804,6.23,6.19,1.2466666666666666
805,6.2,6.14,1.23
806,6.19,6.14,1.1933333333333334
807,6.2,6.12,1.16
808,6.2,6.11,1.1466666666666667
809,6.11,6.06,1.17
810,6.06,6.04,1.24
811,6.05,6.03,1.2333333333333334
812,6.06,6.02,1.14
813,5.93,5.84,1.11
814,6.1,6.13,1.6266666666666667
815,6.1,6.01,1.44
816,6.06,5.87,1.3833333333333333
817,6.25,5.89,1.393333333333333
818,6.62,6.02,1.55
819,6.88,6.01,1.4866666666666666
820,7.27,5.73,1.3766666666666667
821,7.3,5.67,1.22
822,7.2,5.54,1.03
823,7.11,5.43,1.02
824,7.05,5.44,0.9433333333333334
825,7.02,5.42,0.8066666666666666
826,6.6,5.37,0.66
827,6.63,5.43,0.4966666666666666
828,6.65,5.47,0.4066666666666667
829,6.67,5.48,0.3833333333333333
830,6.67,5.48,0.3466666666666667
831,6.61,5.56,0.3166666666666666
832,6.55,5.65,0.2266666666666666
833,6.44,5.7,0.2066666666666666
834,6.37,5.76,0.1833333333333333
835,6.28,5.83,0.1933333333333333
836,6.18,5.88,0.2133333333333333
837,6.1,5.93,0.2633333333333333
838,6.07,5.95,0.25
839,6.08,5.98,0.21
840,6.05,6.03,0.2466666666666666
841,6.03,6.07,0.24
842,6.0,6.08,0.2766666666666666
843,5.98,6.09,0.28
844,5.99,6.11,0.2866666666666667
845,6.0,6.14,0.2266666666666666
846,5.98,6.16,0.2266666666666666
847,5.95,6.17,0.2433333333333333
848,5.93,6.17,0.2466666666666666
849,5.92,6.17,0.2733333333333333
850,5.91,6.17,0.27
851,5.9,6.16,0.29
852,5.89,6.16,0.34
853,5.9,6.16,0.3466666666666667
854,5.9,6.16,0.3833333333333333
855,5.9,6.16,0.4
856,5.89,6.15,0.45
857,5.86,6.16,0.4533333333333333
858,5.85,6.16,0.4466666666666666
859,5.84,6.16,0.4433333333333333
860,5.83,6.16,0.4466666666666666
861,5.83,6.18,0.4666666666666667
862,5.83,6.19,0.48
863,5.82,6.21,0.47
864,5.82,6.23,0.4666666666666667
865,5.82,6.24,0.4633333333333333
866,5.82,6.26,0.46
867,5.83,6.26,0.46
868,5.85,6.27,0.46
869,5.86,6.27,0.4466666666666666
870,5.87,6.28,0.45
871,5.87,6.28,0.4533333333333333
872,5.87,6.28,0.4566666666666666
873,5.88,6.27,0.45
874,5.89,6.27,0.45
875,5.9,6.27,0.45
876,5.9,6.27,0.4866666666666667
877,5.92,6.27,0.4866666666666667
878,5.99,6.27,0.4833333333333333
879,6.06,6.3,0.52
880,6.17,6.36,0.52
881,6.31,6.45,0.52
882,6.44,6.52,0.6766666666666666
883,6.59,6.62,0.8666666666666667
884,6.71,6.73,1.06
885,6.86,6.86,1.05
886,7.0,6.98,1.0733333333333333
887,7.1,7.09,0.9966666666666668
888,7.24,7.24,1.0066666666666666
889,7.4,7.4,0.82
890,7.57,7.51,0.64
891,7.72,7.59,0.45
892,7.85,7.6,0.3666666666666666
893,7.92,7.58,0.2266666666666666
894,7.98,7.57,0.23
895,8.06,7.54,0.1933333333333333
896,8.12,7.51,0.3233333333333333
897,8.14,7.51,0.47
898,8.11,7.39,0.6466666666666666
899,8.12,7.26,0.7633333333333333
900,8.12,7.15,0.7766666666666666
901,8.09,7.0,0.8333333333333334
902,8.06,6.86,0.7833333333333333
903,7.98,6.73,0.77
904,7.86,6.63,0.6533333333333333
905,7.72,6.5,0.6266666666666667
906,7.53,6.39,0.44
907,7.39,6.41,0.4
908,7.15,6.41,0.47
909,6.73,6.32,1.393333333333333
910,6.63,6.4,1.8833333333333333
911,6.68,6.95,1.913333333333333
912,6.48,7.12,2.0033333333333334
913,6.48,7.29,2.393333333333333
914,6.39,7.27,2.03
915,6.05,6.75,1.59
916,6.03,6.65,1.6266666666666667
917,6.05,6.59,1.6
918,6.1,6.59,1.6566666666666667
919,6.21,6.41,1.4433333333333334
920,6.27,6.31,1.3833333333333333
921,6.26,6.3,1.3633333333333333
922,6.25,6.31,1.39
923,6.24,6.3,1.393333333333333
924,6.25,6.33,1.41
925,6.25,6.32,1.3966666666666667
926,6.21,6.34,1.4
927,6.2,6.34,1.4066666666666667
928,6.17,6.35,1.413333333333333
929,6.18,6.37,1.46
930,6.19,6.37,1.42
931,6.19,6.38,1.413333333333333
932,6.25,6.38,1.4366666666666668
933,6.36,6.38,1.4366666666666668
934,6.35,6.42,1.4766666666666666
935,6.35,6.42,1.4633333333333334
936,6.35,6.41,1.4833333333333334
937,6.23,6.42,1.49
938,6.21,6.45,1.653333333333333
939,6.18,6.47,1.6333333333333333
940,6.18,6.47,1.596666666666667
941,6.18,6.48,1.68
942,6.19,6.48,1.6266666666666667
943,6.17,6.41,1.48
944,6.17,6.39,1.46
945,6.11,6.36,1.51
946,6.01,6.28,1.51
947,5.89,6.26,1.45
948,5.85,6.23,1.4
949,5.84,6.17,1.4866666666666666
950,6.11,6.28,1.7366666666666666
951,6.68,6.57,1.7433333333333334
952,6.73,6.55,1.76
953,7.0,6.4,1.57
954,7.05,6.05,1.37
955,6.89,5.78,0.9833333333333332
956,6.91,5.59,0.55
957,7.01,5.52,0.4166666666666667
958,6.97,5.54,0.39
959,6.97,5.5,0.34
960,6.99,5.47,0.3
961,6.98,5.43,0.31
962,6.97,5.37,0.3333333333333333
963,6.88,5.34,0.3
964,6.74,5.28,0.33
965,6.61,5.25,0.3266666666666666
966,6.54,5.27,0.28
967,6.46,5.29,0.24
968,6.4,5.32,0.1933333333333333
969,6.36,5.33,0.2166666666666666
970,6.32,5.39,0.19
971,6.28,5.49,0.1466666666666666
972,6.24,5.57,0.14
973,6.21,5.66,0.14
974,6.18,5.73,0.1566666666666666
975,6.18,5.8,0.1533333333333333
976,6.16,5.87,0.1633333333333333
977,6.16,5.92,0.2033333333333333
978,6.13,5.97,0.2333333333333333
979,6.11,6.02,0.27
980,6.1,6.06,0.2733333333333333
981,6.09,6.1,0.2966666666666667
982,6.1,6.13,0.3333333333333333
983,6.1,6.14,0.3366666666666666
984,6.1,6.14,0.3366666666666666
985,6.1,6.16,0.3533333333333333
986,6.1,6.18,0.3833333333333333
987,6.1,6.19,0.3666666666666666
988,6.1,6.18,0.4133333333333333
989,6.08,6.18,0.4
990,6.08,6.17,0.39
991,6.07,6.17,0.3866666666666666
992,6.07,6.17,0.3766666666666666
993,6.07,6.16,0.3733333333333333
994,6.07,6.16,0.3966666666666666
995,6.06,6.16,0.4133333333333333
996,6.05,6.16,0.43
997,6.04,6.16,0.4266666666666667
998,6.03,6.16,0.42
999,6.02,6.16,0.4266666666666667
1000,5.99,6.16,0.4966666666666666
1001,5.98,6.16,0.5233333333333333
1002,5.98,6.16,0.5166666666666667
1003,5.98,6.16,0.5133333333333333
1004,5.98,6.17,0.49
1005,5.99,6.17,0.49
1006,5.99,6.16,0.4866666666666667
1007,5.99,6.16,0.4833333333333333
1008,5.99,6.16,0.47
1009,5.99,6.16,0.4733333333333333
1010,5.98,6.16,0.4766666666666667
1011,5.98,6.16,0.4766666666666667
1012,5.98,6.17,0.45
1013,5.98,6.19,0.35
1014,5.99,6.2,0.3033333333333333
1015,5.97,6.21,0.2933333333333333
1016,5.96,6.22,0.2766666666666666
1017,5.9,6.21,0.29
1018,5.88,6.21,0.3033333333333333
1019,5.83,6.19,0.3066666666666666
1020,5.8,6.18,0.3133333333333333
1021,5.67,6.15,0.4
1022,5.55,6.11,0.5766666666666667
1023,5.4,6.08,0.8233333333333334
1024,5.33,6.05,0.85
1025,5.39,6.04,0.92
1026,5.44,6.04,0.7633333333333333
1027,5.49,6.05,0.6633333333333333
1028,5.7,6.04,0.5033333333333333
1029,5.86,6.04,0.41
1030,6.02,6.1,0.2966666666666667
1031,6.07,6.1,0.3866666666666666
1032,6.05,6.1,0.4166666666666667
1033,5.99,6.03,0.7233333333333334
1034,5.97,6.03,0.7133333333333334
1035,6.01,6.02,0.9066666666666666
1036,6.15,6.05,1.0266666666666666
1037,6.45,6.15,0.9633333333333334
1038,6.82,6.2,0.6933333333333334
1039,7.17,6.27,0.5333333333333333
1040,7.46,6.32,0.37
1041,7.7,6.37,0.4033333333333333
1042,7.9,6.42,0.3133333333333333
1043,7.99,6.57,0.3333333333333333
1044,8.13,6.69,0.2933333333333333
1045,8.3,6.77,0.16
1046,8.46,6.85,0.0366666666666666
1047,8.56,6.94,-0.1733333333333333
1048,8.62,6.98,-0.37
1049,8.66,6.94,-0.3733333333333333
1050,8.64,6.88,-0.33
1051,8.6,6.86,-0.5166666666666667
1052,8.57,6.68,-0.4766666666666667
1053,8.56,6.49,-0.3266666666666666
1054,8.52,6.4,0.0466666666666666
1055,8.5,6.3,0.0166666666666666
1056,8.49,6.24,0.13
1057,8.49,6.2,0.17
1058,8.49,6.18,0.1833333333333333
1059,8.49,6.17,0.06
1060,8.48,6.16,-0.0833333333333333
1061,8.48,6.16,-0.27
1062,8.48,6.16,-0.3466666666666667
1063,8.45,6.16,-0.25
1064,8.39,6.15,-0.1566666666666666
1065,8.33,6.14,-0.1133333333333333
1066,8.25,6.13,0.0
1067,8.14,6.1,0.0833333333333333
1068,8.07,6.06,0.0366666666666666
1069,7.98,6.01,0.0166666666666666
1070,7.86,5.97,0.0233333333333333
1071,7.77,5.94,0.0433333333333333
1072,7.68,5.91,0.1133333333333333
1073,7.53,5.85,0.5866666666666667
1074,7.38,5.82,0.7266666666666667
1075,7.26,5.81,0.58
1076,7.16,5.82,0.5433333333333333
1077,7.07,5.83,0.5
1078,7.0,5.83,0.4666666666666667
1079,7.05,5.88,0.2833333333333333
1080,6.96,5.9,0.34
1081,6.98,5.92,0.3233333333333333
1082,6.96,5.97,0.2733333333333333
1083,6.79,6.03,0.3266666666666666
1084,6.68,6.04,0.51
1085,6.23,5.87,0.8433333333333334
1086,6.29,5.82,0.7
1087,6.3,5.79,0.6266666666666667
1088,6.24,5.71,0.6466666666666666
1089,6.22,5.65,0.67
1090,6.2,5.61,0.5833333333333334
1091,6.2,5.58,0.5533333333333333
1092,6.21,5.59,0.46
1093,6.24,5.62,0.4733333333333333
1094,6.22,5.67,0.4666666666666667
1095,6.24,5.71,0.3833333333333333
1096,6.31,5.77,0.2933333333333333
1097,6.33,5.83,0.2533333333333333
1098,6.33,5.84,0.22
1099,6.33,5.85,0.2
1100,6.32,5.89,0.1933333333333333
1101,6.27,5.91,0.18
1102,6.22,5.95,0.17
1103,6.18,5.98,0.1733333333333333
1104,6.14,6.0,0.1433333333333333
1105,6.1,6.03,0.1333333333333333
1106,6.03,6.03,0.14
1107,6.0,6.05,0.0733333333333333
1108,5.97,6.06,0.0633333333333333
1109,5.95,6.1,0.0466666666666666
1110,5.95,6.12,0.0466666666666666
1111,5.96,6.17,-0.0166666666666666
1112,5.97,6.2,0.0133333333333333
1113,5.98,6.23,0.03
1114,5.99,6.23,0.11
1115,5.96,6.22,0.1366666666666666
1116,5.96,6.22,0.1733333333333333
1117,5.95,6.21,0.2033333333333333
1118,5.93,6.21,0.2
1119,5.91,6.21,0.2166666666666666
1120,5.9,6.2,0.2633333333333333
1121,5.88,6.19,0.2766666666666666
1122,5.87,6.19,0.3
1123,5.85,6.18,0.3266666666666666
1124,5.86,6.18,0.3333333333333333
1125,5.85,6.18,0.3666666666666666
1126,5.84,6.18,0.3566666666666667
1127,5.8,6.17,0.3466666666666667
1128,5.77,6.17,0.35
1129,5.72,6.16,0.3433333333333333
1130,5.68,6.15,0.3466666666666667
1131,5.54,6.14,0.4333333333333333
1132,5.43,6.18,0.59
1133,5.32,6.09,0.6066666666666667
1134,5.41,6.09,0.5666666666666667
1135,5.51,6.09,0.5366666666666666
1136,5.52,6.05,0.5233333333333333
1137,5.53,5.97,0.59
1138,5.54,5.98,0.57
1139,5.54,5.93,0.7
1140,5.58,5.94,0.65
1141,5.64,6.0,0.6533333333333333
1142,5.69,6.06,0.6733333333333333
1143,5.87,6.06,0.65
1144,5.88,6.06,0.6833333333333333
1145,5.9,6.05,0.7166666666666667
1146,5.94,6.05,0.69
1147,5.91,6.03,0.64
1148,5.89,5.93,0.54
1149,5.58,5.81,0.57
1150,5.73,5.84,0.4566666666666666
1151,6.16,5.86,0.33
1152,6.22,5.86,0.34
1153,6.12,5.82,0.5366666666666666
1154,6.07,5.82,0.9
1155,6.16,5.83,0.77
1156,6.28,5.84,0.9033333333333332
1157,6.49,5.84,0.8466666666666667
1158,6.79,5.91,0.8066666666666666
1159,7.13,5.94,0.65
1160,7.48,6.02,0.4
1161,7.72,6.09,0.2
1162,7.95,6.15,0.22
1163,8.15,6.19,0.3533333333333333
1164,8.3,6.38,0.4
1165,8.42,6.5,0.4166666666666667
1166,8.59,6.62,0.3066666666666666
1167,8.76,6.72,0.03
1168,8.85,6.84,-0.2666666666666666
1169,8.9,6.91,-0.57
1170,8.93,6.9,-0.4266666666666667
1171,8.91,6.85,-0.4833333333333333
1172,8.9,6.8,-0.2833333333333333
1173,8.87,6.77,-0.2333333333333333
1174,8.83,6.66,-0.22
1175,8.81,6.5,-0.27
1176,8.78,6.37,-0.2966666666666667
1177,8.76,6.31,-0.2666666666666666
1178,8.75,6.26,-0.2366666666666666
1179,8.72,6.23,-0.09
1180,8.64,6.2,-0.09
1181,8.54,6.16,-0.0533333333333333
1182,8.41,6.12,0.05
1183,8.34,6.06,0.0033333333333333
1184,8.28,5.98,0.02
1185,8.21,5.93,0.0033333333333333
1186,8.11,5.89,-0.04
1187,8.01,5.87,-0.0533333333333333
1188,7.94,5.84,-0.0533333333333333
1189,7.86,5.81,-0.0033333333333333
1190,7.81,5.81,-0.02
1191,7.72,5.78,0.0566666666666666
1192,7.62,5.76,0.21
1193,7.56,5.75,0.3533333333333333
1194,7.52,5.75,0.3266666666666666
1195,7.51,5.76,0.2666666666666666
1196,7.48,5.75,0.2233333333333333
1197,7.41,5.72,0.32
1198,7.33,5.7,0.3166666666666666
1199,7.37,5.71,0.1566666666666666
1200,7.39,5.71,0.16
1201,7.3,5.72,0.1666666666666666
1202,7.17,5.72,0.2033333333333333
1203,7.14,5.77,0.39
1204,7.03,5.91,0.49
1205,6.98,5.93,0.5333333333333333
1206,6.81,5.94,0.61
1207,6.88,5.93,0.5333333333333333
1208,6.73,5.9,0.6066666666666667
1209,6.68,5.9,0.5833333333333334
1210,6.64,5.9,0.5833333333333334
1211,6.42,5.87,0.74
1212,6.5,5.8,0.6533333333333333
1213,6.58,5.78,0.5666666666666667
1214,6.62,5.75,0.4866666666666667
1215,6.47,5.69,0.49
1216,6.52,5.65,0.3033333333333333
1217,6.68,5.66,0.2
1218,6.71,5.66,0.1866666666666666
1219,6.71,5.65,0.23
1220,6.67,5.64,0.25
1221,6.65,5.64,0.2
1222,6.57,5.64,0.24
1223,6.46,5.64,0.2566666666666666
1224,6.32,5.65,0.32
1225,6.28,5.65,0.32
1226,6.24,5.65,0.32
1227,6.2,5.66,0.32
1228,6.2,5.7,0.28
1229,6.2,5.73,0.1733333333333333
1230,6.2,5.76,0.1266666666666666
1231,6.18,5.78,0.12
1232,6.17,5.81,0.1166666666666666
1233,6.18,5.87,0.1
1234,6.18,5.9,0.1133333333333333
1235,6.17,5.96,0.11
1236,6.16,5.98,0.0933333333333333
1237,6.16,5.99,0.0766666666666666
1238,6.15,6.01,0.0633333333333333
1239,6.13,6.02,0.07
1240,6.13,6.04,0.0766666666666666
1241,6.12,6.06,0.08
1242,6.1,6.05,0.1066666666666666
1243,6.07,6.04,0.1133333333333333
1244,6.06,6.04,0.1033333333333333
1245,6.05,6.04,0.1533333333333333
1246,6.05,6.06,0.1833333333333333
1247,6.05,6.06,0.1833333333333333
1248,6.05,6.06,0.1833333333333333
1249,6.05,6.07,0.18
1250,6.05,6.08,0.2033333333333333
1251,6.05,6.08,0.2
1252,6.06,6.09,0.1533333333333333
1253,6.06,6.09,0.11
1254,6.06,6.09,0.0966666666666666
1255,6.06,6.1,0.0833333333333333
1256,6.06,6.1,0.09
1257,6.07,6.1,0.1
1258,6.08,6.1,0.1033333333333333
1259,6.09,6.1,0.1033333333333333
1260,6.1,6.1,0.14
1261,6.1,6.1,0.18
1262,6.11,6.1,0.1866666666666666
1263,6.12,6.1,0.18
1264,6.12,6.1,0.18
1265,6.12,6.08,0.2033333333333333
1266,6.11,6.06,0.2033333333333333
1267,6.09,6.04,0.2633333333333333
1268,6.05,6.01,0.3166666666666666
1269,6.04,5.98,0.34
1270,6.04,5.97,0.3366666666666666
1271,6.04,5.96,0.3133333333333333
1272,6.05,5.96,0.3033333333333333
1273,6.12,5.96,0.2533333333333333
1274,6.22,5.96,0.21
1275,6.3,5.98,0.21
1276,6.41,6.05,0.22
1277,6.57,6.17,0.25
1278,6.68,6.31,0.3466666666666667
1279,6.85,6.47,0.6166666666666667
1280,7.06,6.65,0.86
1281,7.23,6.84,0.88
1282,7.36,7.0,0.7533333333333333
1283,7.54,7.16,0.7066666666666667
1284,7.69,7.33,0.5333333333333333
1285,7.88,7.51,0.3
1286,8.0,7.62,0.0766666666666666
1287,8.11,7.7,0.0
1288,8.18,7.67,0.11
1289,8.22,7.66,0.1966666666666666
1290,8.27,7.61,0.1633333333333333
1291,8.3,7.55,0.1866666666666666
1292,8.32,7.51,0.18
1293,8.36,7.41,0.1966666666666666
1294,8.34,7.26,0.37
1295,8.28,7.11,0.41
1296,8.25,6.98,0.5733333333333334
1297,8.23,6.8,0.6166666666666667
1298,8.09,6.67,0.6333333333333333
1299,7.94,6.54,0.4666666666666667
1300,7.76,6.42,0.2866666666666667
1301,7.57,6.34,0.3066666666666666
1302,7.43,6.34,0.32
1303,7.41,6.37,0.4766666666666667
1304,7.2,6.46,0.8666666666666667
1305,6.76,6.49,1.663333333333333
1306,6.91,6.82,1.95
1307,6.69,7.12,2.28
1308,6.83,7.27,2.4633333333333334
1309,6.73,7.16,2.01
1310,6.41,6.74,1.5666666666666669
1311,6.23,6.61,1.42
1312,6.27,6.58,1.4233333333333331
1313,6.28,6.53,1.3866666666666667
1314,6.27,6.43,1.31
1315,6.26,6.41,1.3233333333333333
1316,6.33,6.34,1.3833333333333333
1317,6.36,6.32,1.3833333333333333
1318,6.39,6.35,1.3866666666666667
1319,6.39,6.38,1.3866666666666667
1320,6.42,6.4,1.4066666666666667
1321,6.45,6.41,1.403333333333333
1322,6.46,6.43,1.4666666666666666
1323,6.46,6.5,1.62
1324,6.43,6.58,1.8066666666666664
1325,6.46,6.62,1.84
1326,6.53,6.69,2.13
1327,6.54,6.68,1.9633333333333332
1328,6.54,6.69,2.03
1329,6.4,6.65,1.91
1330,6.38,6.68,2.05
1331,6.21,6.6,1.9533333333333331
1332,6.07,6.38,1.56
1333,6.03,6.29,1.393333333333333
1334,6.1,6.3,1.48
1335,6.14,6.28,1.5066666666666666
1336,6.7,6.48,1.6733333333333331
1337,7.06,6.49,1.596666666666667
1338,7.19,6.36,1.3166666666666669
1339,7.24,6.22,1.1566666666666667
1340,7.16,6.01,1.23
1341,7.08,5.83,0.84
1342,7.12,5.75,0.56
1343,7.28,5.72,0.4533333333333333
1344,7.41,5.75,0.3433333333333333
1345,7.34,5.65,0.29
1346,7.28,5.59,0.2466666666666666
1347,7.24,5.51,0.29
1348,7.07,5.48,0.3333333333333333
1349,6.95,5.46,0.3066666666666666
1350,6.86,5.46,0.2433333333333333
1351,6.79,5.45,0.3033333333333333
1352,6.72,5.44,0.3633333333333333
1353,6.65,5.47,0.36
1354,6.59,5.48,0.3633333333333333
1355,6.55,5.52,0.3666666666666666
1356,6.55,5.61,0.2933333333333333
1357,6.52,5.7,0.26
1358,6.53,5.79,0.19
1359,6.53,5.88,0.1733333333333333
1360,6.52,5.95,0.14
1361,6.5,6.01,0.1266666666666666
1362,6.48,6.06,0.16
1363,6.46,6.1,0.1733333333333333
1364,6.45,6.14,0.25
1365,6.45,6.17,0.2466666666666666
1366,6.45,6.21,0.2033333333333333
1367,6.46,6.24,0.1866666666666666
1368,6.46,6.27,0.15
1369,6.46,6.28,0.2033333333333333
1370,6.47,6.27,0.22
1371,6.47,6.27,0.2066666666666666
1372,6.47,6.25,0.13
1373,6.47,6.24,0.0866666666666666
1374,6.48,6.24,0.09
1375,6.48,6.24,0.0833333333333333
1376,6.48,6.22,0.0566666666666666
1377,6.48,6.21,0.0366666666666666
1378,6.48,6.2,-0.0166666666666666
1379,6.48,6.2,-0.0133333333333333
1380,6.47,6.19,0.0
1381,6.47,6.19,0.01
1382,6.47,6.19,0.01
1383,6.47,6.19,0.0166666666666666
1384,6.47,6.18,0.02
1385,6.48,6.18,0.0266666666666666
1386,6.48,6.18,0.04
1387,6.48,6.19,0.0566666666666666
1388,6.48,6.19,0.06
1389,6.48,6.19,0.06
1390,6.48,6.19,0.0866666666666666
1391,6.48,6.2,0.0866666666666666
1392,6.48,6.2,0.0866666666666666
1393,6.48,6.2,0.0866666666666666
1394,6.48,6.2,0.0633333333333333
1395,6.47,6.2,0.03
1396,6.47,6.2,0.0166666666666666
1397,6.47,6.2,0.01
1398,6.47,6.19,0.0033333333333333
1399,6.47,6.19,0.0233333333333333
1400,6.46,6.18,0.0266666666666666
1401,6.46,6.18,0.01
1402,6.45,6.18,0.0466666666666666
1403,6.44,6.18,0.1
1404,6.44,6.18,0.1
1405,6.43,6.18,0.1033333333333333
1406,6.43,6.18,0.0966666666666666
1407,6.44,6.18,0.0366666666666666
1408,6.45,6.19,-0.0166666666666666
1409,6.47,6.19,-0.0566666666666666
1410,6.5,6.19,-0.0566666666666666
1411,6.56,6.21,-0.04
1412,6.66,6.24,-0.0433333333333333
1413,6.75,6.24,-0.0733333333333333
1414,6.81,6.24,-0.1366666666666666
1415,6.92,6.25,-0.1633333333333333
1416,7.0,6.26,-0.1433333333333333
1417,7.1,6.27,-0.1266666666666666
1418,7.18,6.28,-0.1166666666666666
1419,7.27,6.29,-0.1166666666666666
1420,7.32,6.3,-0.1133333333333333
1421,7.37,6.31,-0.1133333333333333
1422,7.4,6.34,-0.0733333333333333
1423,7.4,6.36,-0.0733333333333333
1424,7.35,6.42,-0.0533333333333333
1425,7.33,6.47,0.7533333333333333
1426,7.32,6.53,1.43
1427,7.3,6.52,1.5333333333333334
1428,7.15,6.54,1.42
1429,6.39,6.53,1.8066666666666664
1430,6.18,6.06,0.63
1431,6.12,6.08,0.71
1432,6.04,6.07,0.7266666666666667
1433,6.02,6.08,0.82
1434,6.06,6.42,2.05
1435,6.2,6.97,2.263333333333333
1436,6.31,7.14,2.22
1437,6.46,7.22,2.263333333333333
1438,6.47,7.23,2.1466666666666665
1439,6.53,7.18,2.12
1440,6.65,7.16,2.14
1441,6.73,7.08,2.006666666666667
1442,6.76,7.08,1.9766666666666663
1443,6.74,7.05,2.03
1444,6.41,6.81,1.9766666666666663
1445,6.28,6.53,1.6933333333333334
1446,6.16,6.33,1.2166666666666666
1447,6.14,6.3,1.3133333333333332
1448,6.12,6.23,1.1933333333333334
1449,6.11,6.21,1.21
1450,6.12,6.17,1.31
1451,6.15,6.16,1.35
1452,6.16,6.09,1.2733333333333334
1453,6.12,5.89,1.26
1454,6.14,5.96,1.3666666666666667
1455,6.19,5.99,1.3733333333333333
1456,6.32,6.03,1.38
1457,6.51,6.05,1.37
1458,6.69,6.03,1.25
1459,6.93,5.93,1.0333333333333334
1460,7.01,5.76,0.53
1461,7.0,5.71,0.5566666666666666
1462,7.0,5.62,0.3866666666666666
1463,7.07,5.56,0.2433333333333333
1464,6.98,5.51,0.26
1465,6.83,5.5,0.3366666666666666
1466,6.79,5.55,0.4233333333333333
1467,6.78,5.58,0.47
1468,6.82,5.6,0.4866666666666667
1469,6.99,5.43,0.26
1470,7.11,5.36,0.1433333333333333
1471,7.12,5.35,0.1433333333333333
1472,6.9,5.38,0.11
1473,6.78,5.44,0.1133333333333333
1474,6.71,5.53,0.0533333333333333
1475,6.69,5.63,0.0533333333333333
1476,6.62,5.7,0.0533333333333333
1477,6.55,5.75,0.0566666666666666
1478,6.5,5.81,0.0733333333333333
1479,6.41,5.83,0.1
1480,6.36,5.9,0.11
1481,6.3,5.95,0.12
1482,6.27,5.99,0.13
1483,6.27,6.05,0.1866666666666666
1484,6.27,6.09,0.22
1485,6.26,6.12,0.2133333333333333
1486,6.25,6.16,0.24
1487,6.26,6.17,0.23
1488,6.27,6.18,0.2266666666666666
1489,6.28,6.17,0.2666666666666666
1490,6.27,6.17,0.3133333333333333
1491,6.27,6.17,0.2066666666666666
1492,6.25,6.17,0.1866666666666666
1493,6.24,6.16,0.1033333333333333
1494,6.23,6.16,0.0833333333333333
1495,6.23,6.16,0.08
1496,6.21,6.16,0.0933333333333333
1497,6.21,6.16,0.1033333333333333
1498,6.2,6.16,0.1566666666666666
1499,6.19,6.16,0.17
1500,6.18,6.16,0.1866666666666666
1501,6.17,6.16,0.2266666666666666
1502,6.16,6.16,0.2433333333333333
1503,6.16,6.16,0.22
1504,6.16,6.17,0.2033333333333333
1505,6.16,6.18,0.17
1506,6.16,6.19,0.1666666666666666
1507,6.17,6.2,0.16
1508,6.17,6.21,0.1433333333333333
1509,6.19,6.21,0.0933333333333333
1510,6.2,6.21,0.0866666666666666
1511,6.21,6.21,0.0866666666666666
1512,6.22,6.21,0.0933333333333333
1513,6.22,6.21,0.1
1514,6.23,6.21,0.0933333333333333
1515,6.23,6.21,0.0833333333333333
1516,6.23,6.21,0.0466666666666666
1517,6.23,6.2,0.0566666666666666
1518,6.23,6.18,0.11
1519,6.23,6.16,0.1166666666666666
1520,6.24,6.16,0.13
1521,6.26,6.15,0.06
1522,6.29,6.15,0.0433333333333333
1523,6.33,6.15,0.0466666666666666
1524,6.41,6.15,0.0366666666666666
1525,6.5,6.16,-0.04
1526,6.55,6.16,-0.06
1527,6.64,6.17,-0.1433333333333333
1528,6.75,6.17,-0.1266666666666666
1529,6.84,6.18,-0.1133333333333333
1530,6.93,6.18,-0.13
1531,6.99,6.19,-0.1533333333333333
1532,7.07,6.19,-0.1533333333333333
1533,7.13,6.19,-0.16
1534,7.21,6.18,-0.17
1535,7.2,6.17,-0.1666666666666666
1536,7.2,6.14,-0.1
1537,7.16,6.14,0.0266666666666666
1538,7.14,6.21,0.4066666666666667
1539,7.05,6.2,0.2933333333333333
1540,6.9,6.21,1.0066666666666666
1541,6.47,6.03,0.93
1542,6.09,6.03,0.8
1543,6.06,5.97,0.9366666666666666
1544,5.94,5.98,1.0766666666666669
1545,5.91,5.99,0.99
1546,5.97,6.16,1.27
1547,6.03,6.58,2.11
1548,6.07,6.45,1.53
1549,6.1,6.39,1.4333333333333331
1550,6.25,6.7,1.9733333333333332
1551,6.27,6.63,1.9266666666666667
1552,6.51,6.86,2.023333333333333
1553,6.52,6.77,1.92
1554,6.56,6.72,1.91
1555,6.53,6.55,1.8733333333333333
1556,6.46,6.43,1.6566666666666667
1557,6.42,6.29,1.5166666666666666
1558,6.41,6.24,1.45
1559,6.39,6.16,1.2533333333333334
1560,6.34,6.09,1.0733333333333333
1561,6.23,6.08,1.0366666666666666
1562,6.17,6.05,1.0733333333333333
1563,6.16,6.07,1.106666666666667
1564,6.16,6.08,1.0733333333333333
1565,6.14,6.05,1.1033333333333333
1566,6.08,6.04,1.15
1567,6.08,6.01,1.17
1568,6.1,5.99,1.1766666666666667
1569,6.1,5.99,1.1733333333333331
1570,6.06,5.83,1.2833333333333334
1571,6.17,5.88,1.5166666666666666
1572,6.43,5.9,1.47
1573,6.66,5.92,1.53
1574,6.83,5.78,1.14
1575,6.89,5.7,0.97
1576,6.96,5.7,0.88
1577,6.91,5.61,0.68
1578,6.86,5.5,0.4666666666666667
1579,6.81,5.44,0.41
1580,6.73,5.4,0.3733333333333333
1581,6.53,5.42,0.3533333333333333
1582,6.33,5.44,0.5066666666666667
1583,6.4,5.44,0.45
1584,6.43,5.46,0.4433333333333333
1585,6.45,5.46,0.4366666666666666
1586,6.6,5.57,0.27
1587,6.86,5.56,0.1666666666666666
1588,6.84,5.58,0.13
1589,6.66,5.65,0.1166666666666666
1590,6.48,5.69,0.1066666666666666
1591,6.37,5.72,0.1533333333333333
1592,6.32,5.79,0.1766666666666666
1593,6.24,5.86,0.1966666666666666
1594,6.19,5.93,0.21
1595,6.16,5.99,0.1833333333333333
1596,6.13,6.0,0.16
1597,6.1,6.04,0.16
1598,6.09,6.08,0.12
1599,6.08,6.11,0.1333333333333333
1600,6.09,6.14,0.11
1601,6.1,6.16,0.1133333333333333
1602,6.1,6.16,0.1566666666666666
1603,6.1,6.17,0.2
1604,6.09,6.15,0.25
1605,6.07,6.14,0.25
1606,6.07,6.14,0.26
1607,6.07,6.13,0.26
1608,6.08,6.13,0.2833333333333333
1609,6.09,6.13,0.28
1610,6.1,6.12,0.28
1611,6.1,6.12,0.2833333333333333
1612,6.11,6.12,0.29
1613,6.12,6.12,0.2933333333333333
1614,6.12,6.12,0.2766666666666666
1615,6.11,6.12,0.2833333333333333
1616,6.07,6.12,0.3133333333333333
1617,6.02,6.12,0.3166666666666666
1618,5.98,6.13,0.32
1619,5.97,6.16,0.2933333333333333
1620,5.94,6.19,0.2633333333333333
1621,5.95,6.23,0.2633333333333333
1622,5.95,6.24,0.2666666666666666
1623,5.96,6.26,0.2233333333333333
1624,5.97,6.3,0.2066666666666666
1625,5.97,6.31,0.2166666666666666
1626,5.98,6.31,0.23
1627,6.0,6.31,0.26
1628,5.99,6.3,0.2933333333333333
1629,5.96,6.29,0.29
1630,5.96,6.27,0.29
1631,5.96,6.26,0.2733333333333333
1632,5.99,6.25,0.2233333333333333
1633,6.0,6.23,0.1766666666666666
1634,5.99,6.21,0.1666666666666666
1635,6.01,6.2,0.1466666666666666
1636,6.06,6.2,0.2
1637,6.16,6.21,0.3633333333333333
1638,6.33,6.31,0.4266666666666667
1639,6.56,6.44,0.51
1640,6.76,6.63,0.6333333333333333
1641,7.0,6.88,0.75
1642,7.17,7.14,0.77
1643,7.34,7.32,0.71
1644,7.56,7.58,0.6466666666666666
1645,7.74,7.79,0.6133333333333333
1646,7.91,7.94,0.2133333333333333
1647,7.93,7.98,0.0666666666666666
1648,8.02,7.99,-0.0466666666666666
1649,8.09,8.0,-0.1533333333333333
1650,8.14,8.0,-0.1366666666666666
1651,8.16,7.97,-0.0466666666666666
1652,8.19,7.95,0.0133333333333333
1653,8.21,7.91,0.0166666666666666
1654,8.22,7.88,-0.0133333333333333
1655,8.24,7.86,0.0033333333333333
1656,8.27,7.86,0.02
1657,8.29,7.83,0.0266666666666666
1658,8.31,7.79,0.0333333333333333
1659,8.32,7.74,0.1466666666666666
1660,8.32,7.66,0.2166666666666666
1661,8.33,7.59,0.2166666666666666
1662,8.35,7.53,0.2566666666666666
1663,8.34,7.46,0.3433333333333333
1664,8.3,7.38,0.2966666666666667
1665,8.21,7.3,0.27
1666,8.15,7.2,0.3866666666666666
1667,8.14,7.08,0.35
1668,8.07,6.97,0.3233333333333333
1669,7.97,6.83,0.36
1670,7.9,6.7,0.39
1671,7.81,6.6,0.37
1672,7.72,6.52,0.1866666666666666
1673,7.61,6.4,-0.01
1674,7.48,6.24,-0.0666666666666666
1675,7.39,6.12,-0.0933333333333333
1676,7.33,6.03,-0.0233333333333333
1677,7.2,6.05,0.0
1678,7.1,6.04,0.02
1679,6.97,6.04,0.09
1680,6.88,6.03,0.1966666666666666
1681,6.85,6.04,0.2766666666666666
1682,6.78,6.03,0.38
1683,6.74,6.02,0.42
1684,6.73,6.01,0.4866666666666667
1685,6.75,6.01,0.43
1686,6.77,6.01,0.4333333333333333
1687,6.78,6.02,0.45
1688,6.79,6.02,0.4266666666666667
1689,6.8,6.02,0.2933333333333333
1690,6.81,6.02,0.2833333333333333
1691,6.82,6.01,0.19
1692,6.82,6.01,0.14
1693,6.82,5.98,0.11
1694,6.76,5.93,0.0866666666666666
1695,6.7,5.9,0.0933333333333333
1696,6.64,5.84,0.0766666666666666
1697,6.62,5.84,0.08
1698,6.54,5.85,0.08
1699,6.49,5.85,0.0933333333333333
1700,6.39,5.86,0.0966666666666666
1701,6.32,5.86,0.11
1702,6.24,5.86,0.12
1703,6.19,5.87,0.1533333333333333
1704,6.15,5.87,0.1533333333333333
1705,6.12,5.89,0.1233333333333333
1706,6.09,5.9,0.16
1707,6.09,5.93,0.2366666666666666
1708,6.08,5.95,0.2666666666666666
1709,6.09,6.01,0.3633333333333333
1710,6.1,6.05,0.3366666666666666
1711,6.11,6.07,0.32
1712,6.11,6.08,0.3666666666666666
1713,6.1,6.08,0.4433333333333333
1714,6.11,6.1,0.56
1715,6.11,6.12,0.5733333333333334
1716,6.12,6.15,0.51
1717,6.12,6.17,0.5133333333333333
1718,6.13,6.17,0.49
1719,6.13,6.17,0.5366666666666666
1720,6.12,6.16,0.53
1721,6.12,6.16,0.53
1722,6.11,6.16,0.5233333333333333
1723,6.07,6.13,0.52
1724,6.06,6.11,0.49
1725,6.05,6.09,0.48
1726,6.04,6.07,0.4833333333333333
1727,6.03,6.06,0.4566666666666666
1728,6.03,6.05,0.4266666666666667
1729,6.03,6.05,0.4033333333333333
1730,6.03,6.05,0.3233333333333333
1731,6.04,6.05,0.2466666666666666
1732,6.09,6.05,0.2
1733,6.15,6.05,0.1433333333333333
1734,6.23,6.07,0.0766666666666666
1735,6.3,6.11,0.02
1736,6.43,6.19,-0.0866666666666666
1737,6.58,6.3,-0.0333333333333333
1738,6.72,6.39,0.0366666666666666
1739,6.83,6.47,0.15
1740,6.91,6.56,0.36
1741,7.1,6.71,0.5866666666666667
1742,7.31,6.94,0.46
1743,7.48,7.12,0.4666666666666667
1744,7.72,7.29,0.4333333333333333
1745,7.88,7.47,0.32
1746,7.99,7.58,0.17
1747,8.09,7.55,0.17
1748,8.19,7.55,-0.0633333333333333
1749,8.25,7.5,0.0433333333333333
1750,8.3,7.43,0.1366666666666666
1751,8.29,7.4,0.26
1752,8.24,7.24,0.4733333333333333
1753,8.22,7.09,0.4633333333333333
1754,8.21,6.91,0.4133333333333333
1755,8.18,6.75,0.26
1756,8.01,6.61,0.1866666666666666
1757,7.83,6.48,0.1966666666666666
1758,7.62,6.42,0.29
1759,7.45,6.49,0.39
1760,7.4,6.72,0.8466666666666667
1761,7.4,6.82,0.8166666666666667
1762,7.13,7.08,1.8833333333333333
1763,7.09,7.09,1.913333333333333
1764,7.16,7.14,2.08
1765,6.87,7.25,2.1633333333333336
1766,6.63,6.98,1.6233333333333333
1767,6.59,6.67,1.4633333333333334
1768,6.65,6.54,1.5033333333333334
1769,6.74,6.42,1.4766666666666666
1770,6.6,6.36,1.5733333333333333
1771,6.59,6.38,1.8633333333333333
1772,6.58,6.39,1.95
1773,6.61,6.41,2.04
1774,6.63,6.52,2.21
1775,6.73,6.69,2.1633333333333336
1776,6.4,6.44,1.9866666666666664
1777,6.34,6.19,1.6566666666666667
1778,6.42,6.0,1.61
1779,6.46,5.95,1.6566666666666667
1780,6.48,5.99,1.7133333333333334
1781,6.52,6.05,1.7066666666666668
1782,6.53,6.06,1.7
1783,6.5,6.0,1.5566666666666666
1784,6.43,5.98,1.5
1785,6.62,6.0,1.0133333333333334
1786,6.77,5.97,0.7433333333333333
1787,6.87,5.9,0.5866666666666667
1788,6.87,5.83,0.5866666666666667
1789,7.04,5.81,0.3766666666666666
1790,7.17,5.84,0.3933333333333333
1791,7.13,5.79,0.3866666666666666
1792,7.06,5.74,0.4433333333333333
1793,7.05,5.71,0.5033333333333333
1794,6.96,5.67,0.5166666666666667
1795,6.86,5.66,0.45
1796,6.82,5.68,0.4433333333333333
1797,6.72,5.66,0.4
1798,6.62,5.66,0.3833333333333333
1799,6.52,5.67,0.31
1800,6.47,5.66,0.27
1801,6.4,5.67,0.2166666666666666
1802,6.35,5.67,0.2666666666666666
1803,6.33,5.71,0.21
1804,6.31,5.79,0.1933333333333333
1805,6.28,5.85,0.1733333333333333
1806,6.24,5.89,0.2133333333333333
1807,6.22,5.97,0.1866666666666666
1808,6.19,6.02,0.21
1809,6.17,6.06,0.2066666666666666
1810,6.17,6.09,0.2366666666666666
1811,6.16,6.13,0.24
1812,6.16,6.16,0.3066666666666666
1813,6.17,6.2,0.3566666666666667
1814,6.17,6.23,0.3466666666666667
1815,6.16,6.24,0.38
1816,6.13,6.23,0.3866666666666666
1817,6.07,6.22,0.3933333333333333
1818,6.03,6.21,0.4033333333333333
1819,5.96,6.21,0.4833333333333333
1820,5.95,6.21,0.4766666666666667
1821,5.93,6.2,0.5166666666666667
1822,5.91,6.19,0.5666666666666667
1823,5.89,6.18,0.5233333333333333
1824,5.88,6.17,0.5066666666666667
1825,5.89,6.17,0.5166666666666667
1826,5.9,6.17,0.5233333333333333
1827,5.9,6.17,0.5233333333333333
1828,5.88,6.16,0.55
1829,5.87,6.16,0.59
1830,5.87,6.17,0.57
1831,5.87,6.19,0.4833333333333333
1832,5.87,6.21,0.4833333333333333
1833,5.88,6.22,0.4566666666666666
1834,5.88,6.23,0.43
1835,5.88,6.24,0.43
1836,5.87,6.25,0.4333333333333333
1837,5.84,6.25,0.4266666666666667
1838,5.76,6.22,0.41
1839,5.64,6.19,0.4833333333333333
1840,5.55,6.14,0.5733333333333334
1841,5.46,6.11,0.75
1842,5.51,6.11,0.6533333333333333
1843,5.32,6.08,1.0366666666666666
1844,5.37,6.08,0.8866666666666667
1845,5.45,6.09,0.7433333333333333
1846,5.63,6.09,0.6033333333333334
1847,5.81,6.09,0.57
1848,5.9,6.08,0.5466666666666666
1849,6.11,6.08,0.4366666666666666
1850,6.24,6.04,0.3966666666666666
1851,6.18,6.0,0.4466666666666666
1852,6.13,5.99,0.8666666666666667
1853,6.08,5.88,1.16
1854,6.13,5.86,1.14
1855,6.2,5.88,1.1866666666666668
1856,6.42,5.99,1.1566666666666667
1857,6.71,6.12,1.106666666666667
1858,6.94,6.25,0.8233333333333334
1859,7.2,6.39,0.7233333333333334
1860,7.39,6.46,0.5666666666666667
1861,7.64,6.5,0.5633333333333334
1862,7.84,6.56,0.48
1863,7.96,6.63,0.3466666666666667
1864,8.13,6.72,0.0166666666666666
1865,8.25,6.76,-0.3466666666666667
1866,8.31,6.76,-0.44
1867,8.32,6.72,-0.2866666666666667
1868,8.29,6.7,-0.2333333333333333
1869,8.24,6.59,-0.0866666666666666
1870,8.17,6.43,0.11
1871,8.09,6.22,-0.0566666666666666
1872,7.81,6.1,0.14
1873,7.53,6.04,0.44
1874,7.31,6.05,0.85
1875,7.2,6.01,1.02
1876,7.18,6.03,0.7866666666666666
1877,7.11,6.2,1.4866666666666666
1878,7.0,6.36,1.5366666666666666
1879,7.0,6.35,1.86
1880,7.11,6.34,1.73
1881,7.15,6.36,2.066666666666667
1882,7.18,6.52,2.263333333333333
1883,7.07,6.58,2.26
1884,6.87,6.95,2.3233333333333333
1885,6.78,6.99,2.276666666666667
1886,6.82,7.04,2.1966666666666668
1887,6.88,7.09,2.143333333333333
1888,7.15,6.98,2.1166666666666667
1889,7.01,7.11,2.09
1890,6.94,7.04,2.043333333333333
1891,6.91,6.87,2.0966666666666667
1892,6.61,6.4,1.7733333333333334
1893,6.46,6.22,1.5133333333333334
1894,6.37,6.13,1.53
1895,6.38,6.16,1.5466666666666666
1896,6.41,6.01,1.4433333333333334
1897,6.47,5.86,1.4966666666666666
1898,6.48,5.82,1.2266666666666666
1899,6.83,5.94,0.8366666666666667
1900,7.0,5.87,0.5833333333333334
1901,7.09,5.71,0.5033333333333333
1902,7.13,5.66,0.4933333333333333
1903,7.23,5.61,0.4433333333333333
1904,7.24,5.57,0.42
1905,7.28,5.5,0.3766666666666666
1906,7.22,5.36,0.3933333333333333
1907,7.2,5.27,0.3366666666666666
1908,7.18,5.21,0.3
1909,7.17,5.18,0.2766666666666666
1910,7.17,5.14,0.2333333333333333
1911,7.15,5.12,0.2466666666666666
1912,7.04,5.1,0.24
1913,6.91,5.08,0.23
1914,6.88,5.09,0.24
1915,6.84,5.11,0.2133333333333333
1916,6.84,5.13,0.15
1917,6.84,5.14,0.1066666666666666
1918,6.79,5.2,0.0966666666666666
1919,6.73,5.3,0.0566666666666666
1920,6.66,5.38,0.0333333333333333
1921,6.58,5.45,0.0666666666666666
1922,6.52,5.52,0.0433333333333333
1923,6.46,5.59,0.0733333333333333
1924,6.44,5.67,0.0766666666666666
1925,6.38,5.74,0.0866666666666666
1926,6.35,5.8,0.1833333333333333
1927,6.31,5.85,0.1966666666666666
1928,6.29,5.89,0.1966666666666666
1929,6.26,5.92,0.2466666666666666
1930,6.21,5.94,0.32
1931,6.21,5.98,0.2866666666666667
1932,6.21,6.02,0.2633333333333333
1933,6.22,6.05,0.18
1934,6.2,6.07,0.19
1935,6.17,6.07,0.26
1936,6.16,6.06,0.2533333333333333
1937,6.14,6.05,0.3133333333333333
1938,6.13,6.04,0.2966666666666667
1939,6.14,6.04,0.2833333333333333
1940,6.14,6.04,0.28
1941,6.14,6.04,0.3
1942,6.13,6.04,0.3
1943,6.14,6.05,0.2933333333333333
1944,6.13,6.05,0.2933333333333333
1945,6.12,6.05,0.2966666666666667
1946,6.1,6.06,0.2966666666666667
1947,6.07,6.06,0.3066666666666666
1948,6.06,6.07,0.3066666666666666
1949,6.04,6.07,0.3866666666666666
1950,6.04,6.09,0.3666666666666666
1951,6.03,6.12,0.3466666666666667
1952,6.02,6.13,0.34
1953,5.99,6.13,0.3233333333333333
1954,5.99,6.15,0.35
1955,5.96,6.15,0.3566666666666667
1956,5.89,6.15,0.3666666666666666
1957,5.84,6.11,0.3866666666666666
1958,5.72,6.07,0.4533333333333333
1959,5.58,6.04,0.6033333333333334
1960,5.52,6.04,0.7233333333333334
1961,5.59,6.03,0.6433333333333333
1962,5.59,5.99,0.59
1963,5.76,6.0,0.5766666666666667
1964,5.81,5.97,0.57
1965,5.96,5.96,0.54
1966,6.06,5.96,0.4533333333333333
1967,6.04,5.94,0.4933333333333333
1968,6.01,5.93,0.58
1969,6.0,5.91,0.7533333333333333
1970,6.0,5.86,0.78
1971,6.12,5.85,0.9633333333333334
1972,6.33,5.93,1.0
1973,6.64,6.05,0.9
1974,6.95,6.08,0.8433333333333334
1975,7.26,6.2,0.8333333333333334
1976,7.48,6.28,0.5966666666666667
1977,7.68,6.37,0.5833333333333334
1978,7.86,6.48,0.5366666666666666
1979,8.06,6.65,0.36
1980,8.23,6.81,0.28
1981,8.38,6.95,-0.12
1982,8.52,7.09,-0.41
1983,8.6,7.15,-0.28
1984,8.62,7.12,-0.34
1985,8.59,7.04,-0.3333333333333333
1986,8.56,7.02,-0.24
1987,8.54,6.75,-0.2733333333333333
1988,8.47,6.51,-0.2333333333333333
1989,8.45,6.33,0.0133333333333333
1990,8.22,6.13,0.0533333333333333
1991,8.03,6.01,0.2766666666666666
1992,7.85,5.97,0.5166666666666667
1993,7.61,5.86,0.7666666666666667
1994,7.52,5.83,1.03
1995,7.47,5.86,1.2866666666666666
1996,7.5,5.87,0.9933333333333332
1997,7.35,5.92,1.39
1998,7.41,6.15,1.65
1999,7.34,6.15,1.4533333333333334
2000,7.42,6.25,1.8833333333333333
2001,7.44,6.44,2.1866666666666665
2002,7.17,6.91,2.236666666666667
2003,6.78,6.48,1.7666666666666666
2004,6.66,6.25,1.6833333333333331
2005,6.56,6.17,1.46
2006,6.47,6.18,1.2766666666666666
2007,6.58,6.25,1.2633333333333334
2008,6.67,6.24,1.28
2009,6.59,6.2,1.356666666666667
2010,6.54,6.21,1.4233333333333331
2011,6.48,6.21,1.47
2012,6.42,6.17,1.5166666666666666
2013,6.38,6.12,1.6033333333333333
2014,6.43,6.05,1.5566666666666666
2015,6.45,6.0,1.53
2016,6.48,5.9,1.5166666666666666
2017,6.49,5.85,1.5266666666666666
2018,6.5,5.78,1.54
2019,6.51,5.71,1.5466666666666666
2020,6.53,5.69,1.59
2021,6.64,5.65,1.5733333333333333
2022,6.64,5.55,1.5833333333333333
2023,6.76,5.53,1.3033333333333332
2024,6.97,5.52,0.93
2025,7.3,5.48,0.5733333333333334
2026,7.36,5.45,0.5433333333333333
2027,7.42,5.34,0.4066666666666667
2028,7.39,5.25,0.3733333333333333
2029,7.45,5.18,0.27
2030,7.45,5.12,0.2633333333333333
2031,7.43,5.04,0.28
2032,7.39,4.98,0.29
2033,7.37,4.96,0.2533333333333333
2034,7.27,4.93,0.2266666666666666
2035,7.16,4.91,0.1966666666666666
2036,7.01,4.89,0.1766666666666666
2037,6.95,4.86,0.1933333333333333
2038,6.95,4.89,0.1866666666666666
2039,6.89,4.92,0.2
2040,6.88,4.94,0.23
2041,6.86,5.02,0.2133333333333333
2042,6.82,5.13,0.14
2043,6.72,5.21,0.0966666666666666
2044,6.64,5.33,0.0133333333333333
2045,6.59,5.42,0.0233333333333333
2046,6.57,5.51,0.0
2047,6.52,5.6,0.0133333333333333
2048,6.5,5.7,0.0
2049,6.46,5.8,0.02
2050,6.44,5.88,0.02
2051,6.41,5.96,0.0233333333333333
2052,6.4,6.01,0.0733333333333333
2053,6.39,6.08,0.0933333333333333
2054,6.4,6.12,0.1333333333333333
2055,6.41,6.15,0.1333333333333333
2056,6.42,6.19,0.18
2057,6.43,6.2,0.17
